address,label,source,confidence,name
0x000000003e12b690b0418fe42538d1256d935e7d,1,poison_hunter,1.0,Phishing Address
0x0004218878b3192bec12520e5ea2543f63290b51,1,poison_hunter,1.0,Phishing Address
0x0005c0e3410565a5655abf9aef8af281374cac1a,1,poison_hunter,1.0,Phishing Address
0x000a4814ca015a7999eba639da0ea50cdcb3f0b0,1,poison_hunter,1.0,Phishing Address
0x0030370284e6e8e221a43aefa7f3df1d38e523a6,1,poison_hunter,1.0,Phishing Address
0x003bf9b7b4f7777a8fa5f5a7a042c0eaa5621f1c,1,poison_hunter,1.0,Phishing Address
0x005ce7ee014c00c5905edfa806f094202bda7898,1,poison_hunter,1.0,Phishing Address
0x006825268be637416a7a61729a085a7fecace409,1,poison_hunter,1.0,Phishing Address
0x0068fc80b036699e7ef53d2997d7a70fb6b9017b,1,poison_hunter,1.0,Phishing Address
0x006bdb8a84b2b157108151ee4d14de9cdb63012c,1,poison_hunter,1.0,Phishing Address
0x006d4d4d9bb416706a9843f119fb6ebbb94edab0,1,poison_hunter,1.0,Phishing Address
0x006fec8a68cfbd4eef7f0a9a0ef5b99cbd76dd60,1,poison_hunter,1.0,Phishing Address
0x0081f6e895ccf4bb68d6d1750fc9ea921d6b8fb3,1,poison_hunter,1.0,Phishing Address
0x0083e2afbc3efd683ec3b9d08f5187ff5d7038bb,1,poison_hunter,1.0,Phishing Address
0x0096b6319e7468c9edce56be3641c0651b639728,1,poison_hunter,1.0,Phishing Address
0x00997caa0a9152e5bbfde3a8e320eb8f712cd9a0,1,poison_hunter,1.0,Phishing Address
0x009c7cbb41640b6c621375f500685e1d0ea9d006,1,poison_hunter,1.0,Phishing Address
0x00a5af2d7b3e4c836c699bfe3b25d68343d2659a,1,poison_hunter,1.0,Phishing Address
0x00b7a4ce49ea5ca7ae4e5d7bbad460a7f695670a,1,poison_hunter,1.0,Phishing Address
0x00b876ff56bce5d4e8b824f3af67cac2d6ae2756,1,poison_hunter,1.0,Phishing Address
0x00ca7c1fdccdd3e62abef473f0cfb3adb7983661,1,poison_hunter,1.0,Phishing Address
0x00d1b808f730ff8bfa7d1daff969359de6c8c2e9,1,poison_hunter,1.0,Phishing Address
0x00d82be7202f50d0f396bfa640d10f42fef8dab5,1,poison_hunter,1.0,Phishing Address
0x00d945c12e455c6a5ca1f6747ab994476ef4ebf1,1,poison_hunter,1.0,Phishing Address
0x00e286b5b947e4689c1ad6791768b5301c3bc4d5,1,poison_hunter,1.0,Phishing Address
0x00e365c8ffb58b40858cbe04e35834e5ded1e2df,1,poison_hunter,1.0,Phishing Address
0x00e9aaedba1b1ee33bb7affa576d7911c897a8cc,1,poison_hunter,1.0,Phishing Address
0x00f9ee168f69b67c8fcb877ce606ac1419ff1b67,1,poison_hunter,1.0,Phishing Address
0x01096f6a390f68ef59a155bbc668c69ebcd8d345,1,poison_hunter,1.0,Phishing Address
0x010b8a631fa329e9f76b597136cac88d067f5cc1,1,poison_hunter,1.0,Phishing Address
0x010c3f11ae526f38fb5f267782649907fd42664d,1,poison_hunter,1.0,Phishing Address
0x010de7d32b5d59697b8fdec89a6d50be9dc855a9,1,poison_hunter,1.0,Phishing Address
0x0118796ca1f83dc5794f095a2e2189d9afc8b301,1,poison_hunter,1.0,Phishing Address
0x011aca08ac8f7bfd39104d4a5283d0f66651a566,1,poison_hunter,1.0,Phishing Address
0x011f08f799102d5654b7f6da2b861d5cb16b71cd,1,poison_hunter,1.0,Phishing Address
0x012c64792df426379cc3041f742ec7327b9a4fbf,1,poison_hunter,1.0,Phishing Address
0x012d600d67ac9b5cb23e30d83f7f7d5e58e50c53,1,poison_hunter,1.0,Phishing Address
0x013cf38630bae107751a9d915c71acf69b5f4138,1,poison_hunter,1.0,Phishing Address
0x014a03c0d8accf0a3c52967f30ce0386da1d3f08,1,poison_hunter,1.0,Phishing Address
0x0161d059f6620a1b64aa2078cde3e05ee206c1d7,1,poison_hunter,1.0,Phishing Address
0x01634df6d6bdb4963edd3a9580e6fb15715a024a,1,poison_hunter,1.0,Phishing Address
0x016a384ceb15de5117f2dae0742702456235f4f8,1,poison_hunter,1.0,Phishing Address
0x016b4a47cad88f5b0da647274e8f92eea6cb1917,1,poison_hunter,1.0,Phishing Address
0x016c1d7cb2af9c30b3514fe124f18f7c8bca0597,1,poison_hunter,1.0,Phishing Address
0x017ddbfb1028abef07ad530b0af1be705dee43a6,1,poison_hunter,1.0,Phishing Address
0x018d4f9fd62de53b0dbaa730c5ea0a08bd2bd6e1,1,poison_hunter,1.0,Phishing Address
0x0190a8cb67d7f3adea06c7dd68f7062936b0ddf4,1,poison_hunter,1.0,Phishing Address
0x019555f710db68c0f49b0fa88a0f114d87bb7069,1,poison_hunter,1.0,Phishing Address
0x01b719635b489315b22bc91d4b028dfbcd025a74,1,poison_hunter,1.0,Phishing Address
0x01e307a5dab85ef52d6ac9b7ebe5d5f4c3664209,1,poison_hunter,1.0,Phishing Address
0x01fe51d87a55a043a86c6ce1fe79dfd8da844301,1,poison_hunter,1.0,Phishing Address
0x020342284f9f8e43c9f95c359ce428dfbfbf8e49,1,poison_hunter,1.0,Phishing Address
0x021ecc158abac5f6028815fbda9a6f00992e1bb4,1,poison_hunter,1.0,Phishing Address
0x02272f9b52c3aa6e146800238ea401953af7c3e7,1,poison_hunter,1.0,Phishing Address
0x0237e1ffc5bb9cbc207450ba71f86577888cde3a,1,poison_hunter,1.0,Phishing Address
0x02482219a30ffc36c39232b4af28a0510d1296e3,1,poison_hunter,1.0,Phishing Address
0x02557d911797e062e496e99589b1d639fd05e812,1,poison_hunter,1.0,Phishing Address
0x02653c24132fd169acf6011916ab70f75f469538,1,poison_hunter,1.0,Phishing Address
0x026cd422266ac00d3d6e44c195b71c42a84bdeaa,1,poison_hunter,1.0,Phishing Address
0x0276e6c2b5f88d6bd67d1de2d4e0f0c7736a0696,1,poison_hunter,1.0,Phishing Address
0x0277d4b8ed5506a3829704e7b140b279410e9815,1,poison_hunter,1.0,Phishing Address
0x027b6710f6e5b8845fcbb67d83e7004b456335c0,1,poison_hunter,1.0,Phishing Address
0x027fd8fce86bdfa28531e7aefb9a6acb9fab35f4,1,poison_hunter,1.0,Phishing Address
0x028b29a0bdf7ea4abe4419b7beb45ad946b967b0,1,poison_hunter,1.0,Phishing Address
0x028bbd503b759f8c90d0a4d424d0943a0007b087,1,poison_hunter,1.0,Phishing Address
0x028f7c18bea8657ec6d4dda9361ad1cfdce267c3,1,poison_hunter,1.0,Phishing Address
0x0290818db9dc19a99fae9dc74b351fa14429dde3,1,poison_hunter,1.0,Phishing Address
0x029b5f471225e8f7f13841629fef1cdac9293817,1,poison_hunter,1.0,Phishing Address
0x02c0589f15a0ed2b2afb9bb302b2fb7b8852a24f,1,poison_hunter,1.0,Phishing Address
0x02c136001b6fad733d2cefcc28ea8044a5dc4282,1,poison_hunter,1.0,Phishing Address
0x02ca65324bcd443e3fd303c9ed1d4363634d8db9,1,poison_hunter,1.0,Phishing Address
0x02ddcb41e83b659f9d8772cd2c1d0a82d5b25815,1,poison_hunter,1.0,Phishing Address
0x02e15867fc3a67469123d0d11c52b8f69b026fb2,1,poison_hunter,1.0,Phishing Address
0x030462d2507396916a1d749a22410463a35173e8,1,poison_hunter,1.0,Phishing Address
0x030cc9e7dcef3bbc7bac3edd84a9c31506358e7d,1,poison_hunter,1.0,Phishing Address
0x03141249930b0ae80a6e2ebd62f2f8155b76f784,1,poison_hunter,1.0,Phishing Address
0x031663c6892c1b1cbc8f2418c59d8130dce73878,1,poison_hunter,1.0,Phishing Address
0x031ca6a6cf22cab8b7121764d3d78224ba662359,1,poison_hunter,1.0,Phishing Address
0x03246761dfb38f939709b173636d3db383a5ae30,1,poison_hunter,1.0,Phishing Address
0x034f1c81f1c154c54152ad38f53026bb1fd437c8,1,poison_hunter,1.0,Phishing Address
0x0352b6ba58dea793b468067d31f08c8e2a179171,1,poison_hunter,1.0,Phishing Address
0x03732a437dcb3c183ededcf5f9cb7cd4ca5dbbaa,1,poison_hunter,1.0,Phishing Address
0x03742f012f953f3b6911aababbf4b48432e3be3b,1,poison_hunter,1.0,Phishing Address
0x037b29e3b7c36719c42529997db9d33f1802bd31,1,poison_hunter,1.0,Phishing Address
0x03a77e6bf2fe28450d1bcbf8908997276cdc45b4,1,poison_hunter,1.0,Phishing Address
0x03bd439f41bd41308a5366cefae7557a5318595e,1,poison_hunter,1.0,Phishing Address
0x03d86a533e2931028ae9efd50ed34165e8d521bd,1,poison_hunter,1.0,Phishing Address
0x03d945fdf9498db69044ce821aec0c448b7cd3e3,1,poison_hunter,1.0,Phishing Address
0x03e2e8f2d799f2bf6fa9bf09fdcb131b39c932a3,1,poison_hunter,1.0,Phishing Address
0x040fbcc94abd2d92767cf914693b2cfdd8e66c07,1,poison_hunter,1.0,Phishing Address
0x04126269d40f5bb8fbe8a089096f871a49da98ad,1,poison_hunter,1.0,Phishing Address
0x041d9f88cce69e1f3cf073296056a5c1332db939,1,poison_hunter,1.0,Phishing Address
0x04396917cc213a98791196bd2b613d2161440597,1,poison_hunter,1.0,Phishing Address
0x044de8c625b8343eb97dcf15cb94d0f3258e5be2,1,poison_hunter,1.0,Phishing Address
0x0467e4b772763093bf2d22452c707aa7e7956e75,1,poison_hunter,1.0,Phishing Address
0x048878afad29585f423b580c14dc750bab9d3575,1,poison_hunter,1.0,Phishing Address
0x0491491dc7e5452438b8933f5934df2b24b909e5,1,poison_hunter,1.0,Phishing Address
0x0491d64c1157cad6eb42acb37aabfac3f1ec71be,1,poison_hunter,1.0,Phishing Address
0x049469588096070fe6a280249162783135c556da,1,poison_hunter,1.0,Phishing Address
0x04a9e9039ae2d2cd273871b4d9fc4840914987ef,1,poison_hunter,1.0,Phishing Address
0x04bad6e426ceacb3b7904f480ec483b9ad1c2378,1,poison_hunter,1.0,Phishing Address
0x04c079bb44b954ca14b3c43d3819e21082957058,1,poison_hunter,1.0,Phishing Address
0x04db1a608a4541eeacb0c941461922d61ed9aebd,1,poison_hunter,1.0,Phishing Address
0x04e7982416ee08ad6035e8f4c64a98660aaee290,1,poison_hunter,1.0,Phishing Address
0x04f2be2673c6735513a43d9b0012a2a4e9af2e6f,1,poison_hunter,1.0,Phishing Address
0x04f304663bdf944b708ec16fed0acc8366baa103,1,poison_hunter,1.0,Phishing Address
0x050b17c997c95bf42ee2cc5101aaaeb3b09884b1,1,poison_hunter,1.0,Phishing Address
0x050d98876a61fca1056cc6025f5e1605ca418c86,1,poison_hunter,1.0,Phishing Address
0x05134cace1b39249b0204b74b9a4e039fa9ae2a6,1,poison_hunter,1.0,Phishing Address
0x05194371a6c7f0e6f87e972feb1b6eca37bd5aa1,1,poison_hunter,1.0,Phishing Address
0x052b2fd0c02470b1770a413e664d474ea7b83249,1,poison_hunter,1.0,Phishing Address
0x0535210d377e6f7aa15699b274eb3db8ffa619a4,1,poison_hunter,1.0,Phishing Address
0x0536efbbd184d05f26cb7e5454718b3a0e744411,1,poison_hunter,1.0,Phishing Address
0x0537801c198652c80b42712874a38294f2006b23,1,poison_hunter,1.0,Phishing Address
0x0547c961025ddc08a07655034ceecfbe5386ec7d,1,poison_hunter,1.0,Phishing Address
0x054e14cdb4ba3f31188e426b4ae81af631b508e3,1,poison_hunter,1.0,Phishing Address
0x0551001b2fde27b95ff059078b19e9609654073b,1,poison_hunter,1.0,Phishing Address
0x05518175ddc3bba650e784b310879f19858f80d4,1,poison_hunter,1.0,Phishing Address
0x055642eba30b21dda5810ad4dc3ce749eb7340ac,1,poison_hunter,1.0,Phishing Address
0x0558c18886b152b4922f5d4714ee87064d3e8d97,1,poison_hunter,1.0,Phishing Address
0x055be49c09d51606fcdadcdc65c3ef4507f458fa,1,poison_hunter,1.0,Phishing Address
0x055e26749b6344b21fb5c11d403e08041a2d8c88,1,poison_hunter,1.0,Phishing Address
0x056e09745100f1119ceeeb8c517d5d47fd110a41,1,poison_hunter,1.0,Phishing Address
0x057b3d036bcafa2fffcb95b030f6cb261cf88f55,1,poison_hunter,1.0,Phishing Address
0x0584de188b18fb75b44e734590b7a648aef972fc,1,poison_hunter,1.0,Phishing Address
0x059000a51f02600ef8fc81543392c346a0979e9c,1,poison_hunter,1.0,Phishing Address
0x059b1d263dbd6b83d2630ca2b6e078876af79c5f,1,poison_hunter,1.0,Phishing Address
0x05a0ec97155efe9da60a3f7e9e5dc5138e99ba41,1,poison_hunter,1.0,Phishing Address
0x05b1b0d4ce9974b866a8e970e19ecd8423daf497,1,poison_hunter,1.0,Phishing Address
0x05e07bdafff45d5e0740dd91415e6798d2107aa3,1,poison_hunter,1.0,Phishing Address
0x05eff9bad60b6a37ce7f30caf563b5197ed7ece7,1,poison_hunter,1.0,Phishing Address
0x05f9ae30e95345703e69f5900c1d526c8dcb0ea7,1,poison_hunter,1.0,Phishing Address
0x06025d918507795a197e33d4c68715cc8c576aea,1,poison_hunter,1.0,Phishing Address
0x06045d3904e8928359215c3b07e08d10862b6daa,1,poison_hunter,1.0,Phishing Address
0x0606e6fcd421fb27f9ca620d60cd00bbaee43b92,1,poison_hunter,1.0,Phishing Address
0x060b9dff35e05733e7120d3e6f29e08ab477399d,1,poison_hunter,1.0,Phishing Address
0x0614146102b3d735781ea6c5d62518f764e6315c,1,poison_hunter,1.0,Phishing Address
0x0619cc2f2706a59cbbbc16bf8c45607025f941f6,1,poison_hunter,1.0,Phishing Address
0x06399b726108ffbb6dc97e001e2356eebe9a49a8,1,poison_hunter,1.0,Phishing Address
0x063a10aa687667527650f3c970a247011da49a73,1,poison_hunter,1.0,Phishing Address
0x064aef9011b0d9eeb634d5aedb9ed07694ae8b03,1,poison_hunter,1.0,Phishing Address
0x066d2c316f0617c31da4e5c495e823bc52b79631,1,poison_hunter,1.0,Phishing Address
0x0677c170ffabf6dc602375a9696cc8e74f34eb4d,1,poison_hunter,1.0,Phishing Address
0x06920c6f812e167bab1b8bac197545d5c6a61acd,1,poison_hunter,1.0,Phishing Address
0x0693907228bbf71215569c5648d86cec86b9c186,1,poison_hunter,1.0,Phishing Address
0x069bb1e33714f79bdbf6074d61f608ec648c0d40,1,poison_hunter,1.0,Phishing Address
0x06a0150171ea7b9ba3095ed2674cdc59d88a365a,1,poison_hunter,1.0,Phishing Address
0x06a4be1195336653c3d0559d830553284be5b91a,1,poison_hunter,1.0,Phishing Address
0x06a74f71c65180a00e2a4ef0ec90c1961dd648de,1,poison_hunter,1.0,Phishing Address
0x06a79bad83e35ab936ce707e0e3697969025478a,1,poison_hunter,1.0,Phishing Address
0x06afc3f49ab993cfb8882be76d1af454d4a22b98,1,poison_hunter,1.0,Phishing Address
0x06c7eb35557a38845ad99a5618eda9657cf6555f,1,poison_hunter,1.0,Phishing Address
0x06d59a9d4413e1d261714ecd53637ff8cc533199,1,poison_hunter,1.0,Phishing Address
0x06d6082b9cc272934e01a5aef8cd10c344f9b27a,1,poison_hunter,1.0,Phishing Address
0x06d677e6d0ec1211ff155a2805b147f47c2fe01e,1,poison_hunter,1.0,Phishing Address
0x06eff393b07fc6e110fcb7df1a8731492b3e5ea1,1,poison_hunter,1.0,Phishing Address
0x06f35359142e31d5acaba8406c86b82a3daaf09b,1,poison_hunter,1.0,Phishing Address
0x06f82c4d6b934dd1609f08defbf259bcf7bb67aa,1,poison_hunter,1.0,Phishing Address
0x0703060fc88df84f375add6634278794c77835b1,1,poison_hunter,1.0,Phishing Address
0x0708c9b8fbfc2e907aa67dad235aa50aedd88b34,1,poison_hunter,1.0,Phishing Address
0x0709b1039a41bd0c943dd3bc1e8a912f5409a53d,1,poison_hunter,1.0,Phishing Address
0x0714c1148554cae56f5285944f9107bbbb10d2a6,1,poison_hunter,1.0,Phishing Address
0x0714d76a7b2e48d2b4f522eb4f8981c5eb73c3be,1,poison_hunter,1.0,Phishing Address
0x0719d2c39cc91a57cb2a7588a8ce25aa4c602661,1,poison_hunter,1.0,Phishing Address
0x0726565940e32387bdfcce38e0ade3ea580da9fa,1,poison_hunter,1.0,Phishing Address
0x0739ec23734eda1470c2a873170fec24663e6eda,1,poison_hunter,1.0,Phishing Address
0x073cde49b93d2b7421f3638df4ab4cdc9191197f,1,poison_hunter,1.0,Phishing Address
0x075ae44ed315df1556932f5e07863609fe7bb444,1,poison_hunter,1.0,Phishing Address
0x0768f379e3b4ac123532c7d3b4fb481f3e33fe00,1,poison_hunter,1.0,Phishing Address
0x076ce1eba184f55841f607b1a451e9e120b0c9a3,1,poison_hunter,1.0,Phishing Address
0x0773e9731b7f11c81e65feae422fb90147662b9a,1,poison_hunter,1.0,Phishing Address
0x077df4422cbc3911683cf19cde5af4f276f0ec93,1,poison_hunter,1.0,Phishing Address
0x07867ba33588cb18048ebada59d272fb99bb052f,1,poison_hunter,1.0,Phishing Address
0x07952ca3ae54eb3b7ef243519dd89a3fe492115b,1,poison_hunter,1.0,Phishing Address
0x07a169018b4aa1d41bac098531ad8ba9e79b6fc8,1,poison_hunter,1.0,Phishing Address
0x07a34a5afdf8638c807d96c2900adb146f96435b,1,poison_hunter,1.0,Phishing Address
0x07a59e049a46da461b3f0f6d5c2d1d5da655f33e,1,poison_hunter,1.0,Phishing Address
0x07b1d44f7de4bbe59d8ba4ca5ea711c68d1ee9fb,1,poison_hunter,1.0,Phishing Address
0x07ba940a04dd8d8640a9a4cb334a493734e70029,1,poison_hunter,1.0,Phishing Address
0x07d804dd54928fbaf7b6c5e3cd83015dee0427d4,1,poison_hunter,1.0,Phishing Address
0x07dcb24292298ac5d65ed3eaed34f0ef2af384f9,1,poison_hunter,1.0,Phishing Address
0x07dd7f5f6c325321fabfb56b02ad52a39c5c2b13,1,poison_hunter,1.0,Phishing Address
0x07f82cea0de0a83759d7f8c63c3474738868755e,1,poison_hunter,1.0,Phishing Address
0x07fbb175970f436f3b09ab94cd48e47e7853719e,1,poison_hunter,1.0,Phishing Address
0x080bcb5b0c2509013b2f4dd141c983e52e22297b,1,poison_hunter,1.0,Phishing Address
0x08132610be7ac1eb3fb5fa9c5f342f92002c3bfc,1,poison_hunter,1.0,Phishing Address
0x0813cffcb095b54003fff4cdb655e2902e7ad4e8,1,poison_hunter,1.0,Phishing Address
0x081d6b75c579ce7c15e657687b87f385b06a7dd6,1,poison_hunter,1.0,Phishing Address
0x082509f705acf22dfdb3eeed8de8f6038e52c1b1,1,poison_hunter,1.0,Phishing Address
0x0837bed9c8acd7a855544b8910754eee3ae2815b,1,poison_hunter,1.0,Phishing Address
0x083a152269f30409eb133d1033cd79bd95f09571,1,poison_hunter,1.0,Phishing Address
0x084f5be477dd3f4dcc238cc3954027ed643abb95,1,poison_hunter,1.0,Phishing Address
0x085ab19028bfdf87a8b90346a4726dfbe00467d6,1,poison_hunter,1.0,Phishing Address
0x086d521ea2b05ab7e1bec693352b1758ecf59ee4,1,poison_hunter,1.0,Phishing Address
0x0877e5d2b0cd479c85b0f125b51f4014ca981e93,1,poison_hunter,1.0,Phishing Address
0x0877e5d5660eb1a0777db808b24d1f4c6a981e93,1,poison_hunter,1.0,Phishing Address
0x087ecdb2f697858f9e5e562da52a1ec5c25df8eb,1,poison_hunter,1.0,Phishing Address
0x087ef8eb29ff2c095216a88fb40157c96c705cdb,1,poison_hunter,1.0,Phishing Address
0x0893de6faefbb5bf37c7f22b5974e59c11abf68c,1,poison_hunter,1.0,Phishing Address
0x08ad87707c8b832af4a2cf78b0dec3d292c0dcd9,1,poison_hunter,1.0,Phishing Address
0x08af775c24cfa3ce7967ed2e217b366f4d3459ba,1,poison_hunter,1.0,Phishing Address
0x08d868c74cb80af6d52d4ba389028f02b2650401,1,poison_hunter,1.0,Phishing Address
0x08e0905a34416aa228560ed56abf2f0a2bb0f43b,1,poison_hunter,1.0,Phishing Address
0x08ec4b82d9e6ad9130fffbbd7f9eadbaac4ecbd8,1,poison_hunter,1.0,Phishing Address
0x08f91209de208a2a45013fc0b1d8238ce250c5f1,1,poison_hunter,1.0,Phishing Address
0x08ff6a4f6739b8e6d9b402b626bdc083a03bd802,1,poison_hunter,1.0,Phishing Address
0x09011b309301aa258b0a0239bf4310617be973ad,1,poison_hunter,1.0,Phishing Address
0x0910370315785f76916d832f9a2c818c358eb839,1,poison_hunter,1.0,Phishing Address
0x09280379b157b85d9896fced8ed6f1b4236f9717,1,poison_hunter,1.0,Phishing Address
0x092bacbea232c1d82e0b9fb15932ec137d7ef104,1,poison_hunter,1.0,Phishing Address
0x09398f1f8cf895d2021b31b0ccc6b2f5c0188c27,1,poison_hunter,1.0,Phishing Address
0x093ddf41c50f19d49fd752b58148166042a904fa,1,poison_hunter,1.0,Phishing Address
0x0943e77c51a62636c5e67e1dd3dfb130bc64da9c,1,poison_hunter,1.0,Phishing Address
0x0954fdf9b835ce0ad78b85f98b78b1f974ec8ee5,1,poison_hunter,1.0,Phishing Address
0x095e2445691cec5e65a7411d220f715b5a68acb9,1,poison_hunter,1.0,Phishing Address
0x095e7c078713f28f593018b401297e7047a2265a,1,poison_hunter,1.0,Phishing Address
0x0961ed6c9ba7fb4ff90ec14348803f3d51d1e4ae,1,poison_hunter,1.0,Phishing Address
0x09686b1e0bd1de518ad67a04ae138e676f2d962c,1,poison_hunter,1.0,Phishing Address
0x096a6cdc108c823bebc0e877e19a1b4fdfa812ef,1,poison_hunter,1.0,Phishing Address
0x096fdb602dcc76a29cf0bb01e8a882a65069c008,1,poison_hunter,1.0,Phishing Address
0x097114351baacc778d5d6fce2a7e759e1b930b7e,1,poison_hunter,1.0,Phishing Address
0x0981a0ffedecba0cb7cc7a95220d28ca110dbb3e,1,poison_hunter,1.0,Phishing Address
0x098b6e719cb631d46c70289c406e8e9f6f571c04,1,poison_hunter,1.0,Phishing Address
0x099642cb65f65ec34133278203b004cef684df45,1,poison_hunter,1.0,Phishing Address
0x099a0521bf05102b4775066568a1495ebc18d3b4,1,poison_hunter,1.0,Phishing Address
0x09a723b0979162926ffea9a1832cd1730c1bb97a,1,poison_hunter,1.0,Phishing Address
0x09aa1f3fb5a9ed4e3b5b7f44fe4d84494172440b,1,poison_hunter,1.0,Phishing Address
0x09b0bdd7cd571c734b5cb3148c7716aa1db4056c,1,poison_hunter,1.0,Phishing Address
0x09bb1ca417600472fc1811f1e91a95217809848d,1,poison_hunter,1.0,Phishing Address
0x09bd204abe3086682020907609f8e81562266427,1,poison_hunter,1.0,Phishing Address
0x09c4eea840dec4464088194988d39235c43baed9,1,poison_hunter,1.0,Phishing Address
0x09cfee8db2df890a7ea1be03d2be3a1eae37d4c6,1,poison_hunter,1.0,Phishing Address
0x09e41f918fcd20768d0dfcdebe256e6f1d4ed524,1,poison_hunter,1.0,Phishing Address
0x09e64dd3c3bdbb34816d1d8eab38cced2a7a465f,1,poison_hunter,1.0,Phishing Address
0x09ef5a92fc25425a44454c14d6cdcbeecdf91cbf,1,poison_hunter,1.0,Phishing Address
0x09f0776bac3214f949da2906c805dd18b08cb43e,1,poison_hunter,1.0,Phishing Address
0x0a1bb2550fab47beb22fdbbdd324b866a2b9b3f5,1,poison_hunter,1.0,Phishing Address
0x0a1f39cc255fbfc366b1305f50fa807b4ace93f6,1,poison_hunter,1.0,Phishing Address
0x0a235a79ab5fc44a06b1d6798dc9e5b2968fc9f9,1,poison_hunter,1.0,Phishing Address
0x0a26e34ae065b8bb2caa64d611be1cd4b6ba46ad,1,poison_hunter,1.0,Phishing Address
0x0a28c7a4eb1d72ed8b4b51fd47d742a2c7028473,1,poison_hunter,1.0,Phishing Address
0x0a32a73211daee6586bae402251638cadc5d929b,1,poison_hunter,1.0,Phishing Address
0x0a35583f733e62b766669738a01a4ce2d5bf4da2,1,poison_hunter,1.0,Phishing Address
0x0a40e31bb0a52fb0c4e0cc4d45c490dea3c0b294,1,poison_hunter,1.0,Phishing Address
0x0a4102d269a7acf2fe55056e73693f430ac8177c,1,poison_hunter,1.0,Phishing Address
0x0a455f31338aa7bd2a80f8b311aae190a1b52412,1,poison_hunter,1.0,Phishing Address
0x0a57e549a85ac95cf5bcfaf0aa1188ccbf957213,1,poison_hunter,1.0,Phishing Address
0x0a6af664f364232ccaceceaa8e79dbde2d8873cf,1,poison_hunter,1.0,Phishing Address
0x0a708125426121a24515f842d6de5359e797a1a1,1,poison_hunter,1.0,Phishing Address
0x0a714ac8c11e67f380c7020aa93809d03907c2f0,1,poison_hunter,1.0,Phishing Address
0x0a7380360b81983b22f9ba4c3ae4d3977bfb402d,1,poison_hunter,1.0,Phishing Address
0x0a7b58b804ab4e06d890d219fa53a9e10859384c,1,poison_hunter,1.0,Phishing Address
0x0a7e20ad5466ad7fa836da29604fd09cdeee2f2e,1,poison_hunter,1.0,Phishing Address
0x0a87a2373ae67af7aa070132b75afc1c8edf9dea,1,poison_hunter,1.0,Phishing Address
0x0a8dbfed15b1a24b6fdd27c66baa552350e52447,1,poison_hunter,1.0,Phishing Address
0x0a948e7a9a54f3273547a21570b3d529ce3ee47a,1,poison_hunter,1.0,Phishing Address
0x0a9a4a8be08df84d0adf0d3ca54a12aced8e97b1,1,poison_hunter,1.0,Phishing Address
0x0aa17bf842eb4f778f79afe70c78ea4566a131cc,1,poison_hunter,1.0,Phishing Address
0x0aaf72daca41674643b3360d1ce7d56b70b3d3d4,1,poison_hunter,1.0,Phishing Address
0x0ab82cb592d9f3c4bbabf02fa8057700322f4ecf,1,poison_hunter,1.0,Phishing Address
0x0ac85409d7c4e4494859507517ea19721675c741,1,poison_hunter,1.0,Phishing Address
0x0ac94bba4076c5986b4fbcdcccd25d0ac22f218b,1,poison_hunter,1.0,Phishing Address
0x0ac9dc267f1553ea85706c073e51751187776374,1,poison_hunter,1.0,Phishing Address
0x0acddeedaaa2de3389014508fb4e37cc3cc151a4,1,poison_hunter,1.0,Phishing Address
0x0ad1fd29992870c9d1ed2d27d74c76054c4a840d,1,poison_hunter,1.0,Phishing Address
0x0ae340a232cceb170f4ce69167b46ed4ac7bdc0b,1,poison_hunter,1.0,Phishing Address
0x0ae7cc07411557a12dab6eaf2f270cd53199da61,1,poison_hunter,1.0,Phishing Address
0x0af0cc63af1d34f7ae05223fd4ed3f0264adaebc,1,poison_hunter,1.0,Phishing Address
0x0af49dd46b336bd2277366a04769a64f534122f8,1,poison_hunter,1.0,Phishing Address
0x0aff03fafdaba1d2208395baa990d723173ddb0b,1,poison_hunter,1.0,Phishing Address
0x0b0ff357f47cc5ddb157f2bf5d2c7c696b79b3e6,1,poison_hunter,1.0,Phishing Address
0x0b14d8eb850c4fe9b912739310aac555beebdb0b,1,poison_hunter,1.0,Phishing Address
0x0b4b74ab05d4e642bf981cb71282ff051c68bf03,1,poison_hunter,1.0,Phishing Address
0x0b6c83093e19cad9469e8cf7d33254d8cdfebe4f,1,poison_hunter,1.0,Phishing Address
0x0b6ef0a0f8726adbce1b62059282b9ea243cff26,1,poison_hunter,1.0,Phishing Address
0x0b6f6462012a0f818139954e457c361344516b2f,1,poison_hunter,1.0,Phishing Address
0x0b72fb397edde049d8243c0c6e1607a778d8cc7f,1,poison_hunter,1.0,Phishing Address
0x0b92defe1bec7b2a79b21584ccdd13dd3310c016,1,poison_hunter,1.0,Phishing Address
0x0bb8ee5e912be8f2af3971a2a737916d10b10979,1,poison_hunter,1.0,Phishing Address
0x0bc135eba1d20ec5a01048fee4993773683a8b25,1,poison_hunter,1.0,Phishing Address
0x0bc3e8c1ca1fccc898109591e62a366d41216326,1,poison_hunter,1.0,Phishing Address
0x0bc9a348dc5ce482766f78072b1a5d7ae28e24cc,1,poison_hunter,1.0,Phishing Address
0x0bcaa3558835c04e7f2f40dedef70f6e6198b61b,1,poison_hunter,1.0,Phishing Address
0x0bcdb4dda699f0c3953fb902aa10f7d5dbae3a19,1,poison_hunter,1.0,Phishing Address
0x0be19bce2553afd58a9d6529fd546740bccc872a,1,poison_hunter,1.0,Phishing Address
0x0be53cf45ce06405d351333dcbcc81ed129da280,1,poison_hunter,1.0,Phishing Address
0x0bed0174b39982d379bfd0745d517599f8579ff4,1,poison_hunter,1.0,Phishing Address
0x0bf2ab04aa27db4abb12c63560d17b38e87e9aa2,1,poison_hunter,1.0,Phishing Address
0x0bf5c7d10b67ccf913147df0dddf43e69aacabe1,1,poison_hunter,1.0,Phishing Address
0x0bf837ebd8390a2d0b75807bbbc56a31c766c24a,1,poison_hunter,1.0,Phishing Address
0x0c0183cc26681c398a6b8a44938e501facf39373,1,poison_hunter,1.0,Phishing Address
0x0c033e4e30609371edc586475b4bdc62bd321772,1,poison_hunter,1.0,Phishing Address
0x0c0427b895bfdf735d7b3bcc3c93b68cd48e9d9c,1,poison_hunter,1.0,Phishing Address
0x0c08052bf98f306ddf8482c00f29fd63b57e72cc,1,poison_hunter,1.0,Phishing Address
0x0c2677ab47249b78549dfb31a821fd3c07262c12,1,poison_hunter,1.0,Phishing Address
0x0c41379876d6d892fe288da02480aa70d07dc797,1,poison_hunter,1.0,Phishing Address
0x0c494940ca9ecf3849e03b30c0efc64dcaffebfe,1,poison_hunter,1.0,Phishing Address
0x0c63765c539b0c7ce87d569e525550698afbf68f,1,poison_hunter,1.0,Phishing Address
0x0c70df5117ee20c6f3ce938401603428a421c58f,1,poison_hunter,1.0,Phishing Address
0x0c72749b181cd43ff866d897c7ec4ace16f65003,1,poison_hunter,1.0,Phishing Address
0x0c743f29b1a30836de1001e8d494158fab49fbf6,1,poison_hunter,1.0,Phishing Address
0x0c77526a86172ec861525e2a61495bfdec3a5e8e,1,poison_hunter,1.0,Phishing Address
0x0c7eb367c273be2910f25c108520ae9c9f10d66d,1,poison_hunter,1.0,Phishing Address
0x0c862623af7343f32daf9bcd63c676c79eba767c,1,poison_hunter,1.0,Phishing Address
0x0c895ce72c5f8dcdaa7be71020c91f4fad95a474,1,poison_hunter,1.0,Phishing Address
0x0c901f1d43f3c94716f5fcf4d7d4c5c4236e7936,1,poison_hunter,1.0,Phishing Address
0x0c913002e05158ce1cb64426d549ba612b168987,1,poison_hunter,1.0,Phishing Address
0x0c98c64358326a1b7f4ee8abea91342aa40340a6,1,poison_hunter,1.0,Phishing Address
0x0ca1e48348ca30ff5aad711e3905131f487cde68,1,poison_hunter,1.0,Phishing Address
0x0cc67bf78e86c4e816dc494f4748577bc1a844af,1,poison_hunter,1.0,Phishing Address
0x0ccae3382409c9718eee71fcb212c61128c899ca,1,poison_hunter,1.0,Phishing Address
0x0ce78f24d637982de8f64c1c28978822584c7f00,1,poison_hunter,1.0,Phishing Address
0x0cf162dc1fa04c62c1ca00ade74270acaab71de9,1,poison_hunter,1.0,Phishing Address
0x0cf4de6a94ab834a870f03fa98263b0daaccbeb8,1,poison_hunter,1.0,Phishing Address
0x0cfb2ad579206039b8d556dcf46cbab28877e579,1,poison_hunter,1.0,Phishing Address
0x0cfb658a8c3c82e5de3de7e646b55930b515e3c0,1,poison_hunter,1.0,Phishing Address
0x0d068b8cac035e4d652ea3b46b467d4698dbe8d2,1,poison_hunter,1.0,Phishing Address
0x0d11520b9633757674d23ce3b8d9ae5675a7718e,1,poison_hunter,1.0,Phishing Address
0x0d211225248c8008ce6b8a14dc851071a924eab4,1,poison_hunter,1.0,Phishing Address
0x0d444b17428c40c8d7d4f3aee825dbcdefa58919,1,poison_hunter,1.0,Phishing Address
0x0d4edba09e9d68778c9a4f437e405f159b046506,1,poison_hunter,1.0,Phishing Address
0x0d528153c8f3a41d7b5c862086b7d1483002c847,1,poison_hunter,1.0,Phishing Address
0x0d5f9749ac3516fee2074cad65972ed5513a5d2d,1,poison_hunter,1.0,Phishing Address
0x0d787ea2c2a83180a312c8b30c287ba305fae6c1,1,poison_hunter,1.0,Phishing Address
0x0d7a271c0c311ff8329a465020d678ba6f2506fa,1,poison_hunter,1.0,Phishing Address
0x0d7e76f7b1a1ed2f4eb3ac7a96b38eb00d418e71,1,poison_hunter,1.0,Phishing Address
0x0d80c3fa02b4000249876c75135c6f84748d743e,1,poison_hunter,1.0,Phishing Address
0x0d945019e5f9bba037b22adcd40a5c3108287802,1,poison_hunter,1.0,Phishing Address
0x0da2fb693e162a7bdc76b6309d8dd13e673be383,1,poison_hunter,1.0,Phishing Address
0x0dbb1da2ca2637bcdc9300f9dc0c9de53df6ef41,1,poison_hunter,1.0,Phishing Address
0x0dc2f6c4386ef45c86f55200fe90a25f783b52a8,1,poison_hunter,1.0,Phishing Address
0x0dc49c0a9a1019c44b894e6bbaa2a127f1e80c97,1,poison_hunter,1.0,Phishing Address
0x0dd8cea697e7cf14d6a1c08468e2ea344099bcc3,1,poison_hunter,1.0,Phishing Address
0x0ddb2447ab30a17445eb710918ec7856e5a47c4c,1,poison_hunter,1.0,Phishing Address
0x0ddc2a7d9440c230cbb26b4736f90a504a425e61,1,poison_hunter,1.0,Phishing Address
0x0df7e263988e79fb3091128b98399e6269d98618,1,poison_hunter,1.0,Phishing Address
0x0e048e414348f6cff2810808b2dd724ecc769ee7,1,poison_hunter,1.0,Phishing Address
0x0e048e41bc92c2b0bea8b4a06c87640b3d769ee7,1,poison_hunter,1.0,Phishing Address
0x0e064588fd47200ccaadc6fd0630ad52dc761093,1,poison_hunter,1.0,Phishing Address
0x0e19b31a6a7ec97b31feafe8a61f81968fef697f,1,poison_hunter,1.0,Phishing Address
0x0e1b2b2d128090663c6f3abdd6b05ada3f93272e,1,poison_hunter,1.0,Phishing Address
0x0e213af7847f20902302013d83c5d35135b6883e,1,poison_hunter,1.0,Phishing Address
0x0e2f041fb29c8521718efb147401031bbc681ee3,1,poison_hunter,1.0,Phishing Address
0x0e3611eedb4fc1e1d454a037094c9975282f9c21,1,poison_hunter,1.0,Phishing Address
0x0e3a6942ba1f6bc52ae49a2dd8531dfe6584ab42,1,poison_hunter,1.0,Phishing Address
0x0e4b2df6bf3c7894f87890a3ffe4cbd5493ba9fb,1,poison_hunter,1.0,Phishing Address
0x0e4bcfdbb3fe231a41267de6bbfc6713b927bfcd,1,poison_hunter,1.0,Phishing Address
0x0e56a71c91fd382fab0d6506cafce1d382fbf7a2,1,poison_hunter,1.0,Phishing Address
0x0e59812d5c99f81363297cc4c49ccc4c9ad2af99,1,poison_hunter,1.0,Phishing Address
0x0e5e31a96f5d9cede7f1440aa45d724847844d3c,1,poison_hunter,1.0,Phishing Address
0x0e66e4db8da92205688121b85f3640125fc9fca1,1,poison_hunter,1.0,Phishing Address
0x0e6d3e692e0709b95c87f10bd36ad414d59dd91d,1,poison_hunter,1.0,Phishing Address
0x0e7daf278358dc76b710f5e449f4edf19863b367,1,poison_hunter,1.0,Phishing Address
0x0e94d269cef81b880f2a76faf56aede47c27f0a2,1,poison_hunter,1.0,Phishing Address
0x0ea226625b76070278642e4910a93adc80936ece,1,poison_hunter,1.0,Phishing Address
0x0eb3dd966dc15d4ca8a2c2d98d5491628bd50f14,1,poison_hunter,1.0,Phishing Address
0x0ecad7c0341148157d8988506fc8b29ec3adff04,1,poison_hunter,1.0,Phishing Address
0x0ed2aec7b980c09850fabfd206657b55d5338482,1,poison_hunter,1.0,Phishing Address
0x0ed8cf14121c164269e819d37e9dc2fe3f0223ec,1,poison_hunter,1.0,Phishing Address
0x0ed8f8c5dafa6db9f0ccb9f24fbe7aab0c57daa7,1,poison_hunter,1.0,Phishing Address
0x0eeb23207b695a1b4d95de2eab10601a450ae997,1,poison_hunter,1.0,Phishing Address
0x0eee58b51ed3a2363fde668a1ce936777ce96d88,1,poison_hunter,1.0,Phishing Address
0x0ef4691d3f3586ba8fd7ae114fc93f0531489a4d,1,poison_hunter,1.0,Phishing Address
0x0ef68ae886ba08e5c594dcf71c6ef9865d30d8ae,1,poison_hunter,1.0,Phishing Address
0x0f01c41d0569b4bc2276c49726628faeba251f36,1,poison_hunter,1.0,Phishing Address
0x0f1aee049f9d4ebdbaf66bf59163be92a259dd36,1,poison_hunter,1.0,Phishing Address
0x0f1c7b0aeae5263336fac67bf5d2e7e3aaeb3b84,1,poison_hunter,1.0,Phishing Address
0x0f298f3e388480744502369a19261292c05075c1,1,poison_hunter,1.0,Phishing Address
0x0f31425e8744ebec56c099573d6ba3b293fdaa41,1,poison_hunter,1.0,Phishing Address
0x0f370f441a1459234b17769230aca4a453383aec,1,poison_hunter,1.0,Phishing Address
0x0f4918c986e67b68d2c365ed564a0f92b51de4e3,1,poison_hunter,1.0,Phishing Address
0x0f4f694d6e12b41bb44fa0f6a9e391fc7bea4f6b,1,poison_hunter,1.0,Phishing Address
0x0f5745b61773717bb1c3331765712426f5fd0f2f,1,poison_hunter,1.0,Phishing Address
0x0f6c8769e195ba39a5efd425c4a1289ad5d7345d,1,poison_hunter,1.0,Phishing Address
0x0f6c8769f566e2d1127546fa6f2f29a8f5d7345d,1,poison_hunter,1.0,Phishing Address
0x0f6f4f3c84b192006fca4e252300d0d1971e6c15,1,poison_hunter,1.0,Phishing Address
0x0f6ff3e34c226de75d7feeae5a5890bd2c3b064c,1,poison_hunter,1.0,Phishing Address
0x0f888dec492c5a3534e55469d32a05c47bc357cb,1,poison_hunter,1.0,Phishing Address
0x0fb345dbe385b5e8097b57ccb0b2d3ffbda986a2,1,poison_hunter,1.0,Phishing Address
0x0fb7b29d0a539406ff93e857b56f731308c52727,1,poison_hunter,1.0,Phishing Address
0x0fc0b4beb93fc8b9e221cfa5accdac6a564db84a,1,poison_hunter,1.0,Phishing Address
0x0fc983c9acf79a1f8e44a1133e7729aed46646f6,1,poison_hunter,1.0,Phishing Address
0x0fc9db219f959a476900686c3d63a77b681a7b94,1,poison_hunter,1.0,Phishing Address
0x0fca5fe686fb6d01c959db56c25f2b359fc34519,1,poison_hunter,1.0,Phishing Address
0x0fcec0d5360db6185640ea8e14d15d0d4bb74a99,1,poison_hunter,1.0,Phishing Address
0x0fd693b38f78ccef4be81f2a11e05f3d718531de,1,poison_hunter,1.0,Phishing Address
0x0ffc7a6f44af26ae28a8d00e4c6de7d64e659bc6,1,poison_hunter,1.0,Phishing Address
0x0ffd88e8e3b6fc8f28e03ad517cbd28d2d7469f9,1,poison_hunter,1.0,Phishing Address
0x100a38ed1e7cdd433830c9c794c003a0714d4b98,1,poison_hunter,1.0,Phishing Address
0x1014125195f1aadd5cce3d10660f14bd529e8126,1,poison_hunter,1.0,Phishing Address
0x101b2c11b420b8cc9c5c4c704941f5b7276eb058,1,poison_hunter,1.0,Phishing Address
0x1024f09cce4c8e42d3579dcf0cd55ed4cdb6eab7,1,poison_hunter,1.0,Phishing Address
0x103a6dbcf94f3fd712767fb40a5c64dfd8b1e699,1,poison_hunter,1.0,Phishing Address
0x103d0a79b49c91336214031e64ac43712b5ce2b7,1,poison_hunter,1.0,Phishing Address
0x104ce3c34d1a8bd749c785eff8acf86c5263ab5a,1,poison_hunter,1.0,Phishing Address
0x1060109edc031e3d5a01585a10e6381fca8b84bf,1,poison_hunter,1.0,Phishing Address
0x10684cdde5b15ca8d6c8bb1d38491ab0de39ab21,1,poison_hunter,1.0,Phishing Address
0x10686fd1d79fe9a4b2eb845b4fab080917704ea0,1,poison_hunter,1.0,Phishing Address
0x10714f5d9a55b3dd08803b484423f149ed0a43e3,1,poison_hunter,1.0,Phishing Address
0x1076abada42ab75ccb517d4d5b1c75a50bfd454b,1,poison_hunter,1.0,Phishing Address
0x107ebdff4f5082a24f7a153fe8e02da14f76205b,1,poison_hunter,1.0,Phishing Address
0x10962956ca8b6828aac946961fc40c0b9fc92827,1,poison_hunter,1.0,Phishing Address
0x1099b929fa229bf3e3281ed7613337ce8e25645a,1,poison_hunter,1.0,Phishing Address
0x10a94742dc3f93913102db7ce2e280c3d70f4b8b,1,poison_hunter,1.0,Phishing Address
0x10b3c892f94999d6775ef6b6de9f63700f64e297,1,poison_hunter,1.0,Phishing Address
0x10c48e0e9d44a4a0d8b7b7ec02ff267346406111,1,poison_hunter,1.0,Phishing Address
0x10cd14da31deefbfa4eb1304b636fb1dbb988f6a,1,poison_hunter,1.0,Phishing Address
0x10da1af23af1a305e48fed7f22726c1dff8cfbd8,1,poison_hunter,1.0,Phishing Address
0x110510748f88f6dd6b36e28ccdd5b330db9fffd2,1,poison_hunter,1.0,Phishing Address
0x1105963a8bb766a164769cc1cf97d6023f35b9a7,1,poison_hunter,1.0,Phishing Address
0x111fb8d8c2e3565844702fa0748578e237937416,1,poison_hunter,1.0,Phishing Address
0x112701e014d8f206d629458537fac4b7d22db5ba,1,poison_hunter,1.0,Phishing Address
0x1132afb7ad0e5aa8cd0316e051243a1ddb88e730,1,poison_hunter,1.0,Phishing Address
0x1134b5c38b376a977d6e3662863a51516b27041f,1,poison_hunter,1.0,Phishing Address
0x113b5231852d332b306a7eb60cb7edc74026f6cd,1,poison_hunter,1.0,Phishing Address
0x11490133adab3b104b8b0c22dcd747155fac9e18,1,poison_hunter,1.0,Phishing Address
0x114a9e4010238df638b8e5ef0a99d51a574fafd8,1,poison_hunter,1.0,Phishing Address
0x1155ad32da27d21194101e0792e5bca94f7512cb,1,poison_hunter,1.0,Phishing Address
0x115c5c6d4e72f85d54a39ecae29d9ac6486a9086,1,poison_hunter,1.0,Phishing Address
0x1165d34148b104074273601a96dd1e2e403e08d7,1,poison_hunter,1.0,Phishing Address
0x1175d93a428fe5fcd9da520ac71923d7f69aff2d,1,poison_hunter,1.0,Phishing Address
0x117aa7d5ae2a6a7be51e6bd7a382a3c1e768fdbd,1,poison_hunter,1.0,Phishing Address
0x117cf72fa8dfbb68a47208e6a9f65e5236fae312,1,poison_hunter,1.0,Phishing Address
0x1186589a5067f47f5967e8d16b7531fafc198e61,1,poison_hunter,1.0,Phishing Address
0x1187b34f8de6e53b992d38e4467883ef5ab6aeef,1,poison_hunter,1.0,Phishing Address
0x1189194d3e4aee8a394b7f0bc232519f20b43de8,1,poison_hunter,1.0,Phishing Address
0x11945dbf93e61453d919f5a98fcda2ab0e3260b1,1,poison_hunter,1.0,Phishing Address
0x119c025526c0b9935cf6ad1799bb3b5b0fccf515,1,poison_hunter,1.0,Phishing Address
0x119cdc0f0aed25c2eaeb40069ec7d83fc6d6af43,1,poison_hunter,1.0,Phishing Address
0x11a2890d3ba29f1d1a41f4919fdef1cf4f781865,1,poison_hunter,1.0,Phishing Address
0x11a2890d540940ae2baba27dcaf5e9d3c2781865,1,poison_hunter,1.0,Phishing Address
0x11af1005b6d562cd792c1e84cfa6394b2fb8f48c,1,poison_hunter,1.0,Phishing Address
0x11b4172512bd50607c6a558389d2e2b50ccdfca7,1,poison_hunter,1.0,Phishing Address
0x11b6381fe5bb731e98aa20164a284edfe6241dc4,1,poison_hunter,1.0,Phishing Address
0x11b79613509f2690df6ee14068fb37ed97b42f6c,1,poison_hunter,1.0,Phishing Address
0x11b82431117cae466bc6f63a8c90388c5ef1abef,1,poison_hunter,1.0,Phishing Address
0x11ce8c10058ba8ff5877484767793048e3c91535,1,poison_hunter,1.0,Phishing Address
0x11dfda6b837d36aceedba9abbda0890d78dd08ec,1,poison_hunter,1.0,Phishing Address
0x11e3b15bd4fade1df20ee6839a03653d2203d339,1,poison_hunter,1.0,Phishing Address
0x11ebc767a976a6c64ab37d68045b5848ae4982ed,1,poison_hunter,1.0,Phishing Address
0x11f6d6970a44d28e58b7a7cc9749948a48552b10,1,poison_hunter,1.0,Phishing Address
0x12007a439518fdfc65e3283d01433caa97a3e442,1,poison_hunter,1.0,Phishing Address
0x120d3975d2921a9bd6b71e0cdd05e9036632779e,1,poison_hunter,1.0,Phishing Address
0x120df0b393a3379507f861174e4387e06180c4df,1,poison_hunter,1.0,Phishing Address
0x121703b36a5be266b67140a3ea6c82129a3eff6a,1,poison_hunter,1.0,Phishing Address
0x1220d0bdc5d801418205deffa644a0bce68e4ea6,1,poison_hunter,1.0,Phishing Address
0x12255b4dd8c4d4345ea19becd64c11b9757b89a7,1,poison_hunter,1.0,Phishing Address
0x122cc5e96af0fdd52743441664fd1cc0135844fb,1,poison_hunter,1.0,Phishing Address
0x1238c50d2a87de46bce2531c1532c768bf7a6a4b,1,poison_hunter,1.0,Phishing Address
0x123cab6c501dd51327198cb065a533356ae2804a,1,poison_hunter,1.0,Phishing Address
0x1243bcf5f32ae9a80c3b09e2781235aab4401845,1,poison_hunter,1.0,Phishing Address
0x12515cdb79d888bb0d33d6c522379775af4a96e5,1,poison_hunter,1.0,Phishing Address
0x126caa6b659575821b63ad1bfbb1a66c9e610541,1,poison_hunter,1.0,Phishing Address
0x126df08cccd1e0f4448ed0a1344e4798df1b41f3,1,poison_hunter,1.0,Phishing Address
0x1271e29ef30578f790233e6673442b90c204e66b,1,poison_hunter,1.0,Phishing Address
0x1284e65c19f24262b84d30f55bb98a08e6efb975,1,poison_hunter,1.0,Phishing Address
0x1290fb4bc7246ebe1686eeced5b776729dc0c09f,1,poison_hunter,1.0,Phishing Address
0x12b2a0ec96cf939f727ea087ce6a5039552241f6,1,poison_hunter,1.0,Phishing Address
0x12ce461a1e8c46ee73fc449c1c9beffb35dfe20c,1,poison_hunter,1.0,Phishing Address
0x12cf87608ea865308ed10350376d24dfd21d53a8,1,poison_hunter,1.0,Phishing Address
0x12d73bee3173e8712e46b5f74ac8a86ec4796482,1,poison_hunter,1.0,Phishing Address
0x12f7f7d4f10d2dbfe6b2d885b86ab7a11a2023c5,1,poison_hunter,1.0,Phishing Address
0x12fb6e9ca2aab2dad83f03f60b90e2b003dc8bad,1,poison_hunter,1.0,Phishing Address
0x1308b3c68308a7fb82cb55c8a38cf01231037af7,1,poison_hunter,1.0,Phishing Address
0x1310bde497a1181b3225bd28603d51da210cfa9c,1,poison_hunter,1.0,Phishing Address
0x13123b20f5f50c75a439a6a0f12248e91798483b,1,poison_hunter,1.0,Phishing Address
0x131ad576e533a4385566d5eaf2388048e68ce6f1,1,poison_hunter,1.0,Phishing Address
0x131cf5578ae4a637dd775478added126da5ca9cf,1,poison_hunter,1.0,Phishing Address
0x132909ad2b4c55cfb1f4a1b5fe69b70c63f4db64,1,poison_hunter,1.0,Phishing Address
0x1330892d9321936d84c10308d3c9f3e4ff0a44d6,1,poison_hunter,1.0,Phishing Address
0x133bb63f821f5f399e684d7e5631eadec813162d,1,poison_hunter,1.0,Phishing Address
0x1346df9ad98661ff6017f55a6b5292442eb2438a,1,poison_hunter,1.0,Phishing Address
0x134d4f2943aeb4a870cfb9869e365703b0ed58cd,1,poison_hunter,1.0,Phishing Address
0x134e60988727246bf3714ac6b721c6c1b5f06f7b,1,poison_hunter,1.0,Phishing Address
0x136332f30dd1ccd16ea6dee94b307d5eaac79d90,1,poison_hunter,1.0,Phishing Address
0x136f25257cc7d9a605b833e291f8e394485e1906,1,poison_hunter,1.0,Phishing Address
0x137268aff688fdbe593f8582abe982ceb490af8d,1,poison_hunter,1.0,Phishing Address
0x138e5e8979f2a0dd24b46a47e703d54592eaf3fa,1,poison_hunter,1.0,Phishing Address
0x1392ec2c9d9213014f14730e9f86ccb440558157,1,poison_hunter,1.0,Phishing Address
0x139e333817eb865fadcf416331565014e33c49f0,1,poison_hunter,1.0,Phishing Address
0x13a9bd6bbdf22b579a0266d694b9326ab1714616,1,poison_hunter,1.0,Phishing Address
0x13ab5dc311c1e434f634bb9e8ebfb09bf40f1612,1,poison_hunter,1.0,Phishing Address
0x13df9707f7e04b85571f066bc224b5a76f08235e,1,poison_hunter,1.0,Phishing Address
0x13e56fe1a7a6adf0dc8b237c4bc9f751cad37b90,1,poison_hunter,1.0,Phishing Address
0x13f5a6abe63e65a99bc3892aeca5740415c6293e,1,poison_hunter,1.0,Phishing Address
0x13f8862d4849852f53afb4fb45a2018c04b66d8b,1,poison_hunter,1.0,Phishing Address
0x1406ba43b99d33123b6c4ac48eaafe01c466dfc0,1,poison_hunter,1.0,Phishing Address
0x140b86a38cca02d6fd084462aef6f1b0027feee0,1,poison_hunter,1.0,Phishing Address
0x141169910f34c804326dcb76f53b9e7a89399fd0,1,poison_hunter,1.0,Phishing Address
0x142f0a5f09e80b1840f48688d9773df94c0fcaf4,1,poison_hunter,1.0,Phishing Address
0x144e7d02fa8aa2ac0eb4efa4ec238eb59ae19848,1,poison_hunter,1.0,Phishing Address
0x1457ce6a6cda9a95b33ed6174cb85a957bb40a7f,1,poison_hunter,1.0,Phishing Address
0x14591dcbbdabb0e9260cee5bd28b9f762754f4cc,1,poison_hunter,1.0,Phishing Address
0x145969b75890c5be8602cb747cf964c5d8e18499,1,poison_hunter,1.0,Phishing Address
0x145b4ab94e1e0353c3ccf16b28946daa72387b34,1,poison_hunter,1.0,Phishing Address
0x145f39d98d2e3543dc5ec08611f5ad6a2828943b,1,poison_hunter,1.0,Phishing Address
0x1464a940e35a6f648ea0f2013513af07b550663e,1,poison_hunter,1.0,Phishing Address
0x146943ce947af2a33c8df177863107cff613d9fc,1,poison_hunter,1.0,Phishing Address
0x14772aa6488e1e0c0f6e9c4498709d2b7db9fa15,1,poison_hunter,1.0,Phishing Address
0x14861bd683c8d861576a10f444bd60de530609e6,1,poison_hunter,1.0,Phishing Address
0x14953249097e9d36dd701a0880ded4f623983205,1,poison_hunter,1.0,Phishing Address
0x14cf17b736ac1a5143331f315a4b6d44ed54e89f,1,poison_hunter,1.0,Phishing Address
0x14d7b7ed58b236d8815c0c57018b3481d43b5b55,1,poison_hunter,1.0,Phishing Address
0x14e2a1291f27136def2b3ab233d179ce1954c3c5,1,poison_hunter,1.0,Phishing Address
0x14efda496c17d0b2c2678ce521e499940af16951,1,poison_hunter,1.0,Phishing Address
0x14fb3375898b57c1c0f0006ddb8833b5486d4fed,1,poison_hunter,1.0,Phishing Address
0x150de0cdd02c4d186311e3d774d8734ab0d85ac8,1,poison_hunter,1.0,Phishing Address
0x15283b69b7b5c1830ed54698d3c2311e47ce1f8d,1,poison_hunter,1.0,Phishing Address
0x152affd2804572bf3420706f9df0f8232c818895,1,poison_hunter,1.0,Phishing Address
0x152b2a1d1a305612091cc054be9e35812d8279af,1,poison_hunter,1.0,Phishing Address
0x152dbd015be8fd4a54d767bae0cd8a6dd449bec2,1,poison_hunter,1.0,Phishing Address
0x153590930827d78bcf98f96d3cbbbe112d76ddf6,1,poison_hunter,1.0,Phishing Address
0x15376c1389e16d461e41d7cdf9ebc8877fd0d604,1,poison_hunter,1.0,Phishing Address
0x153c68164731a0877d319823ca47db24ca9c8495,1,poison_hunter,1.0,Phishing Address
0x154738a19f1ff1e2ef8c03c38931c48cff78b893,1,poison_hunter,1.0,Phishing Address
0x154901136ab1175c896d6994e768bdcd03d2ddc4,1,poison_hunter,1.0,Phishing Address
0x154d3bb42c49447ee13cc216266de9795ccaed03,1,poison_hunter,1.0,Phishing Address
0x156044318d6c268f5f9766c26be6360060c029c9,1,poison_hunter,1.0,Phishing Address
0x156584284b2fc34db39b1c31e2fcb101e764cf52,1,poison_hunter,1.0,Phishing Address
0x157cd117759893c42d6527325cd5756c3656b265,1,poison_hunter,1.0,Phishing Address
0x157e189407ddf2e2d397716b9052df331cf7a745,1,poison_hunter,1.0,Phishing Address
0x158225f191173ead95d28376076094aef30d0e65,1,poison_hunter,1.0,Phishing Address
0x158c93f1121f5e711aaae175705128d582cb5900,1,poison_hunter,1.0,Phishing Address
0x15abb66b2ef1d411031c3767fcb50ee71543de48,1,poison_hunter,1.0,Phishing Address
0x15ac7af8df8a06ffee2fa5aa0053e7c8f25cdddd,1,poison_hunter,1.0,Phishing Address
0x15c38b32bd097a9c73714f0b9a4b393f3be349e0,1,poison_hunter,1.0,Phishing Address
0x15c565b20af1b28cb553bd4a1ee967928affb0b1,1,poison_hunter,1.0,Phishing Address
0x15d42df0ae93b2bb40e6972f01c1ae8a57637b93,1,poison_hunter,1.0,Phishing Address
0x15eae3f6c9b0d6e5f49a7357e44f074c6e6b3a1a,1,poison_hunter,1.0,Phishing Address
0x15ecbda86cc85b8d057ba679687bcad86e892b51,1,poison_hunter,1.0,Phishing Address
0x15f78549ec03dea87a0debb69f7826f87baf9e7a,1,poison_hunter,1.0,Phishing Address
0x15fc03a95b381c0113570527f06327c2ce17cb1a,1,poison_hunter,1.0,Phishing Address
0x160a6b0fe76453b6714f25277897c545b401a1d6,1,poison_hunter,1.0,Phishing Address
0x1619be954c5c51e172e3df889451d2061f95d74c,1,poison_hunter,1.0,Phishing Address
0x162ccfb4c6d92fbed58611e9ff23c6c14c90a7a7,1,poison_hunter,1.0,Phishing Address
0x163d7f5aeb67d4ad2e7ae5a753c9ca66955fa49c,1,poison_hunter,1.0,Phishing Address
0x16445a55f284d22acad883f1f2ddffea619e3555,1,poison_hunter,1.0,Phishing Address
0x1644de973458a6a59f6df744d44a25e4da893691,1,poison_hunter,1.0,Phishing Address
0x1652c2e9846e3b809296c1207d662a3833f8a796,1,poison_hunter,1.0,Phishing Address
0x166efa461adc54caf928fafe1e5a1e592f5e6ffc,1,poison_hunter,1.0,Phishing Address
0x16849b85261a4c9ce26fb6a356fdd98df150039d,1,poison_hunter,1.0,Phishing Address
0x168c401d35c73cc4676eba50898a9c5f80033875,1,poison_hunter,1.0,Phishing Address
0x168d8851974ff72efa8b662282ddb6c811cb4bf5,1,poison_hunter,1.0,Phishing Address
0x168e609adf34fb226253742f5615d0f98ca148fc,1,poison_hunter,1.0,Phishing Address
0x16b37209d683014b718d64ce6481dd9abb3620c3,1,poison_hunter,1.0,Phishing Address
0x16b9d233ab494a3e43baca6a36a72baa1437c1e4,1,poison_hunter,1.0,Phishing Address
0x16d564904b29e43e5dc52b9ecd97bd8e09d37247,1,poison_hunter,1.0,Phishing Address
0x16db619c46801d1b0c6265a5fc7d9806d3d5cc1b,1,poison_hunter,1.0,Phishing Address
0x1704fab3a90fa33709c371b638a771d8f2dc0e79,1,poison_hunter,1.0,Phishing Address
0x170a14ce1efa7fffa9e0b06cc70bb0ac7a56cf44,1,poison_hunter,1.0,Phishing Address
0x1712a4637016371dbe5d00ae2414245e871e07a3,1,poison_hunter,1.0,Phishing Address
0x1714662c1ebd659dc478d01202edf32ce7b62ccf,1,poison_hunter,1.0,Phishing Address
0x171acd92c7905e3313d6aea7dffc4e7e631fb658,1,poison_hunter,1.0,Phishing Address
0x171dc3f6ae4d3bf01cd4be054a9e03c130782883,1,poison_hunter,1.0,Phishing Address
0x172aca7d6f4ac23ebd550bb1fb9eef916a45de5d,1,poison_hunter,1.0,Phishing Address
0x173142582a879bab9cebcbf6e0a6d6c14ac5c85a,1,poison_hunter,1.0,Phishing Address
0x1732af1b93019c6ea1043200063ae768ac4dd5b9,1,poison_hunter,1.0,Phishing Address
0x17370727808a9763fb23e352e42e82cf78a419b7,1,poison_hunter,1.0,Phishing Address
0x17378245e23b2f381d33a37a873a8fb59621947a,1,poison_hunter,1.0,Phishing Address
0x174d81fafaf9c37e51f6de3ec2c1880e9f996be4,1,poison_hunter,1.0,Phishing Address
0x174fcd300eb5c214960029b25dc07108d87efaf1,1,poison_hunter,1.0,Phishing Address
0x177876743140f8b1e2bb711140dab20b980e7770,1,poison_hunter,1.0,Phishing Address
0x1788f5af19e4aee86027c685a72e05449ac5d72d,1,poison_hunter,1.0,Phishing Address
0x17a539eb0a123bd9a6bcd8a62e0000455b9911cb,1,poison_hunter,1.0,Phishing Address
0x17a5eec11f20f8b86e7e0e31d249114e348fb0ae,1,poison_hunter,1.0,Phishing Address
0x17c0854888bd53a78764babbf844812c5a2c6aed,1,poison_hunter,1.0,Phishing Address
0x17c1d0e2a01a2f3e6e15b586b01c34749e781678,1,poison_hunter,1.0,Phishing Address
0x17d2b9c71d7e52c141d52b2e2edc37fba32b222d,1,poison_hunter,1.0,Phishing Address
0x17dd318673fbbc666d0b60a9b46d8c0db71460cb,1,poison_hunter,1.0,Phishing Address
0x17ed3c0e3f3e092dae0a2e29a2ed3630bf99a706,1,poison_hunter,1.0,Phishing Address
0x180f2e500d969ae2cd07655faee48b06f1e0ecad,1,poison_hunter,1.0,Phishing Address
0x18160834f44dfc70ddba98810137cbea313db74a,1,poison_hunter,1.0,Phishing Address
0x181dfc92c34a574b542abb12681b56d45b90d71e,1,poison_hunter,1.0,Phishing Address
0x182f196fb9975a9432fbcff81f8eac69bcc692ef,1,poison_hunter,1.0,Phishing Address
0x1832881f14bc810773a541aac06f71951bdb003a,1,poison_hunter,1.0,Phishing Address
0x1842d2ed6f8440ee7da90d14c7f9049a23c38a75,1,poison_hunter,1.0,Phishing Address
0x1848f5d46828480d2b481d6aa72eb47ea08b3997,1,poison_hunter,1.0,Phishing Address
0x18595a09d27a2374f7fba46c1387a7b7e6932e61,1,poison_hunter,1.0,Phishing Address
0x185a8fb9312e8f7e8a8cf53b4fd9c640cd6b589e,1,poison_hunter,1.0,Phishing Address
0x186bdf82d5aa84f3da280773b80223cca14055fb,1,poison_hunter,1.0,Phishing Address
0x186d3c355e6435380ada11894c9bbd5f6ad6b7c4,1,poison_hunter,1.0,Phishing Address
0x187ba86306dfef19740cb9de627d9227b26ba1f0,1,poison_hunter,1.0,Phishing Address
0x18b566f87cdf8dc4dc8e928afb9c2fa67ea420d8,1,poison_hunter,1.0,Phishing Address
0x18b95265aab8a69e22fd2f0e33603a044be588aa,1,poison_hunter,1.0,Phishing Address
0x18c6cf2602752b6b912db7bb1e7fab68f5efdcc9,1,poison_hunter,1.0,Phishing Address
0x18c9f406b9072f47a5814b6e15f245ac04eb7d57,1,poison_hunter,1.0,Phishing Address
0x18e9b5247a2e94bd5f489feacd162f16109d0d41,1,poison_hunter,1.0,Phishing Address
0x18ffb63e6ac2b4db4b187c647ee7329ea538272c,1,poison_hunter,1.0,Phishing Address
0x191bffcda08a331a9f2aa4aadfb4a5a6f8b91155,1,poison_hunter,1.0,Phishing Address
0x19241f1ed4d75cf3c7974333b3bc1ffc10aeb8e1,1,poison_hunter,1.0,Phishing Address
0x193fb696d444bf741d1eaf1cfe333d78f07d4d80,1,poison_hunter,1.0,Phishing Address
0x19437ee940dc1919df80bdf132a5cbb64d06cee5,1,poison_hunter,1.0,Phishing Address
0x195e20a4331925f2ccfafd87ac5a3270461286de,1,poison_hunter,1.0,Phishing Address
0x196aa00fd780c23b7e80159fea99dd4e4bb76f37,1,poison_hunter,1.0,Phishing Address
0x196ed9e022a53922bb2b12c09b8bd7d3554ad7db,1,poison_hunter,1.0,Phishing Address
0x196f72d7ac782a5ff2d4c8a91e074e026c1fbb56,1,poison_hunter,1.0,Phishing Address
0x19740526a64f2fe238d3faa1acdc90bab18c5406,1,poison_hunter,1.0,Phishing Address
0x19796cde879fde31e869006bdf3b8353f78a3ff4,1,poison_hunter,1.0,Phishing Address
0x198dc6adcbc2d4b6bed4a9bc704a959a78fa6276,1,poison_hunter,1.0,Phishing Address
0x199c72b08da8002270e02b08516f8a50193cb5cc,1,poison_hunter,1.0,Phishing Address
0x19ab0f90317025b97a57c89f0dc459bfe7d26f32,1,poison_hunter,1.0,Phishing Address
0x19bd851d3606b5fcf50d84c15462673bdba3b8ae,1,poison_hunter,1.0,Phishing Address
0x19c4f1914de1725b901260dd13419161d3d476b2,1,poison_hunter,1.0,Phishing Address
0x19c82f10f23f1ebc1635c607fbbbc92f575efee8,1,poison_hunter,1.0,Phishing Address
0x19d26fafa8b98c137556f088e97a872c873ea629,1,poison_hunter,1.0,Phishing Address
0x19dae8c61571358836bfc5b5afff39717c647a1f,1,poison_hunter,1.0,Phishing Address
0x19db3bc60c583bc04ddb8d54d3f5101361df7c93,1,poison_hunter,1.0,Phishing Address
0x19e096d656676fc922d6af74899ae50e728a6250,1,poison_hunter,1.0,Phishing Address
0x19e34f561fd589c755c731bfea94d2a5b0c31c89,1,poison_hunter,1.0,Phishing Address
0x19e9d7c27626157bfbececa5aed72a77a8d146f5,1,poison_hunter,1.0,Phishing Address
0x19fb31bf43d8cbabfdf0569369efdc16259a114c,1,poison_hunter,1.0,Phishing Address
0x19fba24dee03a4569711678dc17f0fc2d05d1239,1,poison_hunter,1.0,Phishing Address
0x1a12d0cd4cb3add79b361a3aa4f3127d8d2bc389,1,poison_hunter,1.0,Phishing Address
0x1a1901946d5e558edb39d7ffb111ccd5907eed54,1,poison_hunter,1.0,Phishing Address
0x1a44b14c6d1841d84b3797374e914be9975b1674,1,poison_hunter,1.0,Phishing Address
0x1a4bfb6b8c03dae6a62d7979dc9318ac4c346e4d,1,poison_hunter,1.0,Phishing Address
0x1a544fc688e6861ab6a186701beeaf7b7b59797a,1,poison_hunter,1.0,Phishing Address
0x1a5d2e5af829ccc08f1ba879de8ad0a70fe6df7a,1,poison_hunter,1.0,Phishing Address
0x1a5ebdce1a404c80026f78a1331fc8508720dbf5,1,poison_hunter,1.0,Phishing Address
0x1a653cfb534b5617691e5ae31268902f3d3bd435,1,poison_hunter,1.0,Phishing Address
0x1a653cfe8893337e7dadfb60f56d3f11cc3bd435,1,poison_hunter,1.0,Phishing Address
0x1a67409134ea20dab48530d7253c702f8b5fa60a,1,poison_hunter,1.0,Phishing Address
0x1a680c1895c8871e195e2c9d57fc808ec3823041,1,poison_hunter,1.0,Phishing Address
0x1a6b281d8e3440ff00d5e764c7f39ea22e3fffd9,1,poison_hunter,1.0,Phishing Address
0x1a7b9194eb09475a9aa51b9335cda7ec1a16d00c,1,poison_hunter,1.0,Phishing Address
0x1a838073ef939548b61e55dd49a0e84b2cee54e1,1,poison_hunter,1.0,Phishing Address
0x1a890efdd212677844353d16ff443e31c9bda1d0,1,poison_hunter,1.0,Phishing Address
0x1a8ebdbacdf6ed45e31a0701feb76b42ea0e9afc,1,poison_hunter,1.0,Phishing Address
0x1a94e0a5c827ee25cd87e77effb0eee8d35a5483,1,poison_hunter,1.0,Phishing Address
0x1aa036d251d8d6939567dbccd3149e164f8dd7ae,1,poison_hunter,1.0,Phishing Address
0x1ab982925abd588e8a0aaf32531b419c2c3777b0,1,poison_hunter,1.0,Phishing Address
0x1ad4be242519688bf04240fb86f39edb3d645563,1,poison_hunter,1.0,Phishing Address
0x1ad84abe33fb231a2703f6d7a89ed1319d978363,1,poison_hunter,1.0,Phishing Address
0x1ada5c3bd22d1ec1cd9205cb8011e73df8147753,1,poison_hunter,1.0,Phishing Address
0x1ae3fdcc217fade12aca09d2064da690bdc53c23,1,poison_hunter,1.0,Phishing Address
0x1aebbd74599f5dbe12302dc24f901f7e3d9c6821,1,poison_hunter,1.0,Phishing Address
0x1af327e2d94285c8b00823d9d111b62e02db4f71,1,poison_hunter,1.0,Phishing Address
0x1b07461c37140243c67261bce7172cd8fb4cff6d,1,poison_hunter,1.0,Phishing Address
0x1b07c41aac4635c2b028762da3b11770a432f1a3,1,poison_hunter,1.0,Phishing Address
0x1b1bf2728afc07cfe83470087d2f8fe1d5c703de,1,poison_hunter,1.0,Phishing Address
0x1b20b200ff142f1f19ba6404599c3a6e0b119202,1,poison_hunter,1.0,Phishing Address
0x1b2c8186b092a89267570681b7e8aeb8749c0b95,1,poison_hunter,1.0,Phishing Address
0x1b2dde568731f77c92d293b7b407a01b9d89b4e1,1,poison_hunter,1.0,Phishing Address
0x1b2f6df9ecb23e915b39adebb1ab5427774630f6,1,poison_hunter,1.0,Phishing Address
0x1b323ca3fcee3abd8b2875e99446d1dabe8b90ce,1,poison_hunter,1.0,Phishing Address
0x1b3c9174169fa7d48183f75fe6f7110254a3b3e0,1,poison_hunter,1.0,Phishing Address
0x1b3d868a463e8fea0518142f35cc1d71a2e4381f,1,poison_hunter,1.0,Phishing Address
0x1b45bf8cb3a2d304051ac2299557b51858ed670a,1,poison_hunter,1.0,Phishing Address
0x1b566d2192306e1d191b62878faabc0cfd2b6eb8,1,poison_hunter,1.0,Phishing Address
0x1b5c9bbc3cd4e678323df7660ba555649a73cf29,1,poison_hunter,1.0,Phishing Address
0x1b5eccef1e73903fbb9e6162e183adeb16b43bef,1,poison_hunter,1.0,Phishing Address
0x1b6c892ab7c0ad5466d47e2cb5e8a6bb830ffa35,1,poison_hunter,1.0,Phishing Address
0x1b766f667a2a462400898639ec2d832eeab93cc8,1,poison_hunter,1.0,Phishing Address
0x1b80e5d2a187df160f98bae841a39875b289aec0,1,poison_hunter,1.0,Phishing Address
0x1b8785e36f3bf8dc3fdfacd18396013a8967c9cc,1,poison_hunter,1.0,Phishing Address
0x1b8a8e3dd34512fceef49bb730e9ac602190a214,1,poison_hunter,1.0,Phishing Address
0x1b98b9eb5d31a9360aab6bfedd517a33ff2bc458,1,poison_hunter,1.0,Phishing Address
0x1ba0cf9e1099b83af74ff977ed949d12a9dfdebb,1,poison_hunter,1.0,Phishing Address
0x1ba3a7223c6664c3ce08cf3fc6071dae54c4e19a,1,poison_hunter,1.0,Phishing Address
0x1ba797f9e26be97cf80b7b0932c2e150f0a2533d,1,poison_hunter,1.0,Phishing Address
0x1baa57d2e5334c570aca1135dab7921d877ee470,1,poison_hunter,1.0,Phishing Address
0x1bb100e12b82ec16a63dfee1b9bd3d1e3900531f,1,poison_hunter,1.0,Phishing Address
0x1bb7d7967827a4112cd951dc5d3bec76e05475af,1,poison_hunter,1.0,Phishing Address
0x1bb91921d6f35b7b24053679739877cdaa86afe6,1,poison_hunter,1.0,Phishing Address
0x1bd4c9c1dd2d3d52642684a678aaa6cf50e47ece,1,poison_hunter,1.0,Phishing Address
0x1bdcfcadacf5a0a2dfb74ff3a4816b63b1dbd212,1,poison_hunter,1.0,Phishing Address
0x1bdf3ca7b03398166859c44c51548ac2eab4c775,1,poison_hunter,1.0,Phishing Address
0x1bf08edbb19ccf21824a3092be01eb642a1fac3b,1,poison_hunter,1.0,Phishing Address
0x1c113eee9405d7906a4cb02f81ba2bf78ed8e79c,1,poison_hunter,1.0,Phishing Address
0x1c1c485bb67e835b0df0a97620f340a8d70e0d7b,1,poison_hunter,1.0,Phishing Address
0x1c21b9281959e344f86133dca1b664132920b024,1,poison_hunter,1.0,Phishing Address
0x1c396c3e70be56dc1fbd35e8bee6cbb99ebb9704,1,poison_hunter,1.0,Phishing Address
0x1c3dc353567d6077f9916539aa1a90bf6ad7ba44,1,poison_hunter,1.0,Phishing Address
0x1c4c2fc5e416a0785c7bc8dd58660208f132de91,1,poison_hunter,1.0,Phishing Address
0x1c65a2e2dc0e2df1837c93065af5cacad24959f4,1,poison_hunter,1.0,Phishing Address
0x1c6887f59579a07e9226688620d07e385c3b9a56,1,poison_hunter,1.0,Phishing Address
0x1c7202f066ece694cce48a76ddadbdf4be66e6f3,1,poison_hunter,1.0,Phishing Address
0x1c7679b5c3021672a5ec7f32ebb1a070dced4976,1,poison_hunter,1.0,Phishing Address
0x1c77b4f3252fcee52780e719c8ac4c884f4cdea3,1,poison_hunter,1.0,Phishing Address
0x1c7d435e84b2330183c3af61320f13f4c372b295,1,poison_hunter,1.0,Phishing Address
0x1c9ae27e98d4010f2a888629f5ec6bddbf73a9b2,1,poison_hunter,1.0,Phishing Address
0x1cb457a2fbcaf39a6052188ca487d8bd63492af7,1,poison_hunter,1.0,Phishing Address
0x1cbb15109826302fa311ebc648214dea64c4ff38,1,poison_hunter,1.0,Phishing Address
0x1ccd918ca3297f3480003c2f48f127b176e7a980,1,poison_hunter,1.0,Phishing Address
0x1ccfeaae568b25b86c630ba909c62280fde4e44c,1,poison_hunter,1.0,Phishing Address
0x1cd9ecd53c68eaba90daea3ef680345b84b6a2ca,1,poison_hunter,1.0,Phishing Address
0x1cdc22db65c99695bcdf34139dc245768979de7e,1,poison_hunter,1.0,Phishing Address
0x1cebf054f3e88580b922ef76a86cca7876818328,1,poison_hunter,1.0,Phishing Address
0x1cfc3e9958b05877cbfbb91586c305e3cc6f5659,1,poison_hunter,1.0,Phishing Address
0x1d0050346279a8c1a7986147090c09c4cbbc4eae,1,poison_hunter,1.0,Phishing Address
0x1d0540f7662506eb0f37c62ae075be11477bcf02,1,poison_hunter,1.0,Phishing Address
0x1d10c3a611af5a8a6eb0cd9685b765e71a5ad355,1,poison_hunter,1.0,Phishing Address
0x1d1d1f31cc8208e1fbaf80797d7e43029addb552,1,poison_hunter,1.0,Phishing Address
0x1d216b87f6d8875274dab136ac49560e6ffd2ef5,1,poison_hunter,1.0,Phishing Address
0x1d23ab9da897bcd5cfb750ed8c7fce166eabc450,1,poison_hunter,1.0,Phishing Address
0x1d24aff533d0ff01c083c1fa1a4cdc66a8f1ad26,1,poison_hunter,1.0,Phishing Address
0x1d357fb67862f4899d73f956a2185e155b16bf2d,1,poison_hunter,1.0,Phishing Address
0x1d3819a70e492d71e7230661f25c1658281ad792,1,poison_hunter,1.0,Phishing Address
0x1d457f61153a19765d9731f8cd57c83197b1453e,1,poison_hunter,1.0,Phishing Address
0x1d5ebcc421003ed1638e7d9720592fb61547a804,1,poison_hunter,1.0,Phishing Address
0x1d79e9fc409b367f38f584b1c93085a9c145033b,1,poison_hunter,1.0,Phishing Address
0x1d7df066161c9fc83d595340f7838f2fa4398710,1,poison_hunter,1.0,Phishing Address
0x1da8f98a223aa47a5815be18baf2d7566181dbfe,1,poison_hunter,1.0,Phishing Address
0x1db03f99865177c6f33b0d5035db6d4a891db658,1,poison_hunter,1.0,Phishing Address
0x1dbfdf91f7edc575c454f4f294e228560df608c0,1,poison_hunter,1.0,Phishing Address
0x1dc614adf097e0a9b4bd43f23eda8a3adefed175,1,poison_hunter,1.0,Phishing Address
0x1dc692158b8b8d79e7979dd8c8909b24290620a0,1,poison_hunter,1.0,Phishing Address
0x1ddea0cc6b1b75f9a06bcac5ada79321fc647438,1,poison_hunter,1.0,Phishing Address
0x1e089e977c3beea81237bda22ac69f30f54c6109,1,poison_hunter,1.0,Phishing Address
0x1e1b4132efbb208d992371fd2e41d5f399a0dc5b,1,poison_hunter,1.0,Phishing Address
0x1e27e446c1ad55e0630c5a35469947778503c92c,1,poison_hunter,1.0,Phishing Address
0x1e2c23b2b3f5a40eebe9b10d04340492f92fd9ec,1,poison_hunter,1.0,Phishing Address
0x1e35697ca6b879c1d56f7f742c500530f125c85e,1,poison_hunter,1.0,Phishing Address
0x1e49551f4a332d3364f39be0e0683455e6bbbd3e,1,poison_hunter,1.0,Phishing Address
0x1e4e26af86233742a75eef066324681f32db8435,1,poison_hunter,1.0,Phishing Address
0x1e56d76a1871619466da6ee70a381d7b6e9beea7,1,poison_hunter,1.0,Phishing Address
0x1e6292086b119231b28e3e7bf4e0e4f7498c16cb,1,poison_hunter,1.0,Phishing Address
0x1e7980c7ed731a609b945626def4c50a2bebd90c,1,poison_hunter,1.0,Phishing Address
0x1e89b00b98efdd9bde67d33b92bdf4f0e03f38c4,1,poison_hunter,1.0,Phishing Address
0x1e93f8938c01d1c290ba86003eb1bd287b0e7ce8,1,poison_hunter,1.0,Phishing Address
0x1e9912098938148b5ff409a04805c517338ec056,1,poison_hunter,1.0,Phishing Address
0x1e9cc192c458483516902cf5cf0193dceac492ce,1,poison_hunter,1.0,Phishing Address
0x1ebb1a38f3af59174d4853b3a0ed870988153583,1,poison_hunter,1.0,Phishing Address
0x1ec9b29abf4e9c97a9c115db0fb7cd41cf6c34c4,1,poison_hunter,1.0,Phishing Address
0x1ed1eb345a2c07fd2b95729ec42860ad7c4bea44,1,poison_hunter,1.0,Phishing Address
0x1ed221788908146fdc0e22e6a4bb1dfd65253c28,1,poison_hunter,1.0,Phishing Address
0x1edc782238e330bb68b319f56383ec631ece02cb,1,poison_hunter,1.0,Phishing Address
0x1ee6a506a02c7ae1dcff2100280943a07343f63f,1,poison_hunter,1.0,Phishing Address
0x1eeaa54b0b5dbce4b0bdfa3a7f0096b02d78d36f,1,poison_hunter,1.0,Phishing Address
0x1eedb8885ce858bcae7731304cdc1c483f5652af,1,poison_hunter,1.0,Phishing Address
0x1eef7701e79ece2dad5e38f392024af37ff32eb9,1,poison_hunter,1.0,Phishing Address
0x1efff63c9b1246f8c1b5c2ff49a99d3a932186ee,1,poison_hunter,1.0,Phishing Address
0x1f0d662ab5c1d58e9c84944444e616c7c7129096,1,poison_hunter,1.0,Phishing Address
0x1f135c0b527019d4cb9af5c8b4cea976570efd35,1,poison_hunter,1.0,Phishing Address
0x1f1ca1b55a510ae23f8dbdd3ec0830e0f7a93457,1,poison_hunter,1.0,Phishing Address
0x1f20f0e6692656f0fba8cfc80ef5216552f77ac2,1,poison_hunter,1.0,Phishing Address
0x1f3832c9bfe0e9356eb2a642443f2e5fb33d16ba,1,poison_hunter,1.0,Phishing Address
0x1f598edccc3bd1b3ec3208f5d5ed4560a234c4f1,1,poison_hunter,1.0,Phishing Address
0x1f9f792564ba98a52589c0e91bab6fac7dc1cfce,1,poison_hunter,1.0,Phishing Address
0x1fa215779ddde5393baf862f5b7960e88bf70af2,1,poison_hunter,1.0,Phishing Address
0x1fbc0552bf29e1836643d94b8af2d27a02b38061,1,poison_hunter,1.0,Phishing Address
0x1fbfa6f19ad02bd39c1d1743a7494b1f99b85778,1,poison_hunter,1.0,Phishing Address
0x1fd9b9951ec2a8c3231362b0f601e20a717c3a9a,1,poison_hunter,1.0,Phishing Address
0x1fea4463f049d63f539d32c9c16d175778302bf7,1,poison_hunter,1.0,Phishing Address
0x1ff10be8dba3b46a42130c6677bb7af60e1e10b9,1,poison_hunter,1.0,Phishing Address
0x1ff6d3adfdf71347b880e3e8d0ae6dbd2bda3332,1,poison_hunter,1.0,Phishing Address
0x20007f05331d5a856fb8f51a7423323603243800,1,poison_hunter,1.0,Phishing Address
0x200953377ef79f6d566bb89062ac22eb65b18768,1,poison_hunter,1.0,Phishing Address
0x200e8c9cd3cba61d176524a32579133f9f374078,1,poison_hunter,1.0,Phishing Address
0x201ce5a6d2da03de6efc36e99344e933aecd6a9f,1,poison_hunter,1.0,Phishing Address
0x203520f4e9ca690da9fa418a7088ed03095fdfa7,1,poison_hunter,1.0,Phishing Address
0x20427111bb549f50070d8c59ca32fdf83835779f,1,poison_hunter,1.0,Phishing Address
0x204f12dccf0a2b6a01c3a019ef17ead0ba69a2ed,1,poison_hunter,1.0,Phishing Address
0x20554e236a15b8fc64431d7421879ce2a648670f,1,poison_hunter,1.0,Phishing Address
0x20557647e8e6e94dd2ebc5efe2af11f86255c961,1,poison_hunter,1.0,Phishing Address
0x207748947b670a2de80aa97ed6e85de252c56a99,1,poison_hunter,1.0,Phishing Address
0x207872b7f8c13f9e52c47c03fa302b2539fc98b9,1,poison_hunter,1.0,Phishing Address
0x2087e026489d83b0dce0a9013087474ee778293a,1,poison_hunter,1.0,Phishing Address
0x208e4309dad12e41ff4e7465dbe6f3631939d0a5,1,poison_hunter,1.0,Phishing Address
0x2094672fcaa295436c6a12e7a19d2d595b3b6a6f,1,poison_hunter,1.0,Phishing Address
0x209e4e66f2986a774943e04036d68d13dd1a8716,1,poison_hunter,1.0,Phishing Address
0x20a73022365bc52dc22dac3058881c1eee7e70fc,1,poison_hunter,1.0,Phishing Address
0x20ad8c971d7d777cf01f2ebe11208bc705506315,1,poison_hunter,1.0,Phishing Address
0x20b64984495a710d12713a00a6b7f153d96842c1,1,poison_hunter,1.0,Phishing Address
0x20c01923c6a297be69c12142cbf9079c01dcabe3,1,poison_hunter,1.0,Phishing Address
0x20d0db74994da18f0dd865f7363828df60d4c736,1,poison_hunter,1.0,Phishing Address
0x20d3b38a1d8c420b1ddf2cc619db70d248b84a57,1,poison_hunter,1.0,Phishing Address
0x211f08557c7ce49d2b3167a6056d2988a626b721,1,poison_hunter,1.0,Phishing Address
0x2125dd56db7e6823d68a325782bc76c878017196,1,poison_hunter,1.0,Phishing Address
0x2127422a31bd8759db2597963f7f8865b14e9d66,1,poison_hunter,1.0,Phishing Address
0x212e92d972e62e910565568a5a2a8afd8ff6e16d,1,poison_hunter,1.0,Phishing Address
0x21305dc2c4f3a47133ddfc6f06071add786a074c,1,poison_hunter,1.0,Phishing Address
0x21384bc67ee457d9a1fa39947228f017c6e3586e,1,poison_hunter,1.0,Phishing Address
0x213e36b90e6e7c8da8179d84582f3b3441f819cb,1,poison_hunter,1.0,Phishing Address
0x21461d642c40d49e35818b27a824193c0402d4cf,1,poison_hunter,1.0,Phishing Address
0x214cd8aebecb37cff3e40cda5c53ab9326cf4e4f,1,poison_hunter,1.0,Phishing Address
0x2152b49948e74554841a49561a55b0726cd4d176,1,poison_hunter,1.0,Phishing Address
0x2160d8db2c841ba2cf8a6aa639db4341801db722,1,poison_hunter,1.0,Phishing Address
0x216bab777e8a4410b1d827678b7fda3363316d3a,1,poison_hunter,1.0,Phishing Address
0x218d50d56aa68f4129e64cfdb7905bb50cca1adb,1,poison_hunter,1.0,Phishing Address
0x21949fb37fd1d000de06ca4906ae4056f3266c49,1,poison_hunter,1.0,Phishing Address
0x219d6e4bd3e8ea64d0006e69e07e29dadbf873d1,1,poison_hunter,1.0,Phishing Address
0x21b8f014545aa5018e9541399116f3d74d34298e,1,poison_hunter,1.0,Phishing Address
0x21f05eaf904259fac3db08dd01e8279b2d3eae4e,1,poison_hunter,1.0,Phishing Address
0x2200d20ebe8df1db30aa3baa98fc49859230b06e,1,poison_hunter,1.0,Phishing Address
0x221a8875ef39e77dbda5079de2642916785f78ce,1,poison_hunter,1.0,Phishing Address
0x2220eca129897ffb6414b7b628dc8fdceb972a60,1,poison_hunter,1.0,Phishing Address
0x222f1d96c6ef8dd58369c7c992bcc34fb1cc6723,1,poison_hunter,1.0,Phishing Address
0x223af556caa28785a31a31a957cdc9be2f36cb06,1,poison_hunter,1.0,Phishing Address
0x22406be4eac8ddeab26bf78eaafaa443582f61b7,1,poison_hunter,1.0,Phishing Address
0x225523202775a72f9b79bb663702acef5d06a4f4,1,poison_hunter,1.0,Phishing Address
0x225b80207b769878a0bef976470ce20060bb99aa,1,poison_hunter,1.0,Phishing Address
0x226abf98aa79df8191300858a97a89f92dbf18a4,1,poison_hunter,1.0,Phishing Address
0x2291c9db7489a50b98c211aba992a8287932d624,1,poison_hunter,1.0,Phishing Address
0x22956d48672c7ca8de29690c9b669fda5e2a4230,1,poison_hunter,1.0,Phishing Address
0x22a84cf167050b9a7f88d5c20dec561247b825fc,1,poison_hunter,1.0,Phishing Address
0x22ac3bda7deb1e7c08b86aa915cd67e8df19e272,1,poison_hunter,1.0,Phishing Address
0x22be5c226aaf483148baf5edfc705e409204c7f3,1,poison_hunter,1.0,Phishing Address
0x22d6ebca36e8366439282f730bbb3869563ca42c,1,poison_hunter,1.0,Phishing Address
0x22da916deedff4c1f815f8fa8f9080af3f76af75,1,poison_hunter,1.0,Phishing Address
0x230dcb8d480a3485b1849204f645139a0f3a3a56,1,poison_hunter,1.0,Phishing Address
0x231388202d867d9cc8f36603f32763fcba1d3ade,1,poison_hunter,1.0,Phishing Address
0x231528b1a50360e60b8e39a66ee7f6f5d85267f8,1,poison_hunter,1.0,Phishing Address
0x231e0a4ad12f37ed1926810c74e14c10bcc8e057,1,poison_hunter,1.0,Phishing Address
0x231ef1c6bbdd72b8316ebf7757308a19161bf180,1,poison_hunter,1.0,Phishing Address
0x23240f7f23ba9f8b8ee1c1d3a569c511171fbbf8,1,poison_hunter,1.0,Phishing Address
0x2324ac6b84e06651695390916174ebad896ba31f,1,poison_hunter,1.0,Phishing Address
0x2338c692e71185cc8226a448ad7164a18a34a94d,1,poison_hunter,1.0,Phishing Address
0x2339d4020126ba3921cabc8e58186bdfcf0e4985,1,poison_hunter,1.0,Phishing Address
0x23464366547f57a679eda64401d343c2d5c489a1,1,poison_hunter,1.0,Phishing Address
0x234dc36b72c0383dc08c30144292540dc84a626c,1,poison_hunter,1.0,Phishing Address
0x2373aeeca7ea8b09c964ecfcc863766ae620ed04,1,poison_hunter,1.0,Phishing Address
0x2377604b57f4c05e1901b6bf93710a3de5246e14,1,poison_hunter,1.0,Phishing Address
0x2386f4db819babbb442fd6ad057998fd7751e6ef,1,poison_hunter,1.0,Phishing Address
0x23a43e8ba60d98e183e64bf5202ce44be9acd59f,1,poison_hunter,1.0,Phishing Address
0x23aaae55a1d23aaaa8c39f777bb39f5962ac923a,1,poison_hunter,1.0,Phishing Address
0x23af826a5d551f97dce9c254523898cf79714e8f,1,poison_hunter,1.0,Phishing Address
0x23beec3eb8695ec4e44e410d70c4b16ca8d2f520,1,poison_hunter,1.0,Phishing Address
0x23c90825cfe0b252523748f59b66435ce5bab383,1,poison_hunter,1.0,Phishing Address
0x23cee96e012726fff7b8a71ec7ec44d946fd16cf,1,poison_hunter,1.0,Phishing Address
0x23d10face90ac4a1384e8e03b864cbf9da4d4b93,1,poison_hunter,1.0,Phishing Address
0x23dd3eac9cd0f6896749f4f41fb855c8b0ef67ec,1,poison_hunter,1.0,Phishing Address
0x23dec0d0b13567c6f666ffebe4ad69091b7dd873,1,poison_hunter,1.0,Phishing Address
0x23e21cbccc262ba05f41ed1f6dc07c98481e5abb,1,poison_hunter,1.0,Phishing Address
0x23f2fd1782ec2ba0b7ea6720ec2b35a8d4be3469,1,poison_hunter,1.0,Phishing Address
0x240775b5a152a46d16817ec34c96d7d1f1f6662e,1,poison_hunter,1.0,Phishing Address
0x240f324fb1e5301270f521eb12cfcea4eafb3584,1,poison_hunter,1.0,Phishing Address
0x2423b27f6750c1b3a60586d4edcc795f32730fc8,1,poison_hunter,1.0,Phishing Address
0x2424218da466b4f0a4e2728cdb681feed4a1a82a,1,poison_hunter,1.0,Phishing Address
0x242bea874f1579b124ddaab2f491dd44cadcd84d,1,poison_hunter,1.0,Phishing Address
0x24300217ec083fc5d784d20abe30c215a08af3b3,1,poison_hunter,1.0,Phishing Address
0x2431d6fd8e6f48ce112bcc7f56e91944dc524a8e,1,poison_hunter,1.0,Phishing Address
0x2437d970139b146fcb0cb1ddbf0ab5e0ffb7ff92,1,poison_hunter,1.0,Phishing Address
0x243be71b71b23dc3b543f8499a09f3bda996e545,1,poison_hunter,1.0,Phishing Address
0x243c1857c0910ccd9ff00d76107510b9928ab56e,1,poison_hunter,1.0,Phishing Address
0x24476d39fae8812a111331d1ebbe304fc6c08eea,1,poison_hunter,1.0,Phishing Address
0x2459efffd26532e02690bdfdef3dae8378be6cef,1,poison_hunter,1.0,Phishing Address
0x245b761eadf8f6358ff9e563700d0d7bd0912e77,1,poison_hunter,1.0,Phishing Address
0x245ecbe44bc26964a74ac5586de0cf258897c50b,1,poison_hunter,1.0,Phishing Address
0x246d0cc2fd6259007d4a8cf5da36b953759f0436,1,poison_hunter,1.0,Phishing Address
0x2475e5afabea044507df3b17cb44b961374b05a3,1,poison_hunter,1.0,Phishing Address
0x24790f0682cd57fca4055c561408a5688729cff6,1,poison_hunter,1.0,Phishing Address
0x247e8795b04013d1cc683030c79c077241738c1c,1,poison_hunter,1.0,Phishing Address
0x2482c528e8e0ff878eba22a924d321405c4de6ce,1,poison_hunter,1.0,Phishing Address
0x2485743cec81028d42cd921f309642e139a9fe44,1,poison_hunter,1.0,Phishing Address
0x2486478399417375d4026b89ef3e41a49ee8b69d,1,poison_hunter,1.0,Phishing Address
0x24aae7eb2d9ba50fbaa763ec26e81219a6be1f8f,1,poison_hunter,1.0,Phishing Address
0x24baa07329cc958f2f482855ba6e5103f60d6ad7,1,poison_hunter,1.0,Phishing Address
0x24cf53ccc78d4d2298de23e0199f9b2511c534d1,1,poison_hunter,1.0,Phishing Address
0x24e54b5e5caf376af56f357acf0845863e81c4b4,1,poison_hunter,1.0,Phishing Address
0x24f7d5266424fb7433fd729f4b7e625a565ce8e7,1,poison_hunter,1.0,Phishing Address
0x24fdc2a8e85210ee276e73591102e4130212e10e,1,poison_hunter,1.0,Phishing Address
0x24fffafe46e1a07b7b61cc9a432829421f423a06,1,poison_hunter,1.0,Phishing Address
0x25022aff786177a4c30090fcd1309149e931ee98,1,poison_hunter,1.0,Phishing Address
0x250f9104c5b4277d81bcdcbd50545e301a4862ed,1,poison_hunter,1.0,Phishing Address
0x251a9cbae16e18fa1e00e461cc20088088b9515d,1,poison_hunter,1.0,Phishing Address
0x252151089bb87b9df787d80af088f5321059d47e,1,poison_hunter,1.0,Phishing Address
0x252c07527260eccb657ef2ac6ade9020d562b3d7,1,poison_hunter,1.0,Phishing Address
0x252fc1d1e415b37c4e40f76a94c129ad5b5a2c46,1,poison_hunter,1.0,Phishing Address
0x2533e7adf019896a6f8a1be02de1301040eef65f,1,poison_hunter,1.0,Phishing Address
0x2539026766386d35b9c4f213a744ebe13d57e26a,1,poison_hunter,1.0,Phishing Address
0x253bf430e84f447c1b7b8fc0be7bd383e2013886,1,poison_hunter,1.0,Phishing Address
0x253ed8ec94cc4b3c5954a2876c6841c31f4c5378,1,poison_hunter,1.0,Phishing Address
0x2559e2ea99a3c23b19c15530a6cf0f41e891d95b,1,poison_hunter,1.0,Phishing Address
0x256e21322d838aff4479d01229f7e1d74c11ee35,1,poison_hunter,1.0,Phishing Address
0x2576ad50844e6b7cc9556688b036ee0c0d81b47c,1,poison_hunter,1.0,Phishing Address
0x257eab1309ceb7334cb97e2b2ddef7601eebd86f,1,poison_hunter,1.0,Phishing Address
0x258bf027146168dc80dec226959fa53421357839,1,poison_hunter,1.0,Phishing Address
0x258ee8c09ef8233602da8e1a010373e85a91cf24,1,poison_hunter,1.0,Phishing Address
0x25984fcec0c0edca0c5699634132b189c26309af,1,poison_hunter,1.0,Phishing Address
0x25badba0000cd4956b25d93164fdc17f5ee04f7a,1,poison_hunter,1.0,Phishing Address
0x25bed3588f0a4d70de3a1470d659444ede726fff,1,poison_hunter,1.0,Phishing Address
0x25f0e3e9ff919f7f54383326d7c794308c86ea07,1,poison_hunter,1.0,Phishing Address
0x25f6777f5a5f62ffddcb3e15374dc6924abed992,1,poison_hunter,1.0,Phishing Address
0x261cb62140df1f7e90b548041f279086b81b2407,1,poison_hunter,1.0,Phishing Address
0x261ff423990c5601a2b664d6af5b4f464172825a,1,poison_hunter,1.0,Phishing Address
0x26276b1362a14abc1ff594ad4f137e17c5d6c460,1,poison_hunter,1.0,Phishing Address
0x262a54599587e42d5275f42bf4013310205ac720,1,poison_hunter,1.0,Phishing Address
0x262f1abf141ab19dd9835669c867ad80cec127fc,1,poison_hunter,1.0,Phishing Address
0x263b3fcc0e83fa0f319696e420428d891a5c3c4e,1,poison_hunter,1.0,Phishing Address
0x2641dec6df89bc71606ff2a267cc7043d2044e6f,1,poison_hunter,1.0,Phishing Address
0x26718aecf0e4c90ec4b3028a58c0bea5976304f3,1,poison_hunter,1.0,Phishing Address
0x2679aabe0656b6c930536a8fb29525e8366f85cd,1,poison_hunter,1.0,Phishing Address
0x2686b3132ccd30926420a5f1f0058b14ec188076,1,poison_hunter,1.0,Phishing Address
0x26b700022271888e36bcec5664844ab6b33931b2,1,poison_hunter,1.0,Phishing Address
0x26cb9e45ad31703ebd209549e8500090bd4d4dfb,1,poison_hunter,1.0,Phishing Address
0x26cb9e45fabe60a798f3595dc43453d9eb4d4dfb,1,poison_hunter,1.0,Phishing Address
0x26cea0f493926b710ad6186d2086ea9fd37362d0,1,poison_hunter,1.0,Phishing Address
0x26fe23faa721c762bbf2c29d1250043eea772ee0,1,poison_hunter,1.0,Phishing Address
0x270cb3c9fe93457c2ef65d4a42b240d4adae5c9b,1,poison_hunter,1.0,Phishing Address
0x271ea7a939438ba5f73117e33d325a8e24228e1f,1,poison_hunter,1.0,Phishing Address
0x272ba417f57ebcfdbac902986fc179b19aef9a5f,1,poison_hunter,1.0,Phishing Address
0x27389d9f475e7c2093e898e4aad4b3f29fea9b87,1,poison_hunter,1.0,Phishing Address
0x273fa24e4f310cea22672978906eb529ea4239ef,1,poison_hunter,1.0,Phishing Address
0x2746a6aa23ebbd393277c6141b454c30ab65d034,1,poison_hunter,1.0,Phishing Address
0x27509448adedd94870196dead5c73618517ce2f5,1,poison_hunter,1.0,Phishing Address
0x2751fcee04d5758e3cddbdf24fac435a00c33784,1,poison_hunter,1.0,Phishing Address
0x2753653764549e44e91261acf87f8693de674076,1,poison_hunter,1.0,Phishing Address
0x2757a8700eeff247b2da81240431c9572897edfb,1,poison_hunter,1.0,Phishing Address
0x276fe78c91f04fc3d61b8fc96058dcf2df3b739e,1,poison_hunter,1.0,Phishing Address
0x27882798d47b505204c966107b73c1bfb81dd7fa,1,poison_hunter,1.0,Phishing Address
0x2794119f7a1d5b56bd09b6b2d003999290e9d6c2,1,poison_hunter,1.0,Phishing Address
0x2794d416210f3c6afe0ad1804e05f67a115213c3,1,poison_hunter,1.0,Phishing Address
0x279a63401dab87977249699b40462d4fa09ff3ea,1,poison_hunter,1.0,Phishing Address
0x27a2eb932034891464066c66b43ff3c253eba1c2,1,poison_hunter,1.0,Phishing Address
0x27c2e7131e102d3d25fa4e141156b0d0b6c8c9b6,1,poison_hunter,1.0,Phishing Address
0x27d51d14b2b113960a5a40e9d4d123964f2fe47d,1,poison_hunter,1.0,Phishing Address
0x27dd6bfe03f8a285dcb52906f06cda2794332b3b,1,poison_hunter,1.0,Phishing Address
0x27e1c75ddd173a48d3dc4b3891720e08a321ea5c,1,poison_hunter,1.0,Phishing Address
0x27e41c7c8df5e680e10af06e8a9258dddcfa1006,1,poison_hunter,1.0,Phishing Address
0x27fa6edb19ac21dbe68274181fc3651a605b0a74,1,poison_hunter,1.0,Phishing Address
0x27fd43ba573efb3d7dfc3e65814655ba9960c9b4,1,poison_hunter,1.0,Phishing Address
0x27fd43ba661c42c067f5ade2eb081e28e860c9b4,1,poison_hunter,1.0,Phishing Address
0x280933dcd066c3cfa22a880fab2593feb0b96586,1,poison_hunter,1.0,Phishing Address
0x2817df57d436e07a4c7620ee2f7bfe416f53179e,1,poison_hunter,1.0,Phishing Address
0x2818e67355086b3c507c43f9064c96656449d7fe,1,poison_hunter,1.0,Phishing Address
0x281ad780a593de46357be90a2739eedfaaa19745,1,poison_hunter,1.0,Phishing Address
0x281e429bf92bb0196e94d74666ca86f5a6954310,1,poison_hunter,1.0,Phishing Address
0x282f3f5250ae2d39f4f48e1615a553920b6ea897,1,poison_hunter,1.0,Phishing Address
0x283e0eb07e7d73fd93e924352ddd940a175870ab,1,poison_hunter,1.0,Phishing Address
0x284bc4bbd7bee4b0137e708329c36fbc41415ded,1,poison_hunter,1.0,Phishing Address
0x284f2ead0f4729415517f6d7fb4b481438eb7e7c,1,poison_hunter,1.0,Phishing Address
0x28571e53f9ad4bbabfab73667e4b37d50038f4d9,1,poison_hunter,1.0,Phishing Address
0x285f2bd5932e669f131350e51228e403f5f9945e,1,poison_hunter,1.0,Phishing Address
0x2868df7ce0599f108dafb52c6caf72a51a538e59,1,poison_hunter,1.0,Phishing Address
0x2869e2e226a72b3bf6d5e304fd3255b20ed9eb7a,1,poison_hunter,1.0,Phishing Address
0x2878cbaf38a482a8cc584d8e7d33dc6fffe8ec85,1,poison_hunter,1.0,Phishing Address
0x2879ecbcc954ed8c103016c8ea60ff4abe36eed3,1,poison_hunter,1.0,Phishing Address
0x28884c8bcd08a5ee07c418b15517b0190c21fef5,1,poison_hunter,1.0,Phishing Address
0x28923a18051e29a792fe86ace1f3e1e711bb8427,1,poison_hunter,1.0,Phishing Address
0x2899fae8189e131a83deaabe9d5b382b13424f7d,1,poison_hunter,1.0,Phishing Address
0x289ce959d020e968269fcd6185bb973d2075b93a,1,poison_hunter,1.0,Phishing Address
0x28afc51c0fd33ff1a9af324d94cc42ad619129de,1,poison_hunter,1.0,Phishing Address
0x28bc1238160bb275cd54f981b70c00cb2f9b865e,1,poison_hunter,1.0,Phishing Address
0x28c0770ab9737a56a3b0a01e9c854144e933ee99,1,poison_hunter,1.0,Phishing Address
0x28c7bd0fa355a41410e063b9b5b44f0841a81639,1,poison_hunter,1.0,Phishing Address
0x28c8f7a17384645e587121887d756151bf3419f0,1,poison_hunter,1.0,Phishing Address
0x28cfe6174683d7c407ca99e05c01c1857deccc0a,1,poison_hunter,1.0,Phishing Address
0x28e61e65f863c9b9c10e9413427d26abbf042820,1,poison_hunter,1.0,Phishing Address
0x28e64c187e10b2cf39d93f3f9188f14c3280400d,1,poison_hunter,1.0,Phishing Address
0x28f0f8a8888dceb21888624b2a2fcbb57dc0a2df,1,poison_hunter,1.0,Phishing Address
0x28f95d3377c3942741b175ec7d368848f3fb8c6f,1,poison_hunter,1.0,Phishing Address
0x28fbd4c387dab8f57b984cccb596fe3a82259135,1,poison_hunter,1.0,Phishing Address
0x29014ee2f48e011f49f764f4973bac0f27748f87,1,poison_hunter,1.0,Phishing Address
0x291e77ee0e35d49952247c9dcd944727ed61c5cc,1,poison_hunter,1.0,Phishing Address
0x2923f4593a16495daea526928a74445462ac0d88,1,poison_hunter,1.0,Phishing Address
0x2930a76da3fe53d8de00088cadbd476d48b83407,1,poison_hunter,1.0,Phishing Address
0x293b034a9ea4e23e8435924dfe6933eddab3ccd1,1,poison_hunter,1.0,Phishing Address
0x293f1ad6907dfe8a3724bc656f66af43a44ab0d0,1,poison_hunter,1.0,Phishing Address
0x2940298ae174d215e249e624e03153c4fefa6b28,1,poison_hunter,1.0,Phishing Address
0x294316216afc07d8416ecfddac85a1657aaea9ae,1,poison_hunter,1.0,Phishing Address
0x2944997f7142728abe80af233491a74f5caf9d71,1,poison_hunter,1.0,Phishing Address
0x29468f1782303066d81a487a41bd57854a61007b,1,poison_hunter,1.0,Phishing Address
0x294fe4c746e4c66e13bfe26dc52672b5510ba042,1,poison_hunter,1.0,Phishing Address
0x2970cef10c7b92f34c63ebfdcd04c2679fd703e7,1,poison_hunter,1.0,Phishing Address
0x2971c96e75157932af734206e9be416ebb6a62d9,1,poison_hunter,1.0,Phishing Address
0x298caa3eddb312e9fa5cca742c4c1d2aca304e1d,1,poison_hunter,1.0,Phishing Address
0x299ff2f74fb3cd59e41019c982defde8a77fb1ab,1,poison_hunter,1.0,Phishing Address
0x29a78e2151a3f24d1c5613a5a17d21e82f849dac,1,poison_hunter,1.0,Phishing Address
0x29c229b6870791bb60e53ea8e6a5a16ae98b0946,1,poison_hunter,1.0,Phishing Address
0x29ca08b5f8154c06d9b146bcdfc24b8662e2a95e,1,poison_hunter,1.0,Phishing Address
0x29ccd95e398c48c582467943534c99378be11878,1,poison_hunter,1.0,Phishing Address
0x29d9366ac2994d49ca4bb0c7349221cc6a69016e,1,poison_hunter,1.0,Phishing Address
0x29d9fc341deaaeed9c139f5be55d95a242881d7e,1,poison_hunter,1.0,Phishing Address
0x29f0b24ed44a8857137b372e336099101b25c46b,1,poison_hunter,1.0,Phishing Address
0x29f589d11bcd2d8e8fb5be5a1f1b73a237a20ab2,1,poison_hunter,1.0,Phishing Address
0x29fff895676b4613081115e0a948d9a9e51dcdbb,1,poison_hunter,1.0,Phishing Address
0x2a08c364409aeded614dbbbb4ee1a3fd65f9d2d7,1,poison_hunter,1.0,Phishing Address
0x2a113b5756af139b07e4feb61803dfa00057b2b7,1,poison_hunter,1.0,Phishing Address
0x2a1fdaef6d5830eb4b5bcc3517a6dae96b4ec29b,1,poison_hunter,1.0,Phishing Address
0x2a21f116b033dd324a810bdd9199f13c8ee4c4e6,1,poison_hunter,1.0,Phishing Address
0x2a2688e9a229d2462fb7fe15cf41e4006e0c0b61,1,poison_hunter,1.0,Phishing Address
0x2a2d2c95ee4aecacae725608626f8e77ccd9341d,1,poison_hunter,1.0,Phishing Address
0x2a350f590cab918b6f27d914dfe59c958ea777df,1,poison_hunter,1.0,Phishing Address
0x2a39290884f2707aa8104c64c8beb7c87ac877df,1,poison_hunter,1.0,Phishing Address
0x2a4462fbaf97475a18c4efa9a639cb632b705e18,1,poison_hunter,1.0,Phishing Address
0x2a6610a55aef29c5c8aa301fbb423460c636cde4,1,poison_hunter,1.0,Phishing Address
0x2a67c006efe6cce193cb63642c81633c6292fecd,1,poison_hunter,1.0,Phishing Address
0x2a69e7a51d0df84c40957ea3b2b6e1f9f559b742,1,poison_hunter,1.0,Phishing Address
0x2a83513db94fe18b0615f5bb15f6460f6d37abc8,1,poison_hunter,1.0,Phishing Address
0x2a8720016161e3286c0c6ce7006d69e8c5504710,1,poison_hunter,1.0,Phishing Address
0x2a872005df56009ea6c19ddad9b0eb0108504710,1,poison_hunter,1.0,Phishing Address
0x2a8744872b37a48ef06d638833d9b57e2766ebbc,1,poison_hunter,1.0,Phishing Address
0x2a8c3484fabf4f11b7009db15a8ef7d44f2c9848,1,poison_hunter,1.0,Phishing Address
0x2a8e54f60283bd353dfe0e9c1f1463ec8ae581d2,1,poison_hunter,1.0,Phishing Address
0x2a9a5de8dcadf6fb6f25d498f09a218c64079315,1,poison_hunter,1.0,Phishing Address
0x2a9ecad32fc1f98f91d525ccba90229a7f9ded8f,1,poison_hunter,1.0,Phishing Address
0x2aa3df8685b549cce9144cb5a6ab5e419c9427f8,1,poison_hunter,1.0,Phishing Address
0x2aa84ec6d119d467cb9db309d791faf0d85b7af1,1,poison_hunter,1.0,Phishing Address
0x2adaadf2c7606c14688adb90ba9a32e052739c7b,1,poison_hunter,1.0,Phishing Address
0x2af2dc3434b008139487f04f0f9d51e0ea16be06,1,poison_hunter,1.0,Phishing Address
0x2af35aa4e4652f88aece2ad4e384deccff179885,1,poison_hunter,1.0,Phishing Address
0x2aff5829c0e97031796341bcb0aa02be1203dc1e,1,poison_hunter,1.0,Phishing Address
0x2b0c5d843861b1c5fa5b925b2d6253222383c31c,1,poison_hunter,1.0,Phishing Address
0x2b3056839cfd0e4d4abf49cd1e751bf0fbb03d69,1,poison_hunter,1.0,Phishing Address
0x2b37a5efeb822c8d4b5d81a7120c711bd04309e2,1,poison_hunter,1.0,Phishing Address
0x2b392ae658c1f1ac98747aec37b6bcf771f10804,1,poison_hunter,1.0,Phishing Address
0x2b52decdde719c1e7bd7c81f4c3186d5f57c127f,1,poison_hunter,1.0,Phishing Address
0x2b65dc8b2a49ea70caf8b5943aa2e494273158a5,1,poison_hunter,1.0,Phishing Address
0x2b6f905e654e08228511c98a42ced947ae78c7ac,1,poison_hunter,1.0,Phishing Address
0x2b7ba05ba091c800aa92fe8480883f3c08069ee5,1,poison_hunter,1.0,Phishing Address
0x2b8720cedd52e118c63ba044f1d320c0e3b701a4,1,poison_hunter,1.0,Phishing Address
0x2b88d0cd04a49549762c53e8c30ae127541855dd,1,poison_hunter,1.0,Phishing Address
0x2bb4a75d43fac20f7b9fc6a1c43024aff343b57a,1,poison_hunter,1.0,Phishing Address
0x2bb85fad81184ae0ab94b70df5f97e16ff982700,1,poison_hunter,1.0,Phishing Address
0x2bc63e1c1cea308406ba33884c19fdc3bf65cc0f,1,poison_hunter,1.0,Phishing Address
0x2bf28bd8c4b59a2fe927c9e957e06b5678276a79,1,poison_hunter,1.0,Phishing Address
0x2c04eea7a971ec7327cbd202838b965366365bef,1,poison_hunter,1.0,Phishing Address
0x2c0cbd9803b2578dc3378c3b667f55a2ba577da2,1,poison_hunter,1.0,Phishing Address
0x2c121768b65d3960c1a23d7327d9df4821622a28,1,poison_hunter,1.0,Phishing Address
0x2c14e99055a14a35c56795a5247bf0cee107addc,1,poison_hunter,1.0,Phishing Address
0x2c15aacb4288a81f8a35e149eeea98ef002f8c54,1,poison_hunter,1.0,Phishing Address
0x2c4cbea89e622d4525a94cd037aba61d4e8b0c4c,1,poison_hunter,1.0,Phishing Address
0x2c4f026c7205d5a8752653528826e66d04348c30,1,poison_hunter,1.0,Phishing Address
0x2c52a6d7d21157ca597324e85f7c83bb5879dcb0,1,poison_hunter,1.0,Phishing Address
0x2c77edec5cc08d575a4ce7f8bec9e0304b8a7eb3,1,poison_hunter,1.0,Phishing Address
0x2c79171513755ccaf333c9b8ebaed9573c279e16,1,poison_hunter,1.0,Phishing Address
0x2c7a0f2aa10aa4fbcfcfad14537125f7ac29e02b,1,poison_hunter,1.0,Phishing Address
0x2c80f8f28a3f785902d8f8da8f08c3b3ae453c17,1,poison_hunter,1.0,Phishing Address
0x2c86dff378883c283599d24c8bd68b1fbef9894d,1,poison_hunter,1.0,Phishing Address
0x2c87ccf1705734ca5fa9227d2084ceda32cbce46,1,poison_hunter,1.0,Phishing Address
0x2c895f17af508e3375e2726487f8b031b970ef6d,1,poison_hunter,1.0,Phishing Address
0x2c92e7fe705ecfb6ee19aa60b70b5bce3ac8517a,1,poison_hunter,1.0,Phishing Address
0x2cbd6282d04a9e819cbc9698e342addea4dc55a4,1,poison_hunter,1.0,Phishing Address
0x2cfa5b1d2b0201f6554e175209f9979ffabea7aa,1,poison_hunter,1.0,Phishing Address
0x2d1ec2db8c6b48e9960cb353ece31a26d12e53b0,1,poison_hunter,1.0,Phishing Address
0x2d1f783cc973975deb5123aa28889c8e3e9953b0,1,poison_hunter,1.0,Phishing Address
0x2d332d938cd711cc9fd6aaeecdb8cfe731f0d34e,1,poison_hunter,1.0,Phishing Address
0x2d33907f372f5906c057020e932bdf009dc0167d,1,poison_hunter,1.0,Phishing Address
0x2d36b6b2450bf1401e189914faf3125f41ffe205,1,poison_hunter,1.0,Phishing Address
0x2d4690fb5f416ab33d382cb1b40adf6478bcc32c,1,poison_hunter,1.0,Phishing Address
0x2d4e84b7f32c4054da15e89c3bc912783d075099,1,poison_hunter,1.0,Phishing Address
0x2d5986c8ff9fcf644242ccede8081095f0e15f82,1,poison_hunter,1.0,Phishing Address
0x2d5b5cbafc9d75be74924bd4b3fa75ab9fc11706,1,poison_hunter,1.0,Phishing Address
0x2d5fd7d55028aef737db33da129b9162c7a42784,1,poison_hunter,1.0,Phishing Address
0x2d6574e4ba938b4f52135a02a69f218e87e65286,1,poison_hunter,1.0,Phishing Address
0x2d6d9d9f9540c56b9b86feb45d2c178966607a89,1,poison_hunter,1.0,Phishing Address
0x2d7a3260276e27a277e620011de1a5f032193de3,1,poison_hunter,1.0,Phishing Address
0x2d88a82aaca69d615da024a5e25ef97a5401cb22,1,poison_hunter,1.0,Phishing Address
0x2d88b6fa16847c3420714a9d31556a3f620788aa,1,poison_hunter,1.0,Phishing Address
0x2daff4573bd9792a2badb5bd9f0e5bfcf92e419a,1,poison_hunter,1.0,Phishing Address
0x2dc53f08d7d27932630151dc7675191e3b09df38,1,poison_hunter,1.0,Phishing Address
0x2dd60ff67279aa8d1ccc080e5cee3b44a15d701e,1,poison_hunter,1.0,Phishing Address
0x2e1905cebab8098af124bd5ac97a66ff5da30998,1,poison_hunter,1.0,Phishing Address
0x2e1f129422c11b809fde702460a2157506fa7b5b,1,poison_hunter,1.0,Phishing Address
0x2e24a923272e8503aa21443b70c31c4393555dbd,1,poison_hunter,1.0,Phishing Address
0x2e27abada9c70c399829adee07cd8df383cefad9,1,poison_hunter,1.0,Phishing Address
0x2e35a2eefe014ebcdbc677b3a9ab4ee34d8c3bc2,1,poison_hunter,1.0,Phishing Address
0x2e385022a45fc5ca21ccf7ef32a26e7f2024e777,1,poison_hunter,1.0,Phishing Address
0x2e51128cc1fbd9064cefb9df0df559ada28e9c7e,1,poison_hunter,1.0,Phishing Address
0x2e619ccd33d56bf7d51ebaa4017b7a229251ec08,1,poison_hunter,1.0,Phishing Address
0x2e63bcaf488768f6143b8f969c00599acc4860ab,1,poison_hunter,1.0,Phishing Address
0x2e72d531ce4f4e7384311c7d2048814142af4396,1,poison_hunter,1.0,Phishing Address
0x2e7945f287dedefa8abe85b1ca4248294cb2d9c7,1,poison_hunter,1.0,Phishing Address
0x2e7cfd5dd22219cffda5868ba708dc6b7cc072a0,1,poison_hunter,1.0,Phishing Address
0x2e849e4af090570f43dd02dacd4dc0ea616cecec,1,poison_hunter,1.0,Phishing Address
0x2e8b9ca06c8833f7e57fce855c108d64bc02dfa1,1,poison_hunter,1.0,Phishing Address
0x2e8da6c796999e505e0a862ed63b7ce2cf747423,1,poison_hunter,1.0,Phishing Address
0x2e9b5a13dca0f7a99d723b5d367b182e685776ff,1,poison_hunter,1.0,Phishing Address
0x2ebb711dd70f46b148872106c16a60b556ee54ec,1,poison_hunter,1.0,Phishing Address
0x2ecfb468e5352351669f15095afe78e84bddc149,1,poison_hunter,1.0,Phishing Address
0x2edbabf2e1a2af9ac67347900f7519cc8eef4772,1,poison_hunter,1.0,Phishing Address
0x2ee03fdc7e1fd136da6d6b47e1c9d10f4bdd84b5,1,poison_hunter,1.0,Phishing Address
0x2ee3f182843a85d0026d537029b28b26442d8dbc,1,poison_hunter,1.0,Phishing Address
0x2f0d0b3dc67c48e341163491b10b0fa156ff2658,1,poison_hunter,1.0,Phishing Address
0x2f0f15087b2c1de5ae4d51b4f469cdc9b214a170,1,poison_hunter,1.0,Phishing Address
0x2f1930806fede72efd6586d674711202eb1b7edc,1,poison_hunter,1.0,Phishing Address
0x2f1bc89b732e6eb7ff0c8b05e5ab6a4d3aa1f9c8,1,poison_hunter,1.0,Phishing Address
0x2f26bac5f81fb6d1750db13a689cf0b2c9bfdeac,1,poison_hunter,1.0,Phishing Address
0x2f27d6f91a2bb3700109a9ac718fe0388901157d,1,poison_hunter,1.0,Phishing Address
0x2f2e843786cd41b4f16610f29a04184959528e6e,1,poison_hunter,1.0,Phishing Address
0x2f3e433cbe836d7a65a3c3ac4bb6890e08d78f0f,1,poison_hunter,1.0,Phishing Address
0x2f424753b0bae90668f90c6bcc0e60fe697c2ad1,1,poison_hunter,1.0,Phishing Address
0x2f444732eeceff73c4aa3f5358404d8bbe638c0b,1,poison_hunter,1.0,Phishing Address
0x2f46581addfb96c7091a80dfac306425d61a9038,1,poison_hunter,1.0,Phishing Address
0x2f74427d796a0b62796c46c5c98d5d7834c69c36,1,poison_hunter,1.0,Phishing Address
0x2f7510af73d6708dc1b802ae14af90e3c9a85577,1,poison_hunter,1.0,Phishing Address
0x2f8435761d411844764e5854b6c655b14815e27e,1,poison_hunter,1.0,Phishing Address
0x2f8d10697ca5e33784220909958eca7017e93cd8,1,poison_hunter,1.0,Phishing Address
0x2f944fa4844a0ba31a3948a8b93dc8980ba9b142,1,poison_hunter,1.0,Phishing Address
0x2f94af374e5e63597bfec3ac1e586473dba09de1,1,poison_hunter,1.0,Phishing Address
0x2f9cc57a14b52e8453164017c89660071084b4e5,1,poison_hunter,1.0,Phishing Address
0x2fa5b2c49c4486b6550801323d40ae9c97a0e005,1,poison_hunter,1.0,Phishing Address
0x2fba26625ade0b47fb24106d2feac3252c3011bc,1,poison_hunter,1.0,Phishing Address
0x2fbc8be9e8f2c3236c822f3b6e16b849d3353118,1,poison_hunter,1.0,Phishing Address
0x2fca054166397a7f6b3157c90605c22881ab1d93,1,poison_hunter,1.0,Phishing Address
0x2fd8397c560acdca71974b690076ba5dc4793a2c,1,poison_hunter,1.0,Phishing Address
0x2fdab7cbcfecf7c80d6117c792909c4701d75245,1,poison_hunter,1.0,Phishing Address
0x2fdf150f1ef84561672d486e9b9971f482e2d368,1,poison_hunter,1.0,Phishing Address
0x2fe70054cf6eb1c4074e42d1661167b5dcdb1594,1,poison_hunter,1.0,Phishing Address
0x2fecc5c29fa7def4ab2a2d6e92a54d9e878e20e9,1,poison_hunter,1.0,Phishing Address
0x2ffdfd85870e5f539255601eff046f9ad6dd7a74,1,poison_hunter,1.0,Phishing Address
0x3001a47551617e81f0949017876e817216fb244a,1,poison_hunter,1.0,Phishing Address
0x3024f5f909b6e603bd129ba91e8f1ea1c25f6ac1,1,poison_hunter,1.0,Phishing Address
0x3026643ac660cc4788bc82bcd5e6ac4bd57c8b09,1,poison_hunter,1.0,Phishing Address
0x302c66e9a626144a51987fb273173ffb1e07327f,1,poison_hunter,1.0,Phishing Address
0x303dc65caa440c5d80296e82a369412da3a09b72,1,poison_hunter,1.0,Phishing Address
0x303f72a0cc7c8a261a873cda07bc6d7d40ebe115,1,poison_hunter,1.0,Phishing Address
0x306ea7b0fd1188a48ecb5665a7e250651c4188d9,1,poison_hunter,1.0,Phishing Address
0x3090792f0dbdc2105b3f474cf82e801d117ab820,1,poison_hunter,1.0,Phishing Address
0x3090fc10de288336961f3f3b51c5e4f95ec2efc6,1,poison_hunter,1.0,Phishing Address
0x3093ec42d2f3b122e159ca52b564334fbe9875a7,1,poison_hunter,1.0,Phishing Address
0x309d46d16fb7052140f5bce6eb7be8eabde2c739,1,poison_hunter,1.0,Phishing Address
0x309e2f9db1e62dcc9c4015114f978cd6420417ee,1,poison_hunter,1.0,Phishing Address
0x30b143928fceea8fde9c9119aba351cd27152f33,1,poison_hunter,1.0,Phishing Address
0x30b95c06de12ebc7e27243d95355a5d24cc40638,1,poison_hunter,1.0,Phishing Address
0x30bb0bf3255f786134dc7d273bccb15842ea1248,1,poison_hunter,1.0,Phishing Address
0x30bc3f712de67533ceafebc22a0a730bdb068bbb,1,poison_hunter,1.0,Phishing Address
0x30c140b0468951d6b081b5d70d7aa6febaee50e2,1,poison_hunter,1.0,Phishing Address
0x30c584435f5c677600d0a206f2f50c70d9eab052,1,poison_hunter,1.0,Phishing Address
0x30f6966cef8e126dabac64f21f38c4dfc1e9fb6d,1,poison_hunter,1.0,Phishing Address
0x3106005decffb43a1dd87110a1486a6f3ca762ab,1,poison_hunter,1.0,Phishing Address
0x310d38a586c65d93c3587d23ea67303d7307c3bc,1,poison_hunter,1.0,Phishing Address
0x310d38ac15f2700cbe87de34dec5aad0ee07c3bc,1,poison_hunter,1.0,Phishing Address
0x31145b094fd55d30fb5d0bbe37de091d5a151b7f,1,poison_hunter,1.0,Phishing Address
0x311765ee4484cffd900f21b237ff60376b07168e,1,poison_hunter,1.0,Phishing Address
0x31183382155d0b2e67bc9915356d7248f0df033e,1,poison_hunter,1.0,Phishing Address
0x311a41cb4a374b0a929018e36eec157b9eadcaab,1,poison_hunter,1.0,Phishing Address
0x312d77e07b41de307cc4da1775d1153ce3f9e3dd,1,poison_hunter,1.0,Phishing Address
0x31351c558270f4c41f622c027b5850819bcdf29a,1,poison_hunter,1.0,Phishing Address
0x31426e196d6e51adf00d94f2a73401c1403eb397,1,poison_hunter,1.0,Phishing Address
0x314853016038596cc0f13fe3a6695321cc2141b5,1,poison_hunter,1.0,Phishing Address
0x3150b2fd302241c8f88d184a9633f35adfd24ca6,1,poison_hunter,1.0,Phishing Address
0x3150b2fdbabe5c4ca2d8a6986cb0789bded24ca6,1,poison_hunter,1.0,Phishing Address
0x315fca312825c15d95ad1eb7a5d1944b3489e550,1,poison_hunter,1.0,Phishing Address
0x316b9522fe766454d00e2182498a04ce9218c9d3,1,poison_hunter,1.0,Phishing Address
0x3176882c066f38c364f1606430c41eceacdc7d63,1,poison_hunter,1.0,Phishing Address
0x318a96b8db6887fd8c3104bba1ff67b1f20eedc4,1,poison_hunter,1.0,Phishing Address
0x31a5ddd01c527c535e6bcae6837d5d167db51e63,1,poison_hunter,1.0,Phishing Address
0x31ba580ebabc8b3aba466f7a6af5ae7bcb06c79b,1,poison_hunter,1.0,Phishing Address
0x31bb17c030555426509dc02d9b2cbb6ac43468b9,1,poison_hunter,1.0,Phishing Address
0x31d8d9ef18fe1c43aa5b1c3bfaf1ea4a1a3758e0,1,poison_hunter,1.0,Phishing Address
0x31da712fac5d53f81b883f8dac3280abf715f7bc,1,poison_hunter,1.0,Phishing Address
0x31f84604d21450f339a55ea247ccb5d2c96e5f52,1,poison_hunter,1.0,Phishing Address
0x31fe86c3685ed949e3217432f3359ab7098649cb,1,poison_hunter,1.0,Phishing Address
0x32047dfbd5ede49508a360cc7eb6de627af134b2,1,poison_hunter,1.0,Phishing Address
0x320cf3722c27ebe0aa8985a9fd73089047b40729,1,poison_hunter,1.0,Phishing Address
0x321d0a02b209359f851f34e24079c1c4c9fb9d0b,1,poison_hunter,1.0,Phishing Address
0x322143a4c12dd1c0c3dad7c398d5025bc1d86ec8,1,poison_hunter,1.0,Phishing Address
0x32330c2883aebf47f874c6cc149538ce11f507f2,1,poison_hunter,1.0,Phishing Address
0x323729fb350649107ae44cb74886302e38468193,1,poison_hunter,1.0,Phishing Address
0x3245e7810572cd22448bbb669e727131a572a49a,1,poison_hunter,1.0,Phishing Address
0x324703a9205cbe8ccc1209af33003e31d4c5952d,1,poison_hunter,1.0,Phishing Address
0x325a33e43285eb86c326486b2e41f9cb2da3c704,1,poison_hunter,1.0,Phishing Address
0x327b2ad989c3e179a1944830229c074f5a8c6ac6,1,poison_hunter,1.0,Phishing Address
0x327bb50e14aa9e74f422d45ee5e375fdd89766c8,1,poison_hunter,1.0,Phishing Address
0x3291b4af4280313e8a7ddc01bcb9f93b0e46db2a,1,poison_hunter,1.0,Phishing Address
0x3291e96bbfb925167b3533876210579db54b2b37,1,poison_hunter,1.0,Phishing Address
0x32a263a34436c1942f06c6845abc377878b994cf,1,poison_hunter,1.0,Phishing Address
0x32a45aafec4d9806089823a65bea4dde87be722c,1,poison_hunter,1.0,Phishing Address
0x32ab68e60ed28251fd0f0c286b3188bf52e066d7,1,poison_hunter,1.0,Phishing Address
0x32c3c7a56955a95c9783a22450d3875dd8de4b86,1,poison_hunter,1.0,Phishing Address
0x32d5a2be1017557b760bef3c6471bc8ee924be12,1,poison_hunter,1.0,Phishing Address
0x32db926e17140fb4b258cbb9233b97f11535c8c8,1,poison_hunter,1.0,Phishing Address
0x32e67082068357517c9e8109edf4d4afac010ffa,1,poison_hunter,1.0,Phishing Address
0x32f7f8f44965a78978aacfa431f6ffd5e39b4552,1,poison_hunter,1.0,Phishing Address
0x32fee27339ef3c5dc5935b3dd378c504b093e0bf,1,poison_hunter,1.0,Phishing Address
0x330c821779016e5103fefea5b6a775acc897d30f,1,poison_hunter,1.0,Phishing Address
0x331154ed755afc61b353101bf0c51e7edc9a8c69,1,poison_hunter,1.0,Phishing Address
0x331172a5cfe679a00036307c8f0c1b9b44c6f181,1,poison_hunter,1.0,Phishing Address
0x331cf4791a5dd70a5255993ecc04001e924fe56b,1,poison_hunter,1.0,Phishing Address
0x3320cb1abcc7a8c6cb285dc561db685907274823,1,poison_hunter,1.0,Phishing Address
0x332f12762f63168f99a849d943957e96d35e6fb8,1,poison_hunter,1.0,Phishing Address
0x3338c3285e6216764dd9142a2a85709b26e94618,1,poison_hunter,1.0,Phishing Address
0x3351ba01b0fdfed8ae8de14d2ed3743de90938f8,1,poison_hunter,1.0,Phishing Address
0x335c65d9d74f36475f607f30bdba174a761021ed,1,poison_hunter,1.0,Phishing Address
0x335c88178d140a8a5f04c93ac9c21fc59afdfb92,1,poison_hunter,1.0,Phishing Address
0x336191373993226e065a308d5cc8bb32d015510c,1,poison_hunter,1.0,Phishing Address
0x337bab82ccb78f561c821624fd666930bf23d8bc,1,poison_hunter,1.0,Phishing Address
0x338620f1eb0423bcb93d0c5c21cac9739f85f1c5,1,poison_hunter,1.0,Phishing Address
0x33a2b931422440ae4eba6f5c745514ab17956ca3,1,poison_hunter,1.0,Phishing Address
0x33a2e5c686ba888a731109f8a391f2e0993aeaa4,1,poison_hunter,1.0,Phishing Address
0x33b84fe1bcb9198b38fffaee11af946f25756fa1,1,poison_hunter,1.0,Phishing Address
0x33c04e4db2e9559c4238ddbf095cf5a367acdfb4,1,poison_hunter,1.0,Phishing Address
0x33c32b4a41634aaf1e652421863a49ec0968be1b,1,poison_hunter,1.0,Phishing Address
0x33c7fa9ee7526804be470875c3ab145594f8c051,1,poison_hunter,1.0,Phishing Address
0x33cce3e8d0e7278594ddfcb7f202c53bf40defd3,1,poison_hunter,1.0,Phishing Address
0x33dc10bd27ad52a791637d0007a16c5d8e209245,1,poison_hunter,1.0,Phishing Address
0x33e3149b27f251b3bc530ec12f0b807c0c8734f3,1,poison_hunter,1.0,Phishing Address
0x33e738c48303a6ce9aeb6ed22821341c967f3558,1,poison_hunter,1.0,Phishing Address
0x3409015d229e44bceb0e46ad3347c2fda8b1dec2,1,poison_hunter,1.0,Phishing Address
0x340eb8b43adc1e4c505599d5f7dc4c7e92dedf75,1,poison_hunter,1.0,Phishing Address
0x341992953a4183b2d16a42d40a3920d28d979239,1,poison_hunter,1.0,Phishing Address
0x34214ddf784b284de602a5e687890181cc4a31a9,1,poison_hunter,1.0,Phishing Address
0x3421939a5e2e793b62d41daa4f6f77f6544cab99,1,poison_hunter,1.0,Phishing Address
0x342802f8b8747ed6bba85ca2dda1f00faf90d02b,1,poison_hunter,1.0,Phishing Address
0x342c5092bb8ff97d2bd006252dfba09786cc0bea,1,poison_hunter,1.0,Phishing Address
0x342ff43d43a1ca27cd5e1d504e0b3f4f23db8eea,1,poison_hunter,1.0,Phishing Address
0x34328a43fbf30fadc0ccd51f40dfd1fdb704fc03,1,poison_hunter,1.0,Phishing Address
0x3434fb3355fc435bc49180cf7b8f5f5b2f14dc33,1,poison_hunter,1.0,Phishing Address
0x34383a9fd58e2d249cc3a5ac2b1626d2afc8b02c,1,poison_hunter,1.0,Phishing Address
0x34415cb3cbc359586505e0834129465257185064,1,poison_hunter,1.0,Phishing Address
0x3464e4caa2658c8fdd4d3c51e75ce535c3187137,1,poison_hunter,1.0,Phishing Address
0x34867bb3cffd07f0cea37170c0b915d4198c6f2c,1,poison_hunter,1.0,Phishing Address
0x348910ef6f7bc1faf80ec470992f9c3b1d41b324,1,poison_hunter,1.0,Phishing Address
0x348c18beffe5a83bb40a0f5379c41b0a0fb98bbb,1,poison_hunter,1.0,Phishing Address
0x34914c3e28b766c99db02207d083ef3afbe7c867,1,poison_hunter,1.0,Phishing Address
0x3496a1f02dbfeed89dfcf1588be9432477ceb85c,1,poison_hunter,1.0,Phishing Address
0x3497e136366f416d8b81064cb37a5554a0d2f23f,1,poison_hunter,1.0,Phishing Address
0x349ccb51792f2b4c49c7f94301e29b0e0c43accc,1,poison_hunter,1.0,Phishing Address
0x34b413803a89bf5724d486467854d7ff4d137482,1,poison_hunter,1.0,Phishing Address
0x34bb44130a7f5cfab60c62370f6664b8af1ed914,1,poison_hunter,1.0,Phishing Address
0x34bb4413bd886319ef8790eb0711704cad1ed914,1,poison_hunter,1.0,Phishing Address
0x34bdba6cb6c88bdb4e598f74de62061a78b3806c,1,poison_hunter,1.0,Phishing Address
0x34e136fc1aa03f1247a34d9442d5ed7550f47c83,1,poison_hunter,1.0,Phishing Address
0x34e8d6d2171dffb29c2d38f06be4b0042cbfc055,1,poison_hunter,1.0,Phishing Address
0x34e9826c34fea69c52557cab1c5403fb0fb288fd,1,poison_hunter,1.0,Phishing Address
0x34f2195636a2dd6963f89c990cb64ec591f29197,1,poison_hunter,1.0,Phishing Address
0x34fd0da082790daf9ed77c77571333196f9a1475,1,poison_hunter,1.0,Phishing Address
0x350377702c77e38662e26723464d4371c4632064,1,poison_hunter,1.0,Phishing Address
0x350f3a3cbc86b7766603e9a1bbfe7b3e33627a3e,1,poison_hunter,1.0,Phishing Address
0x3515911da8af3dcd4773d0e562a713511841e162,1,poison_hunter,1.0,Phishing Address
0x35212b9a2f39ae5ad653b045b55ba24e4988529d,1,poison_hunter,1.0,Phishing Address
0x35232296a5455273ba16300016910eeac1ebbfc9,1,poison_hunter,1.0,Phishing Address
0x3529d9114768313e1b4c3e8c05ee5e2d0bff68ea,1,poison_hunter,1.0,Phishing Address
0x352a9de414e8490462602e9c78b6a6f7a3ad7503,1,poison_hunter,1.0,Phishing Address
0x3533c6405e1ca4308c4b462ef4a1bfd0b68837aa,1,poison_hunter,1.0,Phishing Address
0x35364a4b23dc3c6a6439cd4e54d7b401f171123f,1,poison_hunter,1.0,Phishing Address
0x3540849e010b059b501f6aa7ecba4e0709eeea8c,1,poison_hunter,1.0,Phishing Address
0x354a181d8e57575b4ef5148080bf21b3860aafbb,1,poison_hunter,1.0,Phishing Address
0x35514719cbaf3e08f77957c1d0bde16d62993470,1,poison_hunter,1.0,Phishing Address
0x355c3ffc19627e6b6ca6995323188d0d849d4652,1,poison_hunter,1.0,Phishing Address
0x3560e3242e43b5a608ab09f3f26a43f7bed86c3d,1,poison_hunter,1.0,Phishing Address
0x35667aea0ad030ee1f1f392c999eb9b00942e2c1,1,poison_hunter,1.0,Phishing Address
0x356ff5863bd3b56f77cebed6801e928894e08749,1,poison_hunter,1.0,Phishing Address
0x3578233fb58c2ff0311bcc836534daf269681d88,1,poison_hunter,1.0,Phishing Address
0x357b9884a255cce97b9aff5f5e51239b921b90f2,1,poison_hunter,1.0,Phishing Address
0x357c9e1049e91b317ba968c0d44cf1fbe9dc6d59,1,poison_hunter,1.0,Phishing Address
0x35814adbf222748637579361c20fc24ef482ba55,1,poison_hunter,1.0,Phishing Address
0x3585237a91e50c0bb991db7887f54556ca22103f,1,poison_hunter,1.0,Phishing Address
0x3589b060aff91c9106d566d6270910440cad5bc4,1,poison_hunter,1.0,Phishing Address
0x3595e1c0c04434719e7017c03c93019961e2cdeb,1,poison_hunter,1.0,Phishing Address
0x359c04ea616f38a26b6f44e59332869770e1374b,1,poison_hunter,1.0,Phishing Address
0x359cfce1a731d4c091f2291bb9cb886f4c9eff47,1,poison_hunter,1.0,Phishing Address
0x359d37dab751516175238be11478a881e86a219b,1,poison_hunter,1.0,Phishing Address
0x359fc4e0eec30cb7c8e14175a727f4befd0940d2,1,poison_hunter,1.0,Phishing Address
0x35a112904ee0a277bd2ef4dff1258047b7097eff,1,poison_hunter,1.0,Phishing Address
0x35a92fd48f06667b852a523b7707e246fbc63f07,1,poison_hunter,1.0,Phishing Address
0x35c38d65ef8275b73076e6c51caccff8b83d0a4b,1,poison_hunter,1.0,Phishing Address
0x35e3c8c6de3bf6e3ed71a72c71ebd059f1f9fd0b,1,poison_hunter,1.0,Phishing Address
0x35f73df125c4b4fe6486572887d3b5c2a4c04005,1,poison_hunter,1.0,Phishing Address
0x35fbf78c1c2e00c4c34397997378a625c0710fc9,1,poison_hunter,1.0,Phishing Address
0x35ffbc77ffd76880856c7fa1d41ecd4b606121aa,1,poison_hunter,1.0,Phishing Address
0x3608384548dbceb98e223c5473f16e5cb7f4ffb6,1,poison_hunter,1.0,Phishing Address
0x36090218f075dafa3f2d17b6a690c453c620ee24,1,poison_hunter,1.0,Phishing Address
0x360c1e368dc7be4aed5a56d38cf2e8b2626ecf3b,1,poison_hunter,1.0,Phishing Address
0x3624dc50049e08eb13fb889f568e704aab114c1f,1,poison_hunter,1.0,Phishing Address
0x36298c55f2b28ee30a4b89418662406d798e9f92,1,poison_hunter,1.0,Phishing Address
0x364be7cfab7c8fcf0b91f2249ad61ae26cd88a5a,1,poison_hunter,1.0,Phishing Address
0x3650382a86b0f60f826dc24a9285edc5798c884c,1,poison_hunter,1.0,Phishing Address
0x3658449abafaf9e55b013a1b9c49fd449b35d043,1,poison_hunter,1.0,Phishing Address
0x365ce63deeda2b7fd6b73be0745e3581b76f6446,1,poison_hunter,1.0,Phishing Address
0x3666706e637436fd1a615a5ca8e79af887ceca35,1,poison_hunter,1.0,Phishing Address
0x366feb7e11b82e9c8eafe0a7f9b7f29e8ef65812,1,poison_hunter,1.0,Phishing Address
0x367aafe550169ad651d48d4c662fbf9b8e6493c9,1,poison_hunter,1.0,Phishing Address
0x3685af1b2962be1d61e946732500c1d341417c49,1,poison_hunter,1.0,Phishing Address
0x36a2e8d02082dc491d83e7599d9d0569e9062884,1,poison_hunter,1.0,Phishing Address
0x36acf751bef19933e746ea6c4f84227b445c9df6,1,poison_hunter,1.0,Phishing Address
0x36adb5d3265d589ce4fa3518e8c3d59c8277d182,1,poison_hunter,1.0,Phishing Address
0x36c9682f31b4f0a9b944e0af7fb4bd2bd537c020,1,poison_hunter,1.0,Phishing Address
0x36d1d2e7093f52bf0afc57a2c4134c436bfb2533,1,poison_hunter,1.0,Phishing Address
0x36d4ea6bfb07087c34d8320371d765992517e137,1,poison_hunter,1.0,Phishing Address
0x36e0c7ba55a6b6c64af61b895fd619798d6bec9b,1,poison_hunter,1.0,Phishing Address
0x36f217d7bab4cd0153c2aaab805d5ec76c020fd1,1,poison_hunter,1.0,Phishing Address
0x370172bd74ea160b9ac5ccb1b952b16f5d0c347f,1,poison_hunter,1.0,Phishing Address
0x3707d769816989c32b57bc9e93a6b8c4e62afb70,1,poison_hunter,1.0,Phishing Address
0x3712ca8709e43288ec00a9709726394029809f96,1,poison_hunter,1.0,Phishing Address
0x37170a6d1d426240db03376c3826a73a2b0201f8,1,poison_hunter,1.0,Phishing Address
0x372009d35e16f028cf580cc6c0a6a7f78a822ff1,1,poison_hunter,1.0,Phishing Address
0x373469ce1a3e347cec169acfd73297c49682dd9d,1,poison_hunter,1.0,Phishing Address
0x373851af1405fd15d2996237af91fbee10f8b44b,1,poison_hunter,1.0,Phishing Address
0x373aaf445ea6d9cb39269a5c034c0bcd970a4ab4,1,poison_hunter,1.0,Phishing Address
0x374f829a2da05493feb5968ba091200bf6ae978e,1,poison_hunter,1.0,Phishing Address
0x37598f3b8aae08d339be74072c0afb3b8d6a21a1,1,poison_hunter,1.0,Phishing Address
0x376967721c9d351882cbd0ab9cea94c6ef914396,1,poison_hunter,1.0,Phishing Address
0x376f8f33ad3f167d981ebbb803104bd56f038080,1,poison_hunter,1.0,Phishing Address
0x377c0497f6f64d6d06e0d24856173f9b8885d182,1,poison_hunter,1.0,Phishing Address
0x377c1b8b94d951657f948469069655f7f6f2eadc,1,poison_hunter,1.0,Phishing Address
0x378f57eef70e5d906865408c8e078048c753b581,1,poison_hunter,1.0,Phishing Address
0x37a92a2ed326566e2697b028d25a2b1bb71b29ca,1,poison_hunter,1.0,Phishing Address
0x37af9d81a20109f942b310079534af884731ee46,1,poison_hunter,1.0,Phishing Address
0x37c024240f1b221c64d332f2b786677a3a3a6333,1,poison_hunter,1.0,Phishing Address
0x37da25c0e9d25ef6a77128afa87de3d42ceeff5b,1,poison_hunter,1.0,Phishing Address
0x37dcf5688f0ac8a083f7fa9f9da47c010fabf7aa,1,poison_hunter,1.0,Phishing Address
0x37f374a5c196f2a20aa5f3f7281eeb88a8a079b7,1,poison_hunter,1.0,Phishing Address
0x380568bc252acfff24d0f1cacb8b3a8870ce6944,1,poison_hunter,1.0,Phishing Address
0x3805692baa3df9a634fb853166ce82870ac3fd45,1,poison_hunter,1.0,Phishing Address
0x3817f5eb52fa5ab46dcb017e8feead536fb30166,1,poison_hunter,1.0,Phishing Address
0x382304686b563d680a453293fa14a6183cc4adf8,1,poison_hunter,1.0,Phishing Address
0x3825af3636bc775927baaa720aa423781a86efea,1,poison_hunter,1.0,Phishing Address
0x383201c8416090beaeac7045986bb7aeef40c8dc,1,poison_hunter,1.0,Phishing Address
0x3843d303a79ac305bf7cf26e13d10768da48c35b,1,poison_hunter,1.0,Phishing Address
0x384e72d84cafed686eff4792664abdaf609ed1b4,1,poison_hunter,1.0,Phishing Address
0x384fcacf1d4eaf0ccabd2ecb889db828025091ca,1,poison_hunter,1.0,Phishing Address
0x38570d779fb3d7f690019c91f8a94f6f77b0cddb,1,poison_hunter,1.0,Phishing Address
0x386e8ac6e6dcab7370c3126c1166f0bb1170a3f4,1,poison_hunter,1.0,Phishing Address
0x3879a2f20d5106985565a9d77a90a85f282b5ff7,1,poison_hunter,1.0,Phishing Address
0x387ca48ce5c7cbf77042ce44b9996ab77806b5ab,1,poison_hunter,1.0,Phishing Address
0x388be6fef27c3ee076c7350b5ef3dd0ad28b9ec9,1,poison_hunter,1.0,Phishing Address
0x388bfacfad79918fe2675576e2a607088ab9493d,1,poison_hunter,1.0,Phishing Address
0x38907c95f542fdbfb859018cf782f70dd96b9440,1,poison_hunter,1.0,Phishing Address
0x389d807f47b7d1e3a5374a5ea3bbf382a8d42129,1,poison_hunter,1.0,Phishing Address
0x389f2e74e4096af273d5be3e3aa6aa58dd6df601,1,poison_hunter,1.0,Phishing Address
0x38a947dbb3f629b54b01df4b56aeb230694f5bfb,1,poison_hunter,1.0,Phishing Address
0x38af5862241a76d28e57d2674e6291432cdfc21b,1,poison_hunter,1.0,Phishing Address
0x38bc0d3fc33d86129254627a571e4cef19763184,1,poison_hunter,1.0,Phishing Address
0x38ce3afe4a4df601cd7ed420153c2bc7e66f96e4,1,poison_hunter,1.0,Phishing Address
0x38f07e44a9b34d95222522ac42dc5c9abc600abc,1,poison_hunter,1.0,Phishing Address
0x38f32ec4a3c5c9ccddfd0b60d23198c322c26c16,1,poison_hunter,1.0,Phishing Address
0x38fbeeb2aa1abc9da9e23bd17766705fac2b1087,1,poison_hunter,1.0,Phishing Address
0x391641acbb9ef9b2fceeb303494f7c49c700b561,1,poison_hunter,1.0,Phishing Address
0x391918c19a52f0146375b3e5166bc55ed5e0f690,1,poison_hunter,1.0,Phishing Address
0x3935c63fec0b7d4206b8e917ff6c4322bff3b1e4,1,poison_hunter,1.0,Phishing Address
0x3946eb1371b1074d14ffd50e04ecc5000f5a702a,1,poison_hunter,1.0,Phishing Address
0x39484152b74e4f00c4a67262995596553f8f4e94,1,poison_hunter,1.0,Phishing Address
0x3951ee3512f14574b91c1c022b7ffc8b1bce1f49,1,poison_hunter,1.0,Phishing Address
0x39562c7742a60f5b540944e1d57d53bd636ed52e,1,poison_hunter,1.0,Phishing Address
0x39587faa710d5ccb4ab947ffa9ed00c05a891e48,1,poison_hunter,1.0,Phishing Address
0x396617016c58c5990535b4679ecab5dcc61e2917,1,poison_hunter,1.0,Phishing Address
0x39818dd52cd81b24384613b057afba9b09ad1ffa,1,poison_hunter,1.0,Phishing Address
0x399546639fc99f19c29457aaf24e1afc32d4141c,1,poison_hunter,1.0,Phishing Address
0x3995e0ee1f7bff130f86203da24fc35d81b85e98,1,poison_hunter,1.0,Phishing Address
0x39a87f3ceaa8b6bc7daef3675fb5c93796e26366,1,poison_hunter,1.0,Phishing Address
0x39aa38b838851e3172a558b591cd87c8c2c03d3c,1,poison_hunter,1.0,Phishing Address
0x39bbba954527f43e5633fd7d8ca51f1ad8f4fcf1,1,poison_hunter,1.0,Phishing Address
0x39bff38ccbdc89229272669c93e03660dfb4b7bf,1,poison_hunter,1.0,Phishing Address
0x39ccf77803b34c3d8d19fc5587de4f4c43da6f05,1,poison_hunter,1.0,Phishing Address
0x39d062c3f4a0a9131ad48602e1707013c41b5a63,1,poison_hunter,1.0,Phishing Address
0x39e59c4955cf8037f50ed9903540d44420a00863,1,poison_hunter,1.0,Phishing Address
0x39e6499b123f11d63485ff357aab6f2a1d11c45d,1,poison_hunter,1.0,Phishing Address
0x39eb5e1c7964f710e939dd858f4854246dbe137d,1,poison_hunter,1.0,Phishing Address
0x39edba277cd585398bd8957eefca6550b3a5c187,1,poison_hunter,1.0,Phishing Address
0x3a3014872ef89d24028922bd17daa80b16b321d8,1,poison_hunter,1.0,Phishing Address
0x3a3a79fc2048105857d3fc348c0f161cc8a30aea,1,poison_hunter,1.0,Phishing Address
0x3a4049e81cb73701861e1ca523db620e3e1fc21d,1,poison_hunter,1.0,Phishing Address
0x3a4ddf3ad820c2cd6924c1668c61f862e6957a2e,1,poison_hunter,1.0,Phishing Address
0x3a4df493b43b0a129eccfe7149317d656070e910,1,poison_hunter,1.0,Phishing Address
0x3a5ea2bcfec056ace47a5abc495d9b8c86afe0ff,1,poison_hunter,1.0,Phishing Address
0x3a6b6e4a406c1c5060a10139b616237a7688e78a,1,poison_hunter,1.0,Phishing Address
0x3a6dc7a1c3f7658cb859db75e0c2f008c03e255f,1,poison_hunter,1.0,Phishing Address
0x3a7a6be6ee0c28648af84563326651def148c2be,1,poison_hunter,1.0,Phishing Address
0x3a9a58118b051deaaf277c1bb8c18f7aed628688,1,poison_hunter,1.0,Phishing Address
0x3a9ef22407b0ecc9fa5b4e447f84b6b82e2e4f15,1,poison_hunter,1.0,Phishing Address
0x3aed2e7a709792a784d8d57b05edac37268f713b,1,poison_hunter,1.0,Phishing Address
0x3afff8d7129bc4843188b9513542e7f1c4989440,1,poison_hunter,1.0,Phishing Address
0x3b100c2184a0eb66b5b5bf32ca06029439a3bf40,1,poison_hunter,1.0,Phishing Address
0x3b122af6980d33b139ab9f8e42de49f0e7e1ee31,1,poison_hunter,1.0,Phishing Address
0x3b1e12b275257ad0049786db3c8f256f4f393cc8,1,poison_hunter,1.0,Phishing Address
0x3b1e62bb00a5b1988dcb466ff9257f4d1403c5c6,1,poison_hunter,1.0,Phishing Address
0x3b248f8f607b49f366c2dad3f85c7c3847ed66a7,1,poison_hunter,1.0,Phishing Address
0x3b277926e1518079c59d5e05c22d46b35497b5a5,1,poison_hunter,1.0,Phishing Address
0x3b339aba599e3af4f8f03db16d0caf15dd73d440,1,poison_hunter,1.0,Phishing Address
0x3b3f6cbbc07652b2d50e6fbbaa14c31e3fa2aeed,1,poison_hunter,1.0,Phishing Address
0x3b43159e558598006209a0841cc9463c4c4dcf9e,1,poison_hunter,1.0,Phishing Address
0x3b47eaca47d66d3c7d19c93993b3a3b22e3bb5ea,1,poison_hunter,1.0,Phishing Address
0x3b492de107f039ce59d68fb74502863181a4f6e9,1,poison_hunter,1.0,Phishing Address
0x3b51c4a2ac61ed19b814178df6532faea0e1a35d,1,poison_hunter,1.0,Phishing Address
0x3b534e0035e58ae33865476e9a24917c1f485077,1,poison_hunter,1.0,Phishing Address
0x3b55cf401862e9408319547ca1d7c3c398a55400,1,poison_hunter,1.0,Phishing Address
0x3b55cf40ff539761af72be8a32ba6cfd30a55400,1,poison_hunter,1.0,Phishing Address
0x3b5737a6290c648e6685fb346311d95119ab91ff,1,poison_hunter,1.0,Phishing Address
0x3b626a121b40be14ae3a6950b63f6f2265369c49,1,poison_hunter,1.0,Phishing Address
0x3b697822397c0250588f7d6a68b43def2c20bb4a,1,poison_hunter,1.0,Phishing Address
0x3b76c3ebae98cd685dbfae8ec6983dce18e1704e,1,poison_hunter,1.0,Phishing Address
0x3b78d9db0c44f7e34fc965bc3f77893a49a658c2,1,poison_hunter,1.0,Phishing Address
0x3b7e41253d8b200122c70d4da5eda1b765e5ea44,1,poison_hunter,1.0,Phishing Address
0x3b802867374d957585538b2533968b7ac711fce4,1,poison_hunter,1.0,Phishing Address
0x3b80840923fe05bf66846d3bde8c8ed49a233f65,1,poison_hunter,1.0,Phishing Address
0x3b8efa1d3db54f0e572bac88f5106f89bf30051c,1,poison_hunter,1.0,Phishing Address
0x3baedc814c399e18bdfad225cb2d8d6587942483,1,poison_hunter,1.0,Phishing Address
0x3bb1ab7f4c7d237327087ab8a462f5ee946ffb2a,1,poison_hunter,1.0,Phishing Address
0x3bb91d99aa6a7197feb246b49f3289e7a8c6df83,1,poison_hunter,1.0,Phishing Address
0x3bb955d8491348d83b67daf13e3646c2831e5772,1,poison_hunter,1.0,Phishing Address
0x3bc016905b6bb19294541e54fb0a469696e95f31,1,poison_hunter,1.0,Phishing Address
0x3bc631f2df3e3f3cb33d6020306583c1ba6fa8e6,1,poison_hunter,1.0,Phishing Address
0x3bcb0e3aa0d3e5d7e7b60614ab0d6dbe71c95874,1,poison_hunter,1.0,Phishing Address
0x3bcba92b1407f99d8f11fec4242a8e465f6e5874,1,poison_hunter,1.0,Phishing Address
0x3bcd6baf8d295a0922ca26788152a17174b8b9fe,1,poison_hunter,1.0,Phishing Address
0x3be37b738c2adfb1b5985352e66f05e7d23ad898,1,poison_hunter,1.0,Phishing Address
0x3be3e78db7e444b32769b88b4940fe988d48756c,1,poison_hunter,1.0,Phishing Address
0x3c1fcb46c69116a655c37435b1b17bfad7a3f198,1,poison_hunter,1.0,Phishing Address
0x3c2d7c5f067ce3cf18122242e4b44082c23d0ba3,1,poison_hunter,1.0,Phishing Address
0x3c2e7134ab40c7d4f4dc11bae22e26d62b53682e,1,poison_hunter,1.0,Phishing Address
0x3c427815da115329a1a754664e222729269f9317,1,poison_hunter,1.0,Phishing Address
0x3c62125b502aa750ac9c99175d13e4f447220493,1,poison_hunter,1.0,Phishing Address
0x3c7562fb60f75150bac9b647fff205569b4270fa,1,poison_hunter,1.0,Phishing Address
0x3c7c369c0a9ceb637d0184928e02aeaf082f2279,1,poison_hunter,1.0,Phishing Address
0x3c8ac861615b6911633fc3df905918b195dad335,1,poison_hunter,1.0,Phishing Address
0x3c937bb7744cdeb45e095551916481dc0230c954,1,poison_hunter,1.0,Phishing Address
0x3c985892843f87564826cfddf4f82b1ea256f2e4,1,poison_hunter,1.0,Phishing Address
0x3c9bde99f64a676b2caeb1b82cda19fa1ecf1732,1,poison_hunter,1.0,Phishing Address
0x3ca72cd57c47a683591947fba6a517360d5fe7a7,1,poison_hunter,1.0,Phishing Address
0x3ca849b21df3189450bdbda2833104c1b0fa9eaf,1,poison_hunter,1.0,Phishing Address
0x3cb1cc911eaca1d4e2d814ab49bbd26923132b63,1,poison_hunter,1.0,Phishing Address
0x3cbb30adbebbf5a033222a749618e8699f867c27,1,poison_hunter,1.0,Phishing Address
0x3cce3d18420d12515e97339e8e40284683ad3054,1,poison_hunter,1.0,Phishing Address
0x3cd97ad967a353416ab5becdf668a8d014234e26,1,poison_hunter,1.0,Phishing Address
0x3ce2c0f023feafc6c03c71d4a2cd7cea4afe3b39,1,poison_hunter,1.0,Phishing Address
0x3ce8fff139c84f51bd8be9303e28d1e4ec25df6d,1,poison_hunter,1.0,Phishing Address
0x3cf56e9f94156d60d42c289f7c95a470e3de744e,1,poison_hunter,1.0,Phishing Address
0x3cfb55d8880db39d66d8dd5266a2e81d0e7075a3,1,poison_hunter,1.0,Phishing Address
0x3d0a3333f1c9afbe675e8ade77d968cacf544cc0,1,poison_hunter,1.0,Phishing Address
0x3d12b4707f9dfccfc1538d283620b6008590ad44,1,poison_hunter,1.0,Phishing Address
0x3d12e074935423df618ca52e9bab31ec760eb436,1,poison_hunter,1.0,Phishing Address
0x3d194505a2b455c9f61d3cbaf19e4b4370acdd47,1,poison_hunter,1.0,Phishing Address
0x3d21abb2e9982d9ccf268637882a0693106301ac,1,poison_hunter,1.0,Phishing Address
0x3d29b303371c2d7421f6218fd2fdadb67912a201,1,poison_hunter,1.0,Phishing Address
0x3d2fc902c1575be9c648a4a30929f3c86cda3bae,1,poison_hunter,1.0,Phishing Address
0x3d31f99ec916f47e6a5d82773ef883a8bd6737d5,1,poison_hunter,1.0,Phishing Address
0x3d5018a3e34d271d1e224fd1717b3ee46b7c11f1,1,poison_hunter,1.0,Phishing Address
0x3d56b62965a988500def249fdea7ed94e3d03d24,1,poison_hunter,1.0,Phishing Address
0x3d6280cb2043f33a7336b22e89680788dd29cb1c,1,poison_hunter,1.0,Phishing Address
0x3d6904545c4faeb02559f53fb792e16267bfda9c,1,poison_hunter,1.0,Phishing Address
0x3d7e4bfe2890291e4682d299818e133b42a73e8b,1,poison_hunter,1.0,Phishing Address
0x3d8811fd7f6d7a7c03345e17e34435e44762c539,1,poison_hunter,1.0,Phishing Address
0x3d90c54d289b700e0bad2b902eaa9e9b0f93d214,1,poison_hunter,1.0,Phishing Address
0x3d9ba76a3ba22217e07a4a40bf2e17953cb23b26,1,poison_hunter,1.0,Phishing Address
0x3d9bbeba74c3a76323530956aea1d12e156b8472,1,poison_hunter,1.0,Phishing Address
0x3da1e8974e9b23ce58014a6bfd527efc27d7bbf3,1,poison_hunter,1.0,Phishing Address
0x3dae231ddf55e2c19b30f790e27a4ea7b346ab21,1,poison_hunter,1.0,Phishing Address
0x3dbb16f938aa9cf4ab7cdefc987db1dd08f35def,1,poison_hunter,1.0,Phishing Address
0x3dd1ebb66b410042a8522ee3a9f4741cf1f66d77,1,poison_hunter,1.0,Phishing Address
0x3dd9ca079df0f392baf7b254b3a4faf6a15a7e1a,1,poison_hunter,1.0,Phishing Address
0x3debcc9a3a55ec722db2d0b271da7c4f3556c386,1,poison_hunter,1.0,Phishing Address
0x3dedf90d2f7d128f4d442eb8e0ac0a73aae959a7,1,poison_hunter,1.0,Phishing Address
0x3df28358d3581105bafea9c027b129a947cf10b0,1,poison_hunter,1.0,Phishing Address
0x3e11a1ea5bd16e7200e78fa153d3ab996f0f2eb0,1,poison_hunter,1.0,Phishing Address
0x3e14605b065393237f2fcb454ce0631844382faf,1,poison_hunter,1.0,Phishing Address
0x3e16b49ebb82d0b8561bd98a975df5288d5d20a7,1,poison_hunter,1.0,Phishing Address
0x3e25e1e496c21ef7ca44a3fd08eff348b6fd099d,1,poison_hunter,1.0,Phishing Address
0x3e269fdeca996388bae2dd8785290a77085e301d,1,poison_hunter,1.0,Phishing Address
0x3e360e44018d4f5fd83f1a492ff077d6a974b1c7,1,poison_hunter,1.0,Phishing Address
0x3e4c03d26dd6044be83e930513fbba021e063f83,1,poison_hunter,1.0,Phishing Address
0x3e5d1c9a86b7e67b49b2c48ab8e0ec803d7f27cb,1,poison_hunter,1.0,Phishing Address
0x3e68401e3dbae603715e74741d88689eaca4e13f,1,poison_hunter,1.0,Phishing Address
0x3e6c05830c71a56f9c7cf1e2f762b0111f182ac9,1,poison_hunter,1.0,Phishing Address
0x3e6c0db6ec2f80ae21fa9bb8fdab5c1a3d5b39bc,1,poison_hunter,1.0,Phishing Address
0x3e7ffc2138be7ecd054493db339b44ebcb43b01b,1,poison_hunter,1.0,Phishing Address
0x3e97932408cd3d5f4207f2a35350fd3c3bc063c5,1,poison_hunter,1.0,Phishing Address
0x3e9d2bf67994a083c715c6a7ed2855b4a21ed026,1,poison_hunter,1.0,Phishing Address
0x3e9e72cd974bbc7b3e670f7b9ba3b660f9072611,1,poison_hunter,1.0,Phishing Address
0x3ebacebb118b102bb07858050c5b37903cbf0ee0,1,poison_hunter,1.0,Phishing Address
0x3ebfacf34e52eebfbc789399c51319437e254e0c,1,poison_hunter,1.0,Phishing Address
0x3ecdcc00bb8c755165f49aa7c1f87992b8af7ae2,1,poison_hunter,1.0,Phishing Address
0x3ee7912286ddb683e4ce76502fe88d0cfd181538,1,poison_hunter,1.0,Phishing Address
0x3ee81eecbfccab2846e77d019621124fb697304a,1,poison_hunter,1.0,Phishing Address
0x3ef1da02e562813ee09e256b6a91314153a195cb,1,poison_hunter,1.0,Phishing Address
0x3efe2838b275fbe30703477d80f24b015767af6f,1,poison_hunter,1.0,Phishing Address
0x3f0177f57c51b2d661330df4649a435e8fcc3a64,1,poison_hunter,1.0,Phishing Address
0x3f16002fde4a7f38dc91b1829227d7ae53abd4b6,1,poison_hunter,1.0,Phishing Address
0x3f22dd3d6ae6ab48728228d75453a12bc9adf432,1,poison_hunter,1.0,Phishing Address
0x3f37c3740f927d15d39e7e60d5893641a52cc451,1,poison_hunter,1.0,Phishing Address
0x3f4d0e2bb54c7c6363d441f99950dc91b1a85b18,1,poison_hunter,1.0,Phishing Address
0x3f5d20b4cc2c438e412a75288dbe6f7756aadec0,1,poison_hunter,1.0,Phishing Address
0x3f68151db54e549b2d83f68edf7206a37c5e3ef5,1,poison_hunter,1.0,Phishing Address
0x3f6ff474003be445a0451aa37d2de358a21463a8,1,poison_hunter,1.0,Phishing Address
0x3f741c9b60e8077d096b3b45244918ba0200c1b0,1,poison_hunter,1.0,Phishing Address
0x3f7d269b846ee9f89a956f3a3e91d0bb5fe668a1,1,poison_hunter,1.0,Phishing Address
0x3f7df769e661f021082495ab8f6a2c2ff609c549,1,poison_hunter,1.0,Phishing Address
0x3f7ec4d0417b65dc01c29af6b0c19edf454832bc,1,poison_hunter,1.0,Phishing Address
0x3f82a0a4f97c3cd65fab2f021f452fae30745b0d,1,poison_hunter,1.0,Phishing Address
0x3f8c79ac289afd2579fbb6f0a1353911c3e893e9,1,poison_hunter,1.0,Phishing Address
0x3f8eaf8cd12dc9970096a75ac2b3c341fa2a0ec6,1,poison_hunter,1.0,Phishing Address
0x3f9d81c62eb3a92ee4a3e918e55ae5f50d21aa5e,1,poison_hunter,1.0,Phishing Address
0x3faf724a59c28a9b315fcfd73b793806996327e9,1,poison_hunter,1.0,Phishing Address
0x3fbb41dc60debe3221db27b1661e46cd17741afb,1,poison_hunter,1.0,Phishing Address
0x3fd12809174ba3d404ffdf5c59051564b624b261,1,poison_hunter,1.0,Phishing Address
0x3fefb3137a7eabbf506711c0fac9ebe20c1c778d,1,poison_hunter,1.0,Phishing Address
0x3ff22b2270c63b3fdddd2545d4af919e01c940b2,1,poison_hunter,1.0,Phishing Address
0x3ffb26d13584e841821f7a127eb43569180bf653,1,poison_hunter,1.0,Phishing Address
0x40012bcd300f9bc339c9c23bfd11f0b392197c56,1,poison_hunter,1.0,Phishing Address
0x4001eb64b82f1aa4c38a8972a0ed89055efdcdf6,1,poison_hunter,1.0,Phishing Address
0x400bb6affbf23a6d67f3c5b644f431ab653719fe,1,poison_hunter,1.0,Phishing Address
0x4015c2cb4fd32a95931e23c6577d64602297b095,1,poison_hunter,1.0,Phishing Address
0x4027bf1b991011003dcd678a3825ce15ad95f35e,1,poison_hunter,1.0,Phishing Address
0x40340fcd9fdb741b42b18a54acfbda01d39aceea,1,poison_hunter,1.0,Phishing Address
0x403466a610e8d8d857010d0684c858d6054b8bb6,1,poison_hunter,1.0,Phishing Address
0x403aa47ea2ad3ecb3a35623b20fbb57738f460b0,1,poison_hunter,1.0,Phishing Address
0x403b7037dca7fbb6386210b2ae2a93e2c40169cf,1,poison_hunter,1.0,Phishing Address
0x405c4a88dcd915e7fcb420421579f6d8a11b0918,1,poison_hunter,1.0,Phishing Address
0x405d265ffcd168a4f829640a26430d9190ac51e2,1,poison_hunter,1.0,Phishing Address
0x40776929f135f6444b232b4fcbf5a24752e517a5,1,poison_hunter,1.0,Phishing Address
0x407952946072ca4242eafecc8ded7b963dc05eb0,1,poison_hunter,1.0,Phishing Address
0x4082714ba047008be3422b09f0afe86d2c569792,1,poison_hunter,1.0,Phishing Address
0x40866e49e8e4263b5280b2a97bd88f2f7c497428,1,poison_hunter,1.0,Phishing Address
0x4089fcafd288f691e9aa13e592bf184d81adb9bb,1,poison_hunter,1.0,Phishing Address
0x409ed3b8568173a5d3d6f09290f795d554479e3b,1,poison_hunter,1.0,Phishing Address
0x40ae57654483538a82783fe9146a736fcfca1baa,1,poison_hunter,1.0,Phishing Address
0x40b8d9182a4c0a34e3acb4a9ae5380904008f20b,1,poison_hunter,1.0,Phishing Address
0x40bb5471eee11e0a1bc3322c5979bbf8e0df04c2,1,poison_hunter,1.0,Phishing Address
0x40c36482f3afeb6acb4ac328fb62d6f321aaa408,1,poison_hunter,1.0,Phishing Address
0x40c3d9fee285a82b06049e7353cb437d925736ad,1,poison_hunter,1.0,Phishing Address
0x40ceae6605e953c2b69275054b4b6a115572859a,1,poison_hunter,1.0,Phishing Address
0x40cfc6137e340a0aa764cfe650c397a2ad07b4a7,1,poison_hunter,1.0,Phishing Address
0x40d7897a57a507c35d204147e111465bad3a9f6c,1,poison_hunter,1.0,Phishing Address
0x40dbf38e3ec202f2b0e002e742275d718b98ac87,1,poison_hunter,1.0,Phishing Address
0x40ec6e1c609809af4f58a22dcc08bd47587d8eb0,1,poison_hunter,1.0,Phishing Address
0x40fd3baf41cbcf6fb970035a385df42f4c6227f2,1,poison_hunter,1.0,Phishing Address
0x41090d25b82f64249d2f8a7fe140bcf1e4177c63,1,poison_hunter,1.0,Phishing Address
0x410a2d5f64dd0c907c478e87b7e8b82a1f95bba6,1,poison_hunter,1.0,Phishing Address
0x412af38a0c15076884ee4b01ea39666765320699,1,poison_hunter,1.0,Phishing Address
0x412e739f485e1c73d95036e5778d46f6645fbb7f,1,poison_hunter,1.0,Phishing Address
0x41396e739a4e1c952729fb65981220301bd51792,1,poison_hunter,1.0,Phishing Address
0x4157cd4f91cd9a47e31bd0a4c713ca57a85c4d7f,1,poison_hunter,1.0,Phishing Address
0x415fced52706aa878f7d864eddd584a1cca652f3,1,poison_hunter,1.0,Phishing Address
0x417caf32cb499482bc0efa59fa9350eafb1ad8a7,1,poison_hunter,1.0,Phishing Address
0x41879652763d4d0d1c939b0f39316d63872ac0c9,1,poison_hunter,1.0,Phishing Address
0x41891c01014f26dbabd573708b8b0faf758621d3,1,poison_hunter,1.0,Phishing Address
0x419817865d1c66bf05a708ae90c01c0ce60dbc6b,1,poison_hunter,1.0,Phishing Address
0x41a23d84cc4b6ee5f4882fe1ae842a0687da110b,1,poison_hunter,1.0,Phishing Address
0x41b880a9e7a44b4c189de1bb62003898d9ffb42c,1,poison_hunter,1.0,Phishing Address
0x41c0f99589af54c4458317507931d8cd661f5aa0,1,poison_hunter,1.0,Phishing Address
0x41d84e578e8c02695f58cd25d4aa26155da1085c,1,poison_hunter,1.0,Phishing Address
0x41ddc6ca29cc4f7291afd4584d8ae1575289d8b8,1,poison_hunter,1.0,Phishing Address
0x41edcccdac537fc5d0643401b4be539a488e9422,1,poison_hunter,1.0,Phishing Address
0x41ffd06419058653ae65d5198a79aae1bfb4678b,1,poison_hunter,1.0,Phishing Address
0x420274be4723e6ec4058e9c9be913c345648da16,1,poison_hunter,1.0,Phishing Address
0x4202bddc4ec85e8eb43679b9b1ae07c4d2b86780,1,poison_hunter,1.0,Phishing Address
0x4206d5c532fc501f5d9a942d1c3eb436e3c2d9ca,1,poison_hunter,1.0,Phishing Address
0x42073c4850140598da4e8369d5fb5a5cd18e018f,1,poison_hunter,1.0,Phishing Address
0x420bf9f181ca2785e854860cd3896dcf77d386aa,1,poison_hunter,1.0,Phishing Address
0x420c47b87971ba48a0c6a9deed5655c55fc7e4fb,1,poison_hunter,1.0,Phishing Address
0x420cf2348b219795b190cbd758db9bb3e97fd666,1,poison_hunter,1.0,Phishing Address
0x4220bdcb32f9fa938a3e06512239cac5eb95a091,1,poison_hunter,1.0,Phishing Address
0x423ce180b7f2f48d03ee66d4c26eb7efcce9552c,1,poison_hunter,1.0,Phishing Address
0x423cfe8446379b57cc7cc49a2d74b4ce9af7f141,1,poison_hunter,1.0,Phishing Address
0x4240ef132eacf43f4e32531cb3a8d85350f2a91c,1,poison_hunter,1.0,Phishing Address
0x4246a13b08c002236fa68854aee208626315b2e1,1,poison_hunter,1.0,Phishing Address
0x424fc8c1539e0d6864f7c2e28dd91249ca76f8b2,1,poison_hunter,1.0,Phishing Address
0x42655fc84dbb1860079a64a374eb5b1d5e508a6d,1,poison_hunter,1.0,Phishing Address
0x4265fa31d6223e415c06a1585d23cc8f82fa986c,1,poison_hunter,1.0,Phishing Address
0x4273cb99df16b74d6d19124677c70a957fc76aa7,1,poison_hunter,1.0,Phishing Address
0x427ae8e7c73f9a8ebc72be6e63a0febe02d453e2,1,poison_hunter,1.0,Phishing Address
0x4280212df0b7b71ac7234677a44f53f96c50e0a3,1,poison_hunter,1.0,Phishing Address
0x42825c393505e82c6f1aa47b5c8d7bca2fbcce07,1,poison_hunter,1.0,Phishing Address
0x42a3faf0ebbe66b20d08d16e467306b305ecf7cd,1,poison_hunter,1.0,Phishing Address
0x42ae1d6a7076b05e1389dc35e70c485600799b8a,1,poison_hunter,1.0,Phishing Address
0x42b0bc7dc6f47e2524e6129d679c91e7ee358ad2,1,poison_hunter,1.0,Phishing Address
0x42c52520283fbfcb68dbe80400340dc8713bd5a5,1,poison_hunter,1.0,Phishing Address
0x42c70505fc80ed5c57bdd832c2705af708b42475,1,poison_hunter,1.0,Phishing Address
0x42c81a1333d899d27b2035c285c662d884b4f130,1,poison_hunter,1.0,Phishing Address
0x42ccbf0081354c1fe4bb12e76fcda539ac755dbf,1,poison_hunter,1.0,Phishing Address
0x42d17b7f9189a407b6c1f023509bedc03746e2cd,1,poison_hunter,1.0,Phishing Address
0x42e49fe58711afe1eed30a990fbbe0842a6b55f3,1,poison_hunter,1.0,Phishing Address
0x42e8840263ecfb61154e197e3aea8a9d84a83fe7,1,poison_hunter,1.0,Phishing Address
0x42e91e3c05dd2be4d068a9d3b2268ddd3176139d,1,poison_hunter,1.0,Phishing Address
0x42eda02d1ef96720ae18b1a8eca8b96cd64e7db7,1,poison_hunter,1.0,Phishing Address
0x42fdcddea68893a90cfa50f7220ce64079aaa297,1,poison_hunter,1.0,Phishing Address
0x42ff9c11f517e671a4ca32722db95dbacdf7960f,1,poison_hunter,1.0,Phishing Address
0x430b7ed7114fb5c32c92fbd709557a22e3b76a11,1,poison_hunter,1.0,Phishing Address
0x430b83849d7080f8dc48ddf442c2de2483820f75,1,poison_hunter,1.0,Phishing Address
0x43108b2a53c996cb8a429b8997ed73966d2b93ca,1,poison_hunter,1.0,Phishing Address
0x431679953572ec2eb7f02212ab6b689840e8e5ab,1,poison_hunter,1.0,Phishing Address
0x432fdf4f73eff53f3a216ed6ed54df3158b78f4a,1,poison_hunter,1.0,Phishing Address
0x4332388fedbe2ca60c6eb144e6a6eb2416087e0b,1,poison_hunter,1.0,Phishing Address
0x43448ea10e8917fbdf28d0bbf3933f718a6040ad,1,poison_hunter,1.0,Phishing Address
0x434d8cc8ff12c75980ab33bf8aee9b5bc8ea698b,1,poison_hunter,1.0,Phishing Address
0x4369c504a8cbd033f85bd8be456a0108f987d00d,1,poison_hunter,1.0,Phishing Address
0x437542b762035e21b6659a61250f41f5e40a2ed6,1,poison_hunter,1.0,Phishing Address
0x438cdf9a16145d8562d006a788194f6490820a22,1,poison_hunter,1.0,Phishing Address
0x43973a02147eff4d076415ce33a56b43554c751e,1,poison_hunter,1.0,Phishing Address
0x43976065222647771b321f4f577f3360ddff0fc1,1,poison_hunter,1.0,Phishing Address
0x43aa9e82f925ec1743aeafdd629ef9b2ba8cf023,1,poison_hunter,1.0,Phishing Address
0x43be2709a7f78e26ac6e40a6b1620f0c1e738cc3,1,poison_hunter,1.0,Phishing Address
0x43c8ae2a0c2d2bbc5e57f1781b672051fe8c55dc,1,poison_hunter,1.0,Phishing Address
0x43ca5af1d774f8154219a780e26a09134e92bc3e,1,poison_hunter,1.0,Phishing Address
0x43cf5827572da9909f15813381cf8063af39015f,1,poison_hunter,1.0,Phishing Address
0x43ddfae18605d66a343aa012f4ac2d545508eb2a,1,poison_hunter,1.0,Phishing Address
0x43ea2f5bee434aab479f0e87cd3be51bdbbd85dd,1,poison_hunter,1.0,Phishing Address
0x43f0769b7c65f3e94682504fe6e628e69f5c46d8,1,poison_hunter,1.0,Phishing Address
0x43f1a97ad519fbacb264994d6e0257fdea4ae7d2,1,poison_hunter,1.0,Phishing Address
0x43f21ba7ed440d3322767813810f49f793e6355c,1,poison_hunter,1.0,Phishing Address
0x43f2867ce8da63005ec2375fb29fda08a7f7690b,1,poison_hunter,1.0,Phishing Address
0x43f40f2fc8ede62587e7e0ebe1aa555d6e04c290,1,poison_hunter,1.0,Phishing Address
0x4407699567b14d2db22d65785d9074841a3b2fd5,1,poison_hunter,1.0,Phishing Address
0x44163bfbc760a3df50a4b8bc856236f6cda4bbd8,1,poison_hunter,1.0,Phishing Address
0x4421a69ba24b904b8a8413109b627c7c51b47ac5,1,poison_hunter,1.0,Phishing Address
0x4432cf937b98e568dfc9f98bd12a9401d9701434,1,poison_hunter,1.0,Phishing Address
0x44521ad8c30b1ea6a3c10a89b7556b7b1ea6fc00,1,poison_hunter,1.0,Phishing Address
0x4471ab8b250ff516c26f4070dc6be22920eff55f,1,poison_hunter,1.0,Phishing Address
0x447468886523fa9b3f7bab0b24a222d6bca6aae0,1,poison_hunter,1.0,Phishing Address
0x447b72164f66c4fcd5b1985cad544913e806cb95,1,poison_hunter,1.0,Phishing Address
0x44846a5f7b8ea7734fc6060e6f0871c8069f6f8a,1,poison_hunter,1.0,Phishing Address
0x44994f4318c36ae55bdd867de9ab4997b227fe52,1,poison_hunter,1.0,Phishing Address
0x44a34fedbcd7b5f8e2db3658f0f980cfc9b09b26,1,poison_hunter,1.0,Phishing Address
0x44ac33a43e7e8dc189be0cda580737afc73450d7,1,poison_hunter,1.0,Phishing Address
0x44f9240e9c5ff5df26e8dc84eb4f0f595d2e99b3,1,poison_hunter,1.0,Phishing Address
0x4501663b314b1736cd469cdda4f73b46c1c500c9,1,poison_hunter,1.0,Phishing Address
0x450fa26afa7b9ebb18b785c68b6cc254916f0cae,1,poison_hunter,1.0,Phishing Address
0x452396273c704afc73153ff6d75401e0abbf1dd2,1,poison_hunter,1.0,Phishing Address
0x4526306d4a28f9403516e911fa5be6557d8459f6,1,poison_hunter,1.0,Phishing Address
0x452e38c1f1ffdede2f4a35b1c4ac92a55ddb2367,1,poison_hunter,1.0,Phishing Address
0x453b41b809484383bebddd6593797ce287f37656,1,poison_hunter,1.0,Phishing Address
0x4558b31257b4329cdf03e0f3c4ac87a2bdb774f7,1,poison_hunter,1.0,Phishing Address
0x4558c731e25b7f8bd472eacdd2d7219211bae298,1,poison_hunter,1.0,Phishing Address
0x45595ca0a8f7e1503da01a5e67284cc9c41d88f4,1,poison_hunter,1.0,Phishing Address
0x4568560f2d646b51a12dc8c7f83e013250c66bed,1,poison_hunter,1.0,Phishing Address
0x4574f2aa2ee57e750c68a48bf68e1360ae34101a,1,poison_hunter,1.0,Phishing Address
0x4585972d307e32a971248787b22817eb241b831b,1,poison_hunter,1.0,Phishing Address
0x458b5a258cf218a9f7b9c511f5faa5f043fbdbf7,1,poison_hunter,1.0,Phishing Address
0x45a68264a6586ef754b8d078b67ecc1e6612faac,1,poison_hunter,1.0,Phishing Address
0x45b3898edc1e94e087326bcd4fb5f5796b18aa05,1,poison_hunter,1.0,Phishing Address
0x45b57657daafc180987ae15325b2371d549e66fa,1,poison_hunter,1.0,Phishing Address
0x45b7e15a451f039709191710b52127ea3cf977a0,1,poison_hunter,1.0,Phishing Address
0x45c7888db0effe1d0eb3a648a7b4df63ae59dae8,1,poison_hunter,1.0,Phishing Address
0x45c7e709169bd83979e4904892f234240c7329c0,1,poison_hunter,1.0,Phishing Address
0x45c9d651b5e37ff76f04b94980ad9c7b9324c9ae,1,poison_hunter,1.0,Phishing Address
0x45e6f5dec8bdb0bbe689163f9bc281a614dbd09d,1,poison_hunter,1.0,Phishing Address
0x460012acc1a69f825d53db60ec93f7623cbb9ca4,1,poison_hunter,1.0,Phishing Address
0x4600244366c4d23bc341896d2c03bf55fb0fa83a,1,poison_hunter,1.0,Phishing Address
0x4608afaa8e37490b0f5a460dbaede8d3ed8d5c8a,1,poison_hunter,1.0,Phishing Address
0x46257496bf84f77476a22c6b69499b4a66620165,1,poison_hunter,1.0,Phishing Address
0x462c90992db999e11a879d84603121c796c73da9,1,poison_hunter,1.0,Phishing Address
0x462f7c66ffb7dcc2fd313cfb72349bcff04f4de4,1,poison_hunter,1.0,Phishing Address
0x463063d65288cb9873e6e1543f688d98e22b06ac,1,poison_hunter,1.0,Phishing Address
0x4644a3e3c610f961f691ea28859f7fb03d64bb8d,1,poison_hunter,1.0,Phishing Address
0x4648451b83a4488dbca59018a90f633127e25980,1,poison_hunter,1.0,Phishing Address
0x465092bbe69b3f2372817ac604aeb649c4c77e25,1,poison_hunter,1.0,Phishing Address
0x4656d1ac72e3b8f68431778b2a43681ee9d2e55e,1,poison_hunter,1.0,Phishing Address
0x465d01c9b910ffd6aa59f9db43e712a25f709340,1,poison_hunter,1.0,Phishing Address
0x4661cc2ab6c5c29f537de66babdc85e4c349e622,1,poison_hunter,1.0,Phishing Address
0x467a65690a217278d1f5310d8b283a5008d2d30f,1,poison_hunter,1.0,Phishing Address
0x467c6a9ea82e5c63bb0dd0eeb91fd6e10d88e99b,1,poison_hunter,1.0,Phishing Address
0x46854987c3122ceed4c411eb94f916ec8132c975,1,poison_hunter,1.0,Phishing Address
0x468d6139edf2d2e6ac65a2dc33338f775152387d,1,poison_hunter,1.0,Phishing Address
0x4698398d817ead57f3da2d1133e18ef4521eb847,1,poison_hunter,1.0,Phishing Address
0x469c17946abfc031be87f1fbc13d1353524c84fd,1,poison_hunter,1.0,Phishing Address
0x469c1794f6e31a8b2d5645a1c3e52002554c84fd,1,poison_hunter,1.0,Phishing Address
0x469e107cef55d9074362b727293bc09f2c308cd3,1,poison_hunter,1.0,Phishing Address
0x46a1808adef029cbf47128d1e7d019fbb89ec496,1,poison_hunter,1.0,Phishing Address
0x46ab21847c11870f6753d45df9d2f19018c58231,1,poison_hunter,1.0,Phishing Address
0x46ab757c4e02fc8f1e75928e738ede556c1c8936,1,poison_hunter,1.0,Phishing Address
0x46b1ed5ddf2824287e3799d0e2286fac19bc5a44,1,poison_hunter,1.0,Phishing Address
0x46b61295a645cfcb75b8fdf362f9fc047249d50d,1,poison_hunter,1.0,Phishing Address
0x46c9f8fba28fa0baa55fc4ce6be3437441c6ddf5,1,poison_hunter,1.0,Phishing Address
0x46ca26132a9d44d800ecec6f0f4b4c7bfd2ab2e3,1,poison_hunter,1.0,Phishing Address
0x46d4778fb8f490acf1078a49cf9e710b031382c2,1,poison_hunter,1.0,Phishing Address
0x46e55b3877b8098a494746650df06a4117f45c8b,1,poison_hunter,1.0,Phishing Address
0x46ed8f5701955205ea09eea62de84a2dd2e31f0e,1,poison_hunter,1.0,Phishing Address
0x46ed8f579d316e6d79ab931dfcda12c81de31f0e,1,poison_hunter,1.0,Phishing Address
0x470190197c30a720c44cf0e774428ad47c39023d,1,poison_hunter,1.0,Phishing Address
0x4701980a7809479ddd048cf6bdaa94fcad2cfcdb,1,poison_hunter,1.0,Phishing Address
0x47234c4e86c712eb2b90d91e75f5a51df5e92f5c,1,poison_hunter,1.0,Phishing Address
0x472cc44eb516610c0a31795c290de4701fdfbeb2,1,poison_hunter,1.0,Phishing Address
0x472cfc5c1baa1c44746106c3e00e2a176644d80a,1,poison_hunter,1.0,Phishing Address
0x47476b99b846ab01709d6891c6b081f14db868f5,1,poison_hunter,1.0,Phishing Address
0x4756238a4226d492e322da671254e35e9f3ee72f,1,poison_hunter,1.0,Phishing Address
0x475fabf129da1fa21d1b90f50e55b7c8cb933a57,1,poison_hunter,1.0,Phishing Address
0x477035d7de684fee78e4b371c47cc23207ea44c3,1,poison_hunter,1.0,Phishing Address
0x4773f903734ef996757b0ad73a99481e497caa1b,1,poison_hunter,1.0,Phishing Address
0x4777030c1be0e4e1944345361a3ccf78bb678950,1,poison_hunter,1.0,Phishing Address
0x47771b72d11fd8aab867bcff546da4c157209cdd,1,poison_hunter,1.0,Phishing Address
0x4783ccba251d4af8027fa18eb40df17958c6b72f,1,poison_hunter,1.0,Phishing Address
0x478c4355b5a71dbefbd460e2f7587e8736076446,1,poison_hunter,1.0,Phishing Address
0x47a82ca579dc224faa2cbf07fbcf15de25835589,1,poison_hunter,1.0,Phishing Address
0x47b5fb433dde0b86717ca5aeef924acc237d500f,1,poison_hunter,1.0,Phishing Address
0x47c1783d291bbd2edc62c413fdd059e3f2cf5393,1,poison_hunter,1.0,Phishing Address
0x47e70c85d4972aba5b8009c5c56c77d1a854faef,1,poison_hunter,1.0,Phishing Address
0x47e83e66d1eab10a5c7015657d40ebdfc95fd7d4,1,poison_hunter,1.0,Phishing Address
0x4817b9b756f4b02cdf5698f33b5c5a7001f7b29d,1,poison_hunter,1.0,Phishing Address
0x48205899c55f028f169469252168749c47bd8aa6,1,poison_hunter,1.0,Phishing Address
0x4820e8f85dca4b95838103afa63a605b14ff8e3b,1,poison_hunter,1.0,Phishing Address
0x4826b92f7848f8c8de66a40573fde772d110aec7,1,poison_hunter,1.0,Phishing Address
0x48445b9e3e582bfca2dd76c277a6d0cbcf63f543,1,poison_hunter,1.0,Phishing Address
0x4845ace86fc301d301d45083d472bb0aca33a07b,1,poison_hunter,1.0,Phishing Address
0x4849d6add545c79a9d0ce3250f4b774a84b5afe2,1,poison_hunter,1.0,Phishing Address
0x48685258377847d3872b4d7142a68bf3076ecc47,1,poison_hunter,1.0,Phishing Address
0x486aa34d13284c7f7f1314f04745ce954370dda0,1,poison_hunter,1.0,Phishing Address
0x486e0e818d2fab52740fc7f74157001d2e75cff3,1,poison_hunter,1.0,Phishing Address
0x487ac3c0cb7d8bb78484261136c2603d25ab2619,1,poison_hunter,1.0,Phishing Address
0x488e7f14f0edc0358925cb7448177dc0b005988d,1,poison_hunter,1.0,Phishing Address
0x4892718abac1d4f508ec9f952b982de3f1344b39,1,poison_hunter,1.0,Phishing Address
0x48c043a63ea7dae333b4be23d3284b5f5e57d638,1,poison_hunter,1.0,Phishing Address
0x48c2082124d1282382ec4062cf71b00730f51180,1,poison_hunter,1.0,Phishing Address
0x48c34532166563d9a93e4951778a4ae4bae4086f,1,poison_hunter,1.0,Phishing Address
0x48c5a96a6be06a043101ac93e6971207b465adf7,1,poison_hunter,1.0,Phishing Address
0x48eeeed25c23aaaea55afb88be83d42320392b1f,1,poison_hunter,1.0,Phishing Address
0x48f53764067ed21b5a915a7ad8deaa39e794a43f,1,poison_hunter,1.0,Phishing Address
0x48f74c59deb347b3cc029de7fefab8a92192a43f,1,poison_hunter,1.0,Phishing Address
0x48fdfe59b4df2fbcb79856f324c3d1002b39bcc4,1,poison_hunter,1.0,Phishing Address
0x48ff4022eeda1ea5fcb14451933002ce0cad2e53,1,poison_hunter,1.0,Phishing Address
0x49114fa299b2a349196736b8f8fc3b7214f39186,1,poison_hunter,1.0,Phishing Address
0x4914ffca848db950b56c636f1f80e0c890f29029,1,poison_hunter,1.0,Phishing Address
0x491e8db63c6b31d1ce67d2d75b7354e53c130233,1,poison_hunter,1.0,Phishing Address
0x4922cabaeecb7296f3b5188704c11ee5fca55cc2,1,poison_hunter,1.0,Phishing Address
0x4925757a4daac825ec379658a129bf96ff2ccc4b,1,poison_hunter,1.0,Phishing Address
0x4943937850c92ab5d0c7fa9552d6e9999d4ff302,1,poison_hunter,1.0,Phishing Address
0x494393785387414d6429b2a93e39c2cf2f4ff302,1,poison_hunter,1.0,Phishing Address
0x49442138b087b6043769da86193b58a30b52884e,1,poison_hunter,1.0,Phishing Address
0x496614952509be18606347d99751a9488eb07d81,1,poison_hunter,1.0,Phishing Address
0x4974568e2bcf653c04fb4d12ad34bce016faa37c,1,poison_hunter,1.0,Phishing Address
0x4981395eee379b836253546cdef268453bd30d8e,1,poison_hunter,1.0,Phishing Address
0x498487aa07b5d6818bfaed2ff23345aa4b5a8b11,1,poison_hunter,1.0,Phishing Address
0x4991efc9e708183d83e6086255fc38b87df086f8,1,poison_hunter,1.0,Phishing Address
0x499e0fed88a9451bcd4b76dea6bbf88419981501,1,poison_hunter,1.0,Phishing Address
0x49a011fd7d02cc3cee3457ff53246012e2012357,1,poison_hunter,1.0,Phishing Address
0x49adcdbe820fc5221c1250d40cb39f766ca3a420,1,poison_hunter,1.0,Phishing Address
0x49c9a8d19d5665d3a759fb12dd90d0b4d6ce806d,1,poison_hunter,1.0,Phishing Address
0x49cb7c41f20e96a2882c9629200118cb951686f8,1,poison_hunter,1.0,Phishing Address
0x49d7b0618c5e439cff7b46222e9d8dfa047ec4ff,1,poison_hunter,1.0,Phishing Address
0x49dc1cdc57c73dac455e41b827d302a1b4246baa,1,poison_hunter,1.0,Phishing Address
0x49df828768149dc8d103576cc9a5ce89bceb22ae,1,poison_hunter,1.0,Phishing Address
0x49e6affd513111387cb11219b569150ec9d4d56c,1,poison_hunter,1.0,Phishing Address
0x4a0306170aa50d67fc69df1c28ef9099af25be15,1,poison_hunter,1.0,Phishing Address
0x4a05abe56121252ac6a73f0f4a4f416fa4e4c638,1,poison_hunter,1.0,Phishing Address
0x4a05d82934110ba634fe8211e7643ef0f6b3e800,1,poison_hunter,1.0,Phishing Address
0x4a0bf2614c137c18b960fdee19c004f4655b5617,1,poison_hunter,1.0,Phishing Address
0x4a10ebb8f94403d6dbf19f7aaf5a3ce0883a0eab,1,poison_hunter,1.0,Phishing Address
0x4a28432c691aeb6f59dddac4bc3bb0b0b242c251,1,poison_hunter,1.0,Phishing Address
0x4a32253de27179a4da71eafc7b0eeaae1464b428,1,poison_hunter,1.0,Phishing Address
0x4a3bad5924cc798beacd6dd01588fa17a8a345d4,1,poison_hunter,1.0,Phishing Address
0x4a477cdcff67c611f5f93a714a04019159277388,1,poison_hunter,1.0,Phishing Address
0x4a577ab7578b2d9b4fa10a2b9a2ad371364dd002,1,poison_hunter,1.0,Phishing Address
0x4a70d85582fbfee23916469d9e999f2b1275ce55,1,poison_hunter,1.0,Phishing Address
0x4a7b23c58b3296c9288dc17d38d92dfd11c9357b,1,poison_hunter,1.0,Phishing Address
0x4a95ee18b9fd0c4c6a64fabb27be03dbafa0a908,1,poison_hunter,1.0,Phishing Address
0x4a9695d918e4ed366d0fc85c8912e3dc3b4dbb54,1,poison_hunter,1.0,Phishing Address
0x4aa97389e447e9ed2c45e2ada21be62d6535f4e5,1,poison_hunter,1.0,Phishing Address
0x4aac3b0ce98b86b8447c64bd0b6afe26dfbe5cf6,1,poison_hunter,1.0,Phishing Address
0x4aae7516d1e795bad79212d5f3707719a0481071,1,poison_hunter,1.0,Phishing Address
0x4ab6cfc3f2561425942d960479578c45f1248b4a,1,poison_hunter,1.0,Phishing Address
0x4ab825607be1a8e52ccac6489b7368fd85fc6e39,1,poison_hunter,1.0,Phishing Address
0x4aeb54119a417c637783009ab4c6a7d72e5290d3,1,poison_hunter,1.0,Phishing Address
0x4af51ce9b449289595cd4ee646b73d672e203bdc,1,poison_hunter,1.0,Phishing Address
0x4af87eaef57b063475d51126cb42d63159465973,1,poison_hunter,1.0,Phishing Address
0x4b14f476a1babbfb829db555cb5ac2b8cd229473,1,poison_hunter,1.0,Phishing Address
0x4b1d6979bae812c9d027ebc6ef07529294c3f148,1,poison_hunter,1.0,Phishing Address
0x4b1f7fb2a099b30cc77aa907a034a941b1a00bbf,1,poison_hunter,1.0,Phishing Address
0x4b229002a24f166d37b1343e329fa01f865b7e09,1,poison_hunter,1.0,Phishing Address
0x4b22f686d9a7c0211fbf04a4537ba6cc425c6577,1,poison_hunter,1.0,Phishing Address
0x4b27f662440cc3370d58359fd48d0933089481e1,1,poison_hunter,1.0,Phishing Address
0x4b2a31cf8cfdf2d76fe49c03c5678f31ccf55a1f,1,poison_hunter,1.0,Phishing Address
0x4b412ebe9e4c1c312338fa012ab8d0c95b97a81f,1,poison_hunter,1.0,Phishing Address
0x4b4af65f1acf2c05fcba55a41ec17c3ff515d04a,1,poison_hunter,1.0,Phishing Address
0x4b4f1a38683e121e25360285c61e2b5320339f0f,1,poison_hunter,1.0,Phishing Address
0x4b6a2daf5f7ea93e705072396de0301868eb8da1,1,poison_hunter,1.0,Phishing Address
0x4b6b2a1b7e1a474103bb83fb5df64e9940103625,1,poison_hunter,1.0,Phishing Address
0x4b8eb7ec19277f453303c2dcc10594b3dde355cf,1,poison_hunter,1.0,Phishing Address
0x4b96265ba8dfdab5bca46010a861540b830892e3,1,poison_hunter,1.0,Phishing Address
0x4b9988324c6da2b34e3fd156d4346af1204cf977,1,poison_hunter,1.0,Phishing Address
0x4b9dcde2178b2b662cf5bf9b30c8eadacb7444b4,1,poison_hunter,1.0,Phishing Address
0x4ba1fefdf9165430800b5a763fb85ba50d4db5ec,1,poison_hunter,1.0,Phishing Address
0x4ba2e11984ebc4ff268cc7fdd67c07b5583d10fb,1,poison_hunter,1.0,Phishing Address
0x4bc1b8d1f33e1fb6e3a7fe7004b48ef6c4e2093e,1,poison_hunter,1.0,Phishing Address
0x4bdfee84ae0a888efd16c81b653c978b8c6a3d0e,1,poison_hunter,1.0,Phishing Address
0x4bf4014dbce4a0bea5e92c256029cab4cd3071b8,1,poison_hunter,1.0,Phishing Address
0x4bfaa12644933ded9a34b3d7b6722b18ff2a49bd,1,poison_hunter,1.0,Phishing Address
0x4c019fadbf86b26cfbd92b080ed1f9a891af3ccb,1,poison_hunter,1.0,Phishing Address
0x4c037826bdb139dd3474957f8ae771c802530374,1,poison_hunter,1.0,Phishing Address
0x4c039adca80363bf21fb59d3953759b5d5c67a11,1,poison_hunter,1.0,Phishing Address
0x4c0f71e6ae164428647bb28f2c175e3abaf8462f,1,poison_hunter,1.0,Phishing Address
0x4c2b5b56d072fb116124b90be18f5090439c95d8,1,poison_hunter,1.0,Phishing Address
0x4c3cc4b925ec5be83c333824cb136f254fef2a50,1,poison_hunter,1.0,Phishing Address
0x4c3e7f133f4301288de9f9113d86b2f19f689958,1,poison_hunter,1.0,Phishing Address
0x4c3f35acba2ea99e70402896f4d1fb028f482213,1,poison_hunter,1.0,Phishing Address
0x4c4c98b7251745eb4b9b5aa6408ddb886b5f686b,1,poison_hunter,1.0,Phishing Address
0x4c4f313a78f13362578287d24ea8776829113ee5,1,poison_hunter,1.0,Phishing Address
0x4c5346505fcb60f45fc539f345f5d1a32b567fe6,1,poison_hunter,1.0,Phishing Address
0x4c62b3af7f1fa41630e346a68eb8f6855424b7b3,1,poison_hunter,1.0,Phishing Address
0x4c63d823023876ec670c4454ca18a36d0afe7a00,1,poison_hunter,1.0,Phishing Address
0x4c78e8dad98e8ed15c41904ee86dea38a5b1c6bc,1,poison_hunter,1.0,Phishing Address
0x4c8d33a25e203a85a007182d56e6805ff97063ef,1,poison_hunter,1.0,Phishing Address
0x4c99dab55fd48514f9a1530a1d205aaaf974da12,1,poison_hunter,1.0,Phishing Address
0x4caa86920a40696ad6272160637c86f648b18d27,1,poison_hunter,1.0,Phishing Address
0x4cc3fc0d42046098f96db5953725eaa556eb3bf5,1,poison_hunter,1.0,Phishing Address
0x4cc83453549265b0d7145c1be735c48ec7f84434,1,poison_hunter,1.0,Phishing Address
0x4ccb1769bfc5bf4b2146002b6e440474a8227ef9,1,poison_hunter,1.0,Phishing Address
0x4cd21e8182c95cd5da4eef423068c26d4063c8ce,1,poison_hunter,1.0,Phishing Address
0x4cdde5f5d3de5282a4714c6d3f8ada9ca01384b1,1,poison_hunter,1.0,Phishing Address
0x4cfedc13ecd1cd25ecb13ad4d34d2ef8d3a6071e,1,poison_hunter,1.0,Phishing Address
0x4d0588531fdae0f99a5a88efef6bacc145da0aff,1,poison_hunter,1.0,Phishing Address
0x4d140f6f239428fd152485b22031125d9b526e0a,1,poison_hunter,1.0,Phishing Address
0x4d1be14d4db86a8a713c8eff9eaa76f8585b62da,1,poison_hunter,1.0,Phishing Address
0x4d3893ee2565a6e5b77babd66317ac4e55c24700,1,poison_hunter,1.0,Phishing Address
0x4d6109bcde24909639a1062094585604c73e1676,1,poison_hunter,1.0,Phishing Address
0x4d810ed74c7d5abaf1970aa23c10a8940ccd0462,1,poison_hunter,1.0,Phishing Address
0x4d84377192abf5b630df7ce7eadc0ff5a5e2d0b6,1,poison_hunter,1.0,Phishing Address
0x4d86698ab4d8829e4c3a49c67ca8fe28789870c1,1,poison_hunter,1.0,Phishing Address
0x4db6dec55edb49deb3db8e1e9f88c357efccbc02,1,poison_hunter,1.0,Phishing Address
0x4dc764cae728e9e67a815aacf998594dcf422d62,1,poison_hunter,1.0,Phishing Address
0x4dcaf0e3b3c0d8e36da913053d4ac2490f11eae3,1,poison_hunter,1.0,Phishing Address
0x4dd72e7149af692bc827d7d4e8a4a77f648c6508,1,poison_hunter,1.0,Phishing Address
0x4de30d3011858e444e0c5be8f6615856f7cb6a9f,1,poison_hunter,1.0,Phishing Address
0x4dfa05093fabb2d169162b386a01da3d3a93c9d5,1,poison_hunter,1.0,Phishing Address
0x4e00e60fa6777dc392fb9f2ec3f8362d76862055,1,poison_hunter,1.0,Phishing Address
0x4e1595b765866abe6302dc6d254ad1db8e3128b1,1,poison_hunter,1.0,Phishing Address
0x4e1beb0e1a1e0134daef75f72f88b86b717dcae0,1,poison_hunter,1.0,Phishing Address
0x4e1d37226544bf35c543f57adc5a785841db5988,1,poison_hunter,1.0,Phishing Address
0x4e21a246350abacad3169582cda3460587d4754b,1,poison_hunter,1.0,Phishing Address
0x4e3a878f6908d2878386680f9a4834c62d54e6cb,1,poison_hunter,1.0,Phishing Address
0x4e3d26e15c815c6c9b251bc394d03b96320d1b01,1,poison_hunter,1.0,Phishing Address
0x4e486fa97f6e3217104e013799c602080a2d4f03,1,poison_hunter,1.0,Phishing Address
0x4e4cb8a5662a4999ba5d3e901c3e8ca09d58e55a,1,poison_hunter,1.0,Phishing Address
0x4e5224919b42e45e416d2e32dccb1f3fd5c11038,1,poison_hunter,1.0,Phishing Address
0x4e665a24216c88d609e5d9b524812ae588bfb7a8,1,poison_hunter,1.0,Phishing Address
0x4e72cbe04d13affe4bf695d495245c98aeb2bc31,1,poison_hunter,1.0,Phishing Address
0x4e8236ff456d6ad125f559c9a6faf847af11d517,1,poison_hunter,1.0,Phishing Address
0x4e8351bbfbe19812dbd8922a7a7109df172a4ec6,1,poison_hunter,1.0,Phishing Address
0x4e9083fe9b191e5d0f6a3938c11c101450b5d782,1,poison_hunter,1.0,Phishing Address
0x4e98e4bbe6931cc1faa8c13bcdc4b23e89c02135,1,poison_hunter,1.0,Phishing Address
0x4ec8f7d9dd82d8731ba55273b23cd6b2ecdb4047,1,poison_hunter,1.0,Phishing Address
0x4ed6a979154265e81a0fe6233fc1733dd6e05c3d,1,poison_hunter,1.0,Phishing Address
0x4ee2eced97f5ea22ad183913bc58e827094a4d72,1,poison_hunter,1.0,Phishing Address
0x4f095721325f0d5966d393df9c59baaa7a9bb45d,1,poison_hunter,1.0,Phishing Address
0x4f0b9f326619da534aae82e2a957d227d31c2d6c,1,poison_hunter,1.0,Phishing Address
0x4f219c2c1ee10c605daa16ba31272d49b7e93049,1,poison_hunter,1.0,Phishing Address
0x4f3f569ec2375ce55c53ce4e156595ec8c3066e5,1,poison_hunter,1.0,Phishing Address
0x4f45d9e6c2da293c0ba895777fbebc9e9d5fc22c,1,poison_hunter,1.0,Phishing Address
0x4f62707204f0816e034a6b3fbec289dd64c3b3f8,1,poison_hunter,1.0,Phishing Address
0x4f69d66a6dc4f83183662217f848e937e0a2c54e,1,poison_hunter,1.0,Phishing Address
0x4f873d90758689c105917b1c2793410848618aa1,1,poison_hunter,1.0,Phishing Address
0x4f9806cf64527292a3b4eb6abe6be54a8e83be59,1,poison_hunter,1.0,Phishing Address
0x4fa0db3e8ee3fd42c190230a1ca828efac96a145,1,poison_hunter,1.0,Phishing Address
0x4fa42b704c237f3892d0f494a54b56fd9b53d0e2,1,poison_hunter,1.0,Phishing Address
0x4fbb203eb8b87e2847aea6047ed7c25f8f3a3d12,1,poison_hunter,1.0,Phishing Address
0x4fd05e2650fddc8a111722c44095f3ce895ba59a,1,poison_hunter,1.0,Phishing Address
0x4fd9f59c406c42fee2938346ae82398986d83c1e,1,poison_hunter,1.0,Phishing Address
0x4ff03cb89ccd973be4b4d565ea8743f7adef2074,1,poison_hunter,1.0,Phishing Address
0x4ff146ac61360839f3b86979c8fd3049ce27d876,1,poison_hunter,1.0,Phishing Address
0x500a24471c18faa727e2a5855b0a180462801098,1,poison_hunter,1.0,Phishing Address
0x5013705d63125e5ec874fb3258dc1926278c314b,1,poison_hunter,1.0,Phishing Address
0x5016c465b613316c447e44c251fdc8d0693c5be5,1,poison_hunter,1.0,Phishing Address
0x5025b5d69b9f43ac1dfe2fc0bed5bd1ad90fb4a4,1,poison_hunter,1.0,Phishing Address
0x5037ce9b5829158a4c53548b26b386337a932e11,1,poison_hunter,1.0,Phishing Address
0x504b26497cc88a122749b761f0701b7dffaff20f,1,poison_hunter,1.0,Phishing Address
0x5050dea0b89307cdcd98fab65114f2fb41397570,1,poison_hunter,1.0,Phishing Address
0x5061ce360e1a4633e99d6db06d430b02179d1f4e,1,poison_hunter,1.0,Phishing Address
0x507961f4c1d9f3cb23d7622c75ced4b2aa7ea961,1,poison_hunter,1.0,Phishing Address
0x507be7a62c28beffd8b441ddeb855602d24742b3,1,poison_hunter,1.0,Phishing Address
0x50a863b9dc7ea464b283a86dea8b9659bdfe9182,1,poison_hunter,1.0,Phishing Address
0x50ad936c590a722f96d14cf236cae8a486794352,1,poison_hunter,1.0,Phishing Address
0x50b6a381909574567b2830f942421ea0d26e48bb,1,poison_hunter,1.0,Phishing Address
0x50c6d11f7ad3f4be42ef66263a613196ca1c26f0,1,poison_hunter,1.0,Phishing Address
0x50e30d3e23978f6db6eb6b94d23b1bc41212e0c1,1,poison_hunter,1.0,Phishing Address
0x513f1df9bc2e6826739446fe55514ba439d7b069,1,poison_hunter,1.0,Phishing Address
0x514dede07f2cad2693c8240b81ca7bce4f8b0496,1,poison_hunter,1.0,Phishing Address
0x51511a2802c77e3a2fdc4f68051a30e8a5554e15,1,poison_hunter,1.0,Phishing Address
0x5179e0119231087747c3abb83e0e17f827deff15,1,poison_hunter,1.0,Phishing Address
0x5186a406d70077c67a8b85a5ca96ebd0888450a3,1,poison_hunter,1.0,Phishing Address
0x519167f73ea49ca27627bf846dccc91fcf278651,1,poison_hunter,1.0,Phishing Address
0x519c4b2c12f8e8d08e8f9ed636d8da8add38906f,1,poison_hunter,1.0,Phishing Address
0x51ae59ac0d46bc0a07be3fafc3884e948d53d5c3,1,poison_hunter,1.0,Phishing Address
0x51b9590c853935073e41563a9369f662cbb70ad7,1,poison_hunter,1.0,Phishing Address
0x51beeb36286ca2e4b8748a8f2670af50e05c3e59,1,poison_hunter,1.0,Phishing Address
0x51caaaf2463beb44972fb4200b3358b1feef4a33,1,poison_hunter,1.0,Phishing Address
0x51cabd4732829bdd22b0a00eedb3529819551dd4,1,poison_hunter,1.0,Phishing Address
0x51dc502041aa7928b42203b2d3bd10fe41a5e362,1,poison_hunter,1.0,Phishing Address
0x51e2cf9bc91d856fd56d5bd7bd4307030ad2895a,1,poison_hunter,1.0,Phishing Address
0x51e31d41017ad749a15f57b69fa8fbdd92445054,1,poison_hunter,1.0,Phishing Address
0x520119480962ee8953464da1d8d0235d09d68c64,1,poison_hunter,1.0,Phishing Address
0x5201894c74be313bf46c3ea57fb8094dab501817,1,poison_hunter,1.0,Phishing Address
0x52078b30284f9ec853657d39c3b24f4a4d2b81c2,1,poison_hunter,1.0,Phishing Address
0x5210fd6010843983fb07bfaad36c4d1478e8b804,1,poison_hunter,1.0,Phishing Address
0x521905bfbd658771d264918e05707d8d179b4a36,1,poison_hunter,1.0,Phishing Address
0x5220860f14accad790d68a28706b04627b71c305,1,poison_hunter,1.0,Phishing Address
0x52287566bab741696a4ad0d6a8833f8710227f5e,1,poison_hunter,1.0,Phishing Address
0x5230bb313a2c93d70c0917f14ffa7b0cc40d12e0,1,poison_hunter,1.0,Phishing Address
0x5237349bbec0392512f9ed6caa55f460788135dd,1,poison_hunter,1.0,Phishing Address
0x524057038ebef831330e1580a2af8cedac7257c5,1,poison_hunter,1.0,Phishing Address
0x52425443800e3d456a1205a01daae64a29744778,1,poison_hunter,1.0,Phishing Address
0x525a412385d1f398de065feb6cb383c499480860,1,poison_hunter,1.0,Phishing Address
0x5272200889aadad403d9f63cd50c6c87b37d9508,1,poison_hunter,1.0,Phishing Address
0x5289dbc5c4af9cc59163650f636fb220988ab804,1,poison_hunter,1.0,Phishing Address
0x52917cb79eeccc7e812d461718e3c0ed6c6950b2,1,poison_hunter,1.0,Phishing Address
0x5294e556fefd645ffe0f9a6cbbbd324fc167c1b2,1,poison_hunter,1.0,Phishing Address
0x5294f4067b63e9a78ccd661f07f26fc94491ff3c,1,poison_hunter,1.0,Phishing Address
0x529c64c24d675f9d679c58f97ebd634795a6b8eb,1,poison_hunter,1.0,Phishing Address
0x52a16a99090b6f9bcf9ee9e8f7211c751851593b,1,poison_hunter,1.0,Phishing Address
0x52c67ea661fa9d5d1dad76dae590bf8087579998,1,poison_hunter,1.0,Phishing Address
0x52dbb0eccf72b3bc49c84e07b3afdc58fc7dd02a,1,poison_hunter,1.0,Phishing Address
0x52e823b6c08e4178e82de2b6de6af96d46a9e8df,1,poison_hunter,1.0,Phishing Address
0x52f25d9eee9b14c1db525303204bad8ae227f234,1,poison_hunter,1.0,Phishing Address
0x53009a592266cbe898059be1f7818e07c518ea2d,1,poison_hunter,1.0,Phishing Address
0x530389b45cb785a896693f2b737a09b3ade211a9,1,poison_hunter,1.0,Phishing Address
0x530b0fd08402a779f1610d25b6ffb844014fafca,1,poison_hunter,1.0,Phishing Address
0x532a1b62cb43a64732a7a0655a7275b1b10348f7,1,poison_hunter,1.0,Phishing Address
0x533620a18fdb1953962e2b11c291173e6233022e,1,poison_hunter,1.0,Phishing Address
0x533721bb69891725eb4b4fecc1d99e108939a2b2,1,poison_hunter,1.0,Phishing Address
0x53477622a75d2af104833d0a2531a6dbdb6bc493,1,poison_hunter,1.0,Phishing Address
0x534ed32a9dab41193b5d9e37c0a4586e0388dade,1,poison_hunter,1.0,Phishing Address
0x5350af236fe6d4f359789ec2282af382803e69b0,1,poison_hunter,1.0,Phishing Address
0x538cfdcebe1ccb6fb1784629b17f839f427003f6,1,poison_hunter,1.0,Phishing Address
0x53c1a5ce7f1b412fa1dab07d6fc84d90c27ab069,1,poison_hunter,1.0,Phishing Address
0x53c2a0ea21ea8df6860cf4d9f54884da78ce75e7,1,poison_hunter,1.0,Phishing Address
0x53d1c3c6da4b971e7d59c8d3b2459a8ff9bd8c5c,1,poison_hunter,1.0,Phishing Address
0x53d524786592128c1f4c7e7fa2aa489a5f07fbc9,1,poison_hunter,1.0,Phishing Address
0x53de0526b132cee6062ac16d1ac30d3654cb9639,1,poison_hunter,1.0,Phishing Address
0x540b9e2a401ba60c106edbd5e9929e608bb46417,1,poison_hunter,1.0,Phishing Address
0x54353d6a3558a678c1cafb33aab9170e60f01283,1,poison_hunter,1.0,Phishing Address
0x543a4174667529ce7966b16c612e5cbe45406ad3,1,poison_hunter,1.0,Phishing Address
0x543b0981d9d048630802e539048e124abea1129d,1,poison_hunter,1.0,Phishing Address
0x544435cc8ab4cec26215370f5a4bc4693a81b802,1,poison_hunter,1.0,Phishing Address
0x5448c0c15aaa58eb5de82f887dc79b71251960f7,1,poison_hunter,1.0,Phishing Address
0x545358c589a9c9d6abd0e5ac4d14a91dac6fdf26,1,poison_hunter,1.0,Phishing Address
0x54631ab061f3d440f8885cb5fbd63e410396e88a,1,poison_hunter,1.0,Phishing Address
0x546878444ddb4d0eafac21a021b6e30427fc9b97,1,poison_hunter,1.0,Phishing Address
0x546c6682892818d327b8f58f0f779ecd29bb9b83,1,poison_hunter,1.0,Phishing Address
0x546cc993b62a970f516a468cee7a75a27ae2f531,1,poison_hunter,1.0,Phishing Address
0x547cd038bb4ccfce622665cebfd008463f008fa1,1,poison_hunter,1.0,Phishing Address
0x547de05a978fda42cf5422e231161909f245d046,1,poison_hunter,1.0,Phishing Address
0x548b913edb52d2339e0c35fb442edc9f78dd7464,1,poison_hunter,1.0,Phishing Address
0x548c1c41989810b1b5267d70f9e5133e94b15ae8,1,poison_hunter,1.0,Phishing Address
0x54941860497012bc56200523060fab1010600a52,1,poison_hunter,1.0,Phishing Address
0x549ed1056062ce61cda15897ea88622516f88ac2,1,poison_hunter,1.0,Phishing Address
0x54ad4884855e10fb03b6abfafc6cf4cef6ff0676,1,poison_hunter,1.0,Phishing Address
0x54aded65997836d2444ada8019bc30c181485ffa,1,poison_hunter,1.0,Phishing Address
0x54b458d14e1678fbb6ef8c487da0f7393950e64e,1,poison_hunter,1.0,Phishing Address
0x54be34fc7ee0cedfb0eac1a191b295e8d07d91df,1,poison_hunter,1.0,Phishing Address
0x54c4692f247c20186bd44be776eb3e513c10beb1,1,poison_hunter,1.0,Phishing Address
0x54d2ec2d9c75ca6d82b113f71b0e5936b4eaa64b,1,poison_hunter,1.0,Phishing Address
0x54d9379331dde47af90f7419c7800d03b531902d,1,poison_hunter,1.0,Phishing Address
0x54e5bedb21ccc33ea8ec198cf335572ed1c8b507,1,poison_hunter,1.0,Phishing Address
0x54ef9ed0de115f6bee4342e6ddfe2a301c111223,1,poison_hunter,1.0,Phishing Address
0x54f546a2686e501b899b6fea44d16927aa755bc1,1,poison_hunter,1.0,Phishing Address
0x54f6d95eab95033e184bde60ca88a2f8df959905,1,poison_hunter,1.0,Phishing Address
0x5500d192c555790e75a819658d3bbd48b657a030,1,poison_hunter,1.0,Phishing Address
0x5506a7b6881698ee02610fa42b80a1ae8e5c3b2d,1,poison_hunter,1.0,Phishing Address
0x5517cef8bc69b4448e2295d6bae91b4b951eb963,1,poison_hunter,1.0,Phishing Address
0x5528d824005d8eb06a03a9d569142fa50eebd5e2,1,poison_hunter,1.0,Phishing Address
0x552f99bda6a1931341f65ab265f1d25e38d135ba,1,poison_hunter,1.0,Phishing Address
0x55300577e539745124091a9aee0ce2534cf380ec,1,poison_hunter,1.0,Phishing Address
0x5535ca5ef91ac016a005e7b420eb804269fa200e,1,poison_hunter,1.0,Phishing Address
0x5539823fe273f8ac0bfaae3b8d7fc1c4e4c23107,1,poison_hunter,1.0,Phishing Address
0x553a337e9b68db3db268d666d6be45af9a9482c9,1,poison_hunter,1.0,Phishing Address
0x553fb848e7989bd0e02de8f2d9596e35eaca44cf,1,poison_hunter,1.0,Phishing Address
0x5546efa846ce38f3cbee45895396b2f35f6fb4d0,1,poison_hunter,1.0,Phishing Address
0x55482734310f7b7629740f18e01aa64807afd84c,1,poison_hunter,1.0,Phishing Address
0x5549034607454e1f01601ab5b2f5115f0cdf7c3d,1,poison_hunter,1.0,Phishing Address
0x555d966058d177c24f8b78da9e3fd893206879a8,1,poison_hunter,1.0,Phishing Address
0x55614f7061d06c092c4df6a1c9e587128114c5ae,1,poison_hunter,1.0,Phishing Address
0x5572c4c7ee23abfd31ef8720fbf1b69f13c77488,1,poison_hunter,1.0,Phishing Address
0x5572d5d3db93fcbcac1a38d1bd9beb2a19a5ff6d,1,poison_hunter,1.0,Phishing Address
0x55757abb86e09843e8899466b5526bf8ea39d647,1,poison_hunter,1.0,Phishing Address
0x558235811d3bfdcd091d92339301687b0bc1d457,1,poison_hunter,1.0,Phishing Address
0x55b44d548d2ab03c9b11cbbe12c4b59b72e1016d,1,poison_hunter,1.0,Phishing Address
0x55bc2b1fd701b5c1406717479e0b8b80641fcd3c,1,poison_hunter,1.0,Phishing Address
0x55d00c5012e5fd3e61f34bfc626c3f2208e9770c,1,poison_hunter,1.0,Phishing Address
0x55d2c80e4aaeb714d0db275cfcece37140935cbb,1,poison_hunter,1.0,Phishing Address
0x55e9a54da1fd08324f9c78d77161c786bd2dbb24,1,poison_hunter,1.0,Phishing Address
0x55f089d5f146ff934a6ec5e9934da15f7bb44088,1,poison_hunter,1.0,Phishing Address
0x5600d662639f6dbc112bab779a74857ac789ddee,1,poison_hunter,1.0,Phishing Address
0x5604ad106b99b26af366222e431714a3228dbf40,1,poison_hunter,1.0,Phishing Address
0x5604ad179dfb084b7da7b6aa3d6fa0605a8dbf40,1,poison_hunter,1.0,Phishing Address
0x5617a1569b75e3f39b919c6ded7b3ba27a66ed60,1,poison_hunter,1.0,Phishing Address
0x5619220ab20fd03ae9c492038f87f569b7a66981,1,poison_hunter,1.0,Phishing Address
0x561b56c94ef38e75e3824e4a9b1b7c394013b15c,1,poison_hunter,1.0,Phishing Address
0x5621ca6653be5e3ba552b835bf14dfd152cb7de1,1,poison_hunter,1.0,Phishing Address
0x563490aea4d3a74a33a4eaf56253b063fa965f77,1,poison_hunter,1.0,Phishing Address
0x563715a07a426df5cc906248c52eacb6d83a80f6,1,poison_hunter,1.0,Phishing Address
0x563c60f2d518560d3b18479d6516663bede1466d,1,poison_hunter,1.0,Phishing Address
0x56506ca1c910b65d1d8ba81638d54395a371ad5d,1,poison_hunter,1.0,Phishing Address
0x5656c1ec70902e3bb1040df394ca81eac3f8dceb,1,poison_hunter,1.0,Phishing Address
0x5662c6f5e2077b0b00f7f06896b666436fafb1a7,1,poison_hunter,1.0,Phishing Address
0x5668a6f36f570ff3563021608792ac4c9e006a71,1,poison_hunter,1.0,Phishing Address
0x566c07813196e4c58215ac99737b6205f262bbcf,1,poison_hunter,1.0,Phishing Address
0x5676016302389d544807cc9103a1317fa9f483eb,1,poison_hunter,1.0,Phishing Address
0x567bc3dfe56e84a0810615b9ce6f23b846db949e,1,poison_hunter,1.0,Phishing Address
0x567e2886dc6e76604bc9e03674f5d2fe9cf035e9,1,poison_hunter,1.0,Phishing Address
0x568220daa198e6f7c1de41c189919d19efe257e1,1,poison_hunter,1.0,Phishing Address
0x568be95e328a52d0aaba1ac5ad1af5c3a9147d72,1,poison_hunter,1.0,Phishing Address
0x569263dd2232cc112b13feb71324e8f078ebfe2c,1,poison_hunter,1.0,Phishing Address
0x569e61d1dff69fc4444e61658651489e426d6c4d,1,poison_hunter,1.0,Phishing Address
0x56a11b873a2a09c01fc5a6540365bb808572d009,1,poison_hunter,1.0,Phishing Address
0x56a31212bcafa7710958e3a1130a1a958c4d2e6b,1,poison_hunter,1.0,Phishing Address
0x56a900b1d992953e294e63c6a46ea233ee9138cc,1,poison_hunter,1.0,Phishing Address
0x56aa77b20f93c9eda94c4ac77302de04d10b516f,1,poison_hunter,1.0,Phishing Address
0x56ac31e371b73423752f20b32e08b003862932e7,1,poison_hunter,1.0,Phishing Address
0x56c81e084e72fc1cdfd337393f07fa7db8d732ae,1,poison_hunter,1.0,Phishing Address
0x56d1bd5c73c90122f68b5ec701061edb312cd506,1,poison_hunter,1.0,Phishing Address
0x56d7bc978186b42791321348af980e07a4e579cc,1,poison_hunter,1.0,Phishing Address
0x56ebcdb6be355527a58dc4188d6bbd0773c09d07,1,poison_hunter,1.0,Phishing Address
0x5716e3580b5f78beed1d608792f081e95d52725e,1,poison_hunter,1.0,Phishing Address
0x572d09bf27aaceea52526d27aba105cd3b9020ba,1,poison_hunter,1.0,Phishing Address
0x5735c0b046d1fe52add48ee6975cdba778625284,1,poison_hunter,1.0,Phishing Address
0x574cb4b62622b921149382cc8c0d1d0c2346c7e4,1,poison_hunter,1.0,Phishing Address
0x5750c59780a28643ecefa83ab47d37af98ebc405,1,poison_hunter,1.0,Phishing Address
0x575103f7780c780c586702735de32233d43f6bc4,1,poison_hunter,1.0,Phishing Address
0x575d0ff6f44a940f408fbe4717b7f913eb71598a,1,poison_hunter,1.0,Phishing Address
0x5769b0ab36f63aa90216d0315e72d5bd05d0bb62,1,poison_hunter,1.0,Phishing Address
0x5779cdbf40c5b4665021571aa4f04f9a360025bc,1,poison_hunter,1.0,Phishing Address
0x5788aca7b838b2da8e36e78ff20d8fad96a566ca,1,poison_hunter,1.0,Phishing Address
0x57aec9b332f777c8476c9438aca7cf4bf523efbd,1,poison_hunter,1.0,Phishing Address
0x57b65766a46a4170449647446d782221c14a4405,1,poison_hunter,1.0,Phishing Address
0x57c25d84e227eadc6fd8351568c4f549e63ac5c9,1,poison_hunter,1.0,Phishing Address
0x57c75b8abe02cfc1cfd3511d39526c76ab786e63,1,poison_hunter,1.0,Phishing Address
0x57e759815d2b8d2259735180cec1aa1e8001f14d,1,poison_hunter,1.0,Phishing Address
0x57e7fcef90054d6ebca5653bf007715c17dc382d,1,poison_hunter,1.0,Phishing Address
0x57fd027c77ecc71adb3d0b8fcbc4af0cea4ee1d2,1,poison_hunter,1.0,Phishing Address
0x58094b5c16fbe027d7b7a05df6c609ddf1b4f525,1,poison_hunter,1.0,Phishing Address
0x580fc529508a1724ab6843f248b1fec0d631d321,1,poison_hunter,1.0,Phishing Address
0x581e7ac54afc35efb8e793d2e20a7b98265c3dad,1,poison_hunter,1.0,Phishing Address
0x5824bc169d5b53e44ffbbd49d4c51bf97f59da4b,1,poison_hunter,1.0,Phishing Address
0x582769a188189e6ac48f10d41f9996e96b20ef96,1,poison_hunter,1.0,Phishing Address
0x582c3d5dd28276397866ce19ef65706fbf6fa250,1,poison_hunter,1.0,Phishing Address
0x58319b54480cb326f7ae78fb72f60fa77a2a72f8,1,poison_hunter,1.0,Phishing Address
0x583c101c2a0fd5f5851b448045666539d42e9ec2,1,poison_hunter,1.0,Phishing Address
0x584d8f002f347c6c82515ac80a0664ccea687624,1,poison_hunter,1.0,Phishing Address
0x584ed5767d693ba05ea2a7e4776bb0093d48996e,1,poison_hunter,1.0,Phishing Address
0x585d1dd87cd1c2307132dd80db43c95904450862,1,poison_hunter,1.0,Phishing Address
0x5873419ed28b16ff16552c33d4a3b187a6809811,1,poison_hunter,1.0,Phishing Address
0x5880fbc8d641f96db6a3bdf341fbb903ea076b21,1,poison_hunter,1.0,Phishing Address
0x588d336901f3fa19bbd78a9912b2ad7b05ff727b,1,poison_hunter,1.0,Phishing Address
0x589137478433faf8cf209038423083c43e0e4eb7,1,poison_hunter,1.0,Phishing Address
0x5897b1c5226b95e0e9db3bac1909d03202064f9e,1,poison_hunter,1.0,Phishing Address
0x58a7fcec6b94478f600f8b16858b2fa1afce77d8,1,poison_hunter,1.0,Phishing Address
0x58a89e7cc1b737dfe7b8b84e14ae29aa869ccfb2,1,poison_hunter,1.0,Phishing Address
0x58b083cd451229f78b4ceb008950d217aa45f19a,1,poison_hunter,1.0,Phishing Address
0x58b704065063dfdef1f250039bb456e7f2925023,1,poison_hunter,1.0,Phishing Address
0x58c3d49b8e1d50d6258b85ea88b0fb548808fe1c,1,poison_hunter,1.0,Phishing Address
0x58c4e2b9b124f1a3cd8991719a2699c9874c7afb,1,poison_hunter,1.0,Phishing Address
0x58d788c4e25a753b66a6e2f53bd841b1328fea21,1,poison_hunter,1.0,Phishing Address
0x58e99d69d93d8c60b5617b0f86487d39edd41cd8,1,poison_hunter,1.0,Phishing Address
0x58e9b607a4702e83fb213af10e6c14b99836fb05,1,poison_hunter,1.0,Phishing Address
0x58ecc45d54fa8f810e6eb41a520db9bf500944ca,1,poison_hunter,1.0,Phishing Address
0x58f27f1fd1b371e37329d5089fbfa904b77ea692,1,poison_hunter,1.0,Phishing Address
0x59029ff347ee5e7ae362d11dedc8b120fc329424,1,poison_hunter,1.0,Phishing Address
0x5905db2f4dbf7b4711ea0fecb4348fd29a5a1246,1,poison_hunter,1.0,Phishing Address
0x590ce964cc455597447ef6ced9c86aec71950b99,1,poison_hunter,1.0,Phishing Address
0x590ee5f2781b01e0b4ba75366da4395c14f74b25,1,poison_hunter,1.0,Phishing Address
0x5928b30dc3088ae791cf6d5dbe3027473e13ec38,1,poison_hunter,1.0,Phishing Address
0x59354ade478c6374b7feb14f1169772d45273e5f,1,poison_hunter,1.0,Phishing Address
0x5936ca78d651471419adc6732a2df245b9bb3947,1,poison_hunter,1.0,Phishing Address
0x593cd443110f552472e92893c98c7d40d29de5b2,1,poison_hunter,1.0,Phishing Address
0x59405607c38b3f6eb49fd3fedab8ba23aac6d182,1,poison_hunter,1.0,Phishing Address
0x5946822e22fa6ddc100f54396df3fe253a5f4022,1,poison_hunter,1.0,Phishing Address
0x5946d34fd369f2b1b9e6cb392bc64f76d55c753e,1,poison_hunter,1.0,Phishing Address
0x59537f4200bd28d6c5a87b97ca8ecb022e686025,1,poison_hunter,1.0,Phishing Address
0x595fa6ecaf98e14ee4d37342363eb549be850b94,1,poison_hunter,1.0,Phishing Address
0x5964456c906bae0a8c93b66cdf5a9c1e6fde84d9,1,poison_hunter,1.0,Phishing Address
0x597fc491997f5d235cbbdf2aa56b04227c8c5873,1,poison_hunter,1.0,Phishing Address
0x5985a6593aac5c7f478b6b13debcaad5172ae892,1,poison_hunter,1.0,Phishing Address
0x5987d79b2cc382406d7b2ad1782bb3668b6d733e,1,poison_hunter,1.0,Phishing Address
0x5989c183fcb1e0d42b0f6fb63018450005e6bed5,1,poison_hunter,1.0,Phishing Address
0x599e046ffbe41346e4182837182cf2e42a910441,1,poison_hunter,1.0,Phishing Address
0x59ad375196b43249b4d3da57f5f55a027d68be50,1,poison_hunter,1.0,Phishing Address
0x59b4dbe69e2a5e7ffa73df083c2cefc45618f3c1,1,poison_hunter,1.0,Phishing Address
0x59b6fc6819a5f727198bcdf6bf056bcae2acde0e,1,poison_hunter,1.0,Phishing Address
0x59bb5a5922f411394ca0f2b8a464ef8c3a86f38c,1,poison_hunter,1.0,Phishing Address
0x59ca990165c81e492dea64ace88c4a80cb1ab8f0,1,poison_hunter,1.0,Phishing Address
0x59e075938fac288cab8d14e86e802bf6d36435ce,1,poison_hunter,1.0,Phishing Address
0x59e2c87b11fb1ee27b386b09b17538716d2653db,1,poison_hunter,1.0,Phishing Address
0x59f44a4697878926d564d20421459a9c836a6ebd,1,poison_hunter,1.0,Phishing Address
0x59f7a77390e796c5f3624426121a85c5a6f500ed,1,poison_hunter,1.0,Phishing Address
0x5a0cf38d5ae1cd247cf8a28e57724cb496d5323f,1,poison_hunter,1.0,Phishing Address
0x5a1b25e1fc26caba4b56388dfeee04021eb95abe,1,poison_hunter,1.0,Phishing Address
0x5a26c27f2f0b6d8713c146f68fae7f0a5edfa8a4,1,poison_hunter,1.0,Phishing Address
0x5a4c76bd44db251a08a1d942419a0bd1a670be31,1,poison_hunter,1.0,Phishing Address
0x5a62732c125edf4b475f1caedc7a04c3e90729b4,1,poison_hunter,1.0,Phishing Address
0x5a6d9b1b0719f6b435eb501cae4d4ea04188111c,1,poison_hunter,1.0,Phishing Address
0x5a7420b9311c4ec23ff4b301b011084ff7571f40,1,poison_hunter,1.0,Phishing Address
0x5a7864b32827de9e4a42bc18e3233b3fb81f3f35,1,poison_hunter,1.0,Phishing Address
0x5a8b7b01c4e745425fb72b2c811717bb26c45805,1,poison_hunter,1.0,Phishing Address
0x5a9e9525e214d4521fcdcce5cdb0df8c538fedec,1,poison_hunter,1.0,Phishing Address
0x5ab6af89f2d05d5a8ca49b34e523b8c024581153,1,poison_hunter,1.0,Phishing Address
0x5ab7e73b5d7c7b2ea1f17f4cdc76b5238ca780fb,1,poison_hunter,1.0,Phishing Address
0x5ac7907e816d242fb94c12befc9cfe057b961656,1,poison_hunter,1.0,Phishing Address
0x5ae0e7556af521523a7f1613e02d966d09df2e50,1,poison_hunter,1.0,Phishing Address
0x5ae40943b5121992ca8a0c8a94447f787a54389d,1,poison_hunter,1.0,Phishing Address
0x5af070479c7a2a8e047967bb23a37a6d6b8d2508,1,poison_hunter,1.0,Phishing Address
0x5b0985fb7993a3a46b96ab9754ae74b03d3ef2ab,1,poison_hunter,1.0,Phishing Address
0x5b1274b2e78f5d551fe74b53e9fafcedb47accca,1,poison_hunter,1.0,Phishing Address
0x5b2f8a29691ad8d864cd3ae39481e55eba1fc05b,1,poison_hunter,1.0,Phishing Address
0x5b349146fc55a8dd3ef74994d4a7b3d525ad37a1,1,poison_hunter,1.0,Phishing Address
0x5b3595fece4c2f12dbc47849e0f867dd09fa938d,1,poison_hunter,1.0,Phishing Address
0x5b39aad37e8ff77e468bba74f791ce962716b8a7,1,poison_hunter,1.0,Phishing Address
0x5b3a1b6c35967f1b6ed16556f92d86b43a895d8b,1,poison_hunter,1.0,Phishing Address
0x5b5293b7d44652272052e207de903fbd0267d024,1,poison_hunter,1.0,Phishing Address
0x5b5cda737b41811bf2f13c9e8dd1cfd47135ff06,1,poison_hunter,1.0,Phishing Address
0x5b63c06b0ccf934a2ddd3dc1b27283d5fc526b42,1,poison_hunter,1.0,Phishing Address
0x5b6dd262fc23ff6751e8357667414d55b94e582d,1,poison_hunter,1.0,Phishing Address
0x5b75df335c46d89bf4992aab703795b4dd772dc7,1,poison_hunter,1.0,Phishing Address
0x5b7881e153285d2f13de8629733915f24c85f1e5,1,poison_hunter,1.0,Phishing Address
0x5b7bbbb2274a60d493f449ca30521d292faadd22,1,poison_hunter,1.0,Phishing Address
0x5b90104494ed20c99a57d7d2e793c300d954f8f0,1,poison_hunter,1.0,Phishing Address
0x5ba1b5f1e169e31089ba58fdf8b5f26c0ec49f0d,1,poison_hunter,1.0,Phishing Address
0x5ba2830369c2d1036c44ef467826e3c318509c66,1,poison_hunter,1.0,Phishing Address
0x5ba6d8d4142908e678eb3c753c1e3caa2e122eeb,1,poison_hunter,1.0,Phishing Address
0x5ba74b211b195ed4bcc30db2667734656e2baeb8,1,poison_hunter,1.0,Phishing Address
0x5bb083504be500e9e6c88eed67f1ebeec414adfa,1,poison_hunter,1.0,Phishing Address
0x5bb21849844d60bb8255dc511b0877da77849735,1,poison_hunter,1.0,Phishing Address
0x5bc4c7042dc8432c5f83abb504faa1468dff6905,1,poison_hunter,1.0,Phishing Address
0x5bc8775cd78f0b2463b4d9155211738ca9a0e046,1,poison_hunter,1.0,Phishing Address
0x5beac45c3d661139461e41e16dee0a5a78ceb81f,1,poison_hunter,1.0,Phishing Address
0x5befb9e67c2da9adc8e8097cd025304f76f73d20,1,poison_hunter,1.0,Phishing Address
0x5bf48d181269deba5593e16b82717571e6afcfe9,1,poison_hunter,1.0,Phishing Address
0x5c0210da5ef9cc144118b3ab282b8a4823f4a216,1,poison_hunter,1.0,Phishing Address
0x5c0a0cd3c91afc6536e343b8eaa4dca306ae348b,1,poison_hunter,1.0,Phishing Address
0x5c0ad4282b03024b679a882254c567ccaaa1c3a5,1,poison_hunter,1.0,Phishing Address
0x5c1464d7a3d756225b2f428362b822df7049081c,1,poison_hunter,1.0,Phishing Address
0x5c2496fe3ba2d101b1544f451bd3f9088f29829b,1,poison_hunter,1.0,Phishing Address
0x5c559b4a2f3dec3d78ddbd18ec823370a55b92aa,1,poison_hunter,1.0,Phishing Address
0x5c5c896e303f3f975f27b0d224db85c4ec1820e0,1,poison_hunter,1.0,Phishing Address
0x5c6d253d209f7b8c5b9b2058e41f21ebf9511f2c,1,poison_hunter,1.0,Phishing Address
0x5c75eb97e61a5ccd16137cab0406d71cf128f918,1,poison_hunter,1.0,Phishing Address
0x5c7a3655bd770fe31df8408c0e7c4f6a7b108bfc,1,poison_hunter,1.0,Phishing Address
0x5c7a3655d865bdf9ffd80b1ebba79204e8108bfc,1,poison_hunter,1.0,Phishing Address
0x5c7b8ae95aae7b4810dc92acd0202135640d6680,1,poison_hunter,1.0,Phishing Address
0x5c84337277c9682f7e8d0ace11d9dba9352b3318,1,poison_hunter,1.0,Phishing Address
0x5c935a7b42865183a783b577d127e946525939b1,1,poison_hunter,1.0,Phishing Address
0x5c9d2505c36c955161171b05c1d72aeb779ba17f,1,poison_hunter,1.0,Phishing Address
0x5cbdcf61960a99bb7b97ec1723ca9bec8e35903a,1,poison_hunter,1.0,Phishing Address
0x5cca75c4524ec5db9086ff1c733953ec61ab38dc,1,poison_hunter,1.0,Phishing Address
0x5ce95978e879f6260792bbbe07f32ae912a54985,1,poison_hunter,1.0,Phishing Address
0x5cead65f32197dfcbe3f027ad22102c003a6f8bd,1,poison_hunter,1.0,Phishing Address
0x5cfe742e30dc854e222a16bff4776d894864af23,1,poison_hunter,1.0,Phishing Address
0x5d0e443839f134068792988deb942ca190ab0c91,1,poison_hunter,1.0,Phishing Address
0x5d1141b6f249d512633515366d02a7110390b5b6,1,poison_hunter,1.0,Phishing Address
0x5d1eb75e2de2adeaa1a8db5a9d9e2f0167d64e25,1,poison_hunter,1.0,Phishing Address
0x5d21985074635d2390ba0fb07bc37b1622c903d3,1,poison_hunter,1.0,Phishing Address
0x5d3054a0a61a0a91dd896dc451a18f3182fa42c9,1,poison_hunter,1.0,Phishing Address
0x5d312102789c056d2383268427c51c90f3c2babc,1,poison_hunter,1.0,Phishing Address
0x5d38715ec49239782a014b57a2c0e8505fb85e9b,1,poison_hunter,1.0,Phishing Address
0x5d3f5221d876945a9fc5afa3414e86221ed6e2e8,1,poison_hunter,1.0,Phishing Address
0x5d3f5221e226db98b37a8e889115bd9866d6e2e8,1,poison_hunter,1.0,Phishing Address
0x5d42838b60fba2b916079e7b207c78153331f49e,1,poison_hunter,1.0,Phishing Address
0x5d4e94664184647c6fc65d433cae5451c8556133,1,poison_hunter,1.0,Phishing Address
0x5d5ebc10d2f3b0d7d8dc76a76b4e2468aeb2d86e,1,poison_hunter,1.0,Phishing Address
0x5d61ff937d1f57f08b5ed83fbf164033ea806048,1,poison_hunter,1.0,Phishing Address
0x5d669e1e590925e633c5179f3e2d2967e539a00b,1,poison_hunter,1.0,Phishing Address
0x5d6a5ae8e81a9e958a529f763db2d27aee899580,1,poison_hunter,1.0,Phishing Address
0x5d7385b3882a5a2e82ffad5027c9e66f10eed2c2,1,poison_hunter,1.0,Phishing Address
0x5d76402de3d30975878c185d5fae2ff17d0e157c,1,poison_hunter,1.0,Phishing Address
0x5d7e2d973e7a1863d0bb0841184a8a1243a80fdd,1,poison_hunter,1.0,Phishing Address
0x5db05424f89cab0afa3924f9e9ed10bfd1197fd2,1,poison_hunter,1.0,Phishing Address
0x5db36217936bad20be16622693f5e3ae9fb09aa0,1,poison_hunter,1.0,Phishing Address
0x5dbd48fce528e9a28258fe26cd7616293d5e2766,1,poison_hunter,1.0,Phishing Address
0x5dbebad827a99e620c2cb8efcc8b17c89706cd08,1,poison_hunter,1.0,Phishing Address
0x5dc5348106da3cc98a55fde132a2f9f07c8cdd34,1,poison_hunter,1.0,Phishing Address
0x5dc724e03f027ea085e6f09e797b1a7c27f548a8,1,poison_hunter,1.0,Phishing Address
0x5dc9a6b63506a3c251fe194ca31460a5736f441c,1,poison_hunter,1.0,Phishing Address
0x5dc9ce6f215075812e5c0a6d7defecd072ece80c,1,poison_hunter,1.0,Phishing Address
0x5dcbaa39f1439bec2cf67492d7131286a615bf29,1,poison_hunter,1.0,Phishing Address
0x5ddea60f72f175af5208a121065d8da25c5d7305,1,poison_hunter,1.0,Phishing Address
0x5dec9ae3f4f927f3b2d7e59de43c2734f572ea65,1,poison_hunter,1.0,Phishing Address
0x5dfac486e7f38ad89bcb7e75264b8dcba648d731,1,poison_hunter,1.0,Phishing Address
0x5dfe429c2b30a0f2eb8a1beb9a60e3ff7c772659,1,poison_hunter,1.0,Phishing Address
0x5e0644c95355873d1fc2167c76bd611deec9fb59,1,poison_hunter,1.0,Phishing Address
0x5e15eabb8339db7e7daeb9872443385bd9e4d965,1,poison_hunter,1.0,Phishing Address
0x5e1c5020159f48c31a4b0c13877d9b1a85e123cb,1,poison_hunter,1.0,Phishing Address
0x5e306cb8d67ec7696980a607e867bc5e73003038,1,poison_hunter,1.0,Phishing Address
0x5e31270b8195dee2719ac59bef5be7e55c279154,1,poison_hunter,1.0,Phishing Address
0x5e4aa3ba31bd5640adc3539099db42867cb2146c,1,poison_hunter,1.0,Phishing Address
0x5e4afa4af671f0a098e681a0ac18225e11beba0c,1,poison_hunter,1.0,Phishing Address
0x5e4ea85cfa09dce387cf52807ef39f3b110078c8,1,poison_hunter,1.0,Phishing Address
0x5e54e392a8d3ad13cb5f88db16e3e22ca052863e,1,poison_hunter,1.0,Phishing Address
0x5e5e65f1aff983681d7789b15cbd38cf470e4459,1,poison_hunter,1.0,Phishing Address
0x5e5e920703bc7580bf193eacf7317bd617277fe7,1,poison_hunter,1.0,Phishing Address
0x5e65cb1db2405bece7978a8dfd1ae479aa8fbb0b,1,poison_hunter,1.0,Phishing Address
0x5e6c02b5a9dd208634f44631814f5a6db730ae68,1,poison_hunter,1.0,Phishing Address
0x5e7a9248e6513a0f26a49719ecfd4a4fd087a183,1,poison_hunter,1.0,Phishing Address
0x5e7aad032ae1f8dab257f8e240779016ba17e25f,1,poison_hunter,1.0,Phishing Address
0x5e960e42ae962505697edb26e8de0b471d77baab,1,poison_hunter,1.0,Phishing Address
0x5eb63ff644aa2791195af376a795f03782f8b87a,1,poison_hunter,1.0,Phishing Address
0x5ebf760384238720dc7f3705806fbcf20f8f5f82,1,poison_hunter,1.0,Phishing Address
0x5ec076edf8f3c598779784e2082002c63ce2311f,1,poison_hunter,1.0,Phishing Address
0x5eca53f6a60aabbb4d6041e10209d6d859cc0b9c,1,poison_hunter,1.0,Phishing Address
0x5eccfb54c28108af5030095a51dd78786a5ada62,1,poison_hunter,1.0,Phishing Address
0x5ecf1d9b38f9434f90e9aa72468e05c45a2ee988,1,poison_hunter,1.0,Phishing Address
0x5ef9b74e5d86a7b8b75652ea3e0af15ed3197eb2,1,poison_hunter,1.0,Phishing Address
0x5efb7c8b2af4b3c6aade4780bd47d3a0303dcabe,1,poison_hunter,1.0,Phishing Address
0x5f0e4037ee6af19d0351f594d85b881465107300,1,poison_hunter,1.0,Phishing Address
0x5f108f9a005f17c4b33fb6167d186d3d4326fe9f,1,poison_hunter,1.0,Phishing Address
0x5f12bd1cfd80015576888cd926e4d3aeb83fadd9,1,poison_hunter,1.0,Phishing Address
0x5f1ebe5e9c7e738f3ce00d247ad78ea26d78906a,1,poison_hunter,1.0,Phishing Address
0x5f3930fb36e51de054574d88211b5a7f0bd65b0b,1,poison_hunter,1.0,Phishing Address
0x5f3cf56fd69b5b1a1aed9ff1e878239f25a65f98,1,poison_hunter,1.0,Phishing Address
0x5f3ec36dfc35ad3f1eee2b0a3e84477ca63aa146,1,poison_hunter,1.0,Phishing Address
0x5f4742fd05d3c264d87ca3d56ebd3bda922e980c,1,poison_hunter,1.0,Phishing Address
0x5f52655c82b1a57ad43d9a0ac8ce2dae873220ad,1,poison_hunter,1.0,Phishing Address
0x5f55059a1ffb6024f4dbfb93d1eb48998c68eb3c,1,poison_hunter,1.0,Phishing Address
0x5f5a3ec290b44b84b8d27f8aba5cf575916d927f,1,poison_hunter,1.0,Phishing Address
0x5f5b96b6fc13065f34a4a083f90e06d9fe108d86,1,poison_hunter,1.0,Phishing Address
0x5f5e38dde6584b0475709e40f4db3da82278b03d,1,poison_hunter,1.0,Phishing Address
0x5f6391e21e398ade30661fa5d81d0ef1fae5a57e,1,poison_hunter,1.0,Phishing Address
0x5f8cf098b831ea4fcb4fecefe3dea5b978c1ae62,1,poison_hunter,1.0,Phishing Address
0x5f9b921d71e84a30a75d1eee6c598a1dece5c849,1,poison_hunter,1.0,Phishing Address
0x5fa3348cd363d600d3bb3b9dcfa7686e14e2b1fa,1,poison_hunter,1.0,Phishing Address
0x5fc899dbad7482b866ec384dc850daebd3aa5513,1,poison_hunter,1.0,Phishing Address
0x5fe2b126a3b3c72de67cf841a1c883c47ea803a2,1,poison_hunter,1.0,Phishing Address
0x5fe8fdd60942957e433de93d16ad717647b2e2f8,1,poison_hunter,1.0,Phishing Address
0x5ff0dcff10fa9e8d6ed2b59d03f769cdf6a64aa6,1,poison_hunter,1.0,Phishing Address
0x5ff80549f7125ed7937c16c0dee6040c000d04e8,1,poison_hunter,1.0,Phishing Address
0x6001c5464cd9796171885066e222cb7efb0f5ce3,1,poison_hunter,1.0,Phishing Address
0x6029386f11b8d7f9c3d14486e324cbf4659c567b,1,poison_hunter,1.0,Phishing Address
0x60317e088393efc114a86d4260d92a2b4cb02b2b,1,poison_hunter,1.0,Phishing Address
0x60342170164061921258d743be036821beec4dc4,1,poison_hunter,1.0,Phishing Address
0x60375ca4af6ef2f2cf0ceaa12b36a30184989ca0,1,poison_hunter,1.0,Phishing Address
0x603d707f31e48924876531da80990db430646774,1,poison_hunter,1.0,Phishing Address
0x60404a458571cfaea7b08369cf1337e10d21cd41,1,poison_hunter,1.0,Phishing Address
0x60416c98e2102c329e4fa190d0e2b1c45e0ced7a,1,poison_hunter,1.0,Phishing Address
0x604788eb658b98b1e2b89cb10dc8058f01e8d546,1,poison_hunter,1.0,Phishing Address
0x604ae2b29064d470e754f41f56171fa50e4ff646,1,poison_hunter,1.0,Phishing Address
0x6052287cf2beaf8dc31071d53c891384ac97950e,1,poison_hunter,1.0,Phishing Address
0x6055435f94fc716ab452f22361880b85092fb1f6,1,poison_hunter,1.0,Phishing Address
0x605a870cab88104f6713e5423c1ba0504953e966,1,poison_hunter,1.0,Phishing Address
0x6062fd7dc51f0a1d7eca3e91a7c4a3feebc030f3,1,poison_hunter,1.0,Phishing Address
0x606bc335e0e8a4ee0bf89d89989e5822c9972631,1,poison_hunter,1.0,Phishing Address
0x606d8da17b86133146bf642f72ea95349a1ff579,1,poison_hunter,1.0,Phishing Address
0x606e0d340ea27d6312ee96c52ff7a96d70a8ddc1,1,poison_hunter,1.0,Phishing Address
0x606f8567b5990fc54ba4e2318050103c322cee17,1,poison_hunter,1.0,Phishing Address
0x607c276b4c043ce904e3db3d9d94b253bf934b39,1,poison_hunter,1.0,Phishing Address
0x6096d23d6ac6e4f2e2dccbbbfc30e4d431683d5c,1,poison_hunter,1.0,Phishing Address
0x60b947cd2983570a539d8fc1b2916e58c0fdf9a9,1,poison_hunter,1.0,Phishing Address
0x60bfc2cccf341fb52fb2e4955ce2a44a204e2c08,1,poison_hunter,1.0,Phishing Address
0x60c5a7fc543093effa964d01cc9858634fdc4c56,1,poison_hunter,1.0,Phishing Address
0x60d66a9a418be680b04fb9dc73c6bfbe7e1e14a4,1,poison_hunter,1.0,Phishing Address
0x60f221f1bca7bbaa774badff9332fa7ec0c8d81c,1,poison_hunter,1.0,Phishing Address
0x60f60fc3e332971ff444404484b782ae28304a4a,1,poison_hunter,1.0,Phishing Address
0x60fe222c011bf27e27a633dafd68a539d5e330fd,1,poison_hunter,1.0,Phishing Address
0x61125965cf2ee749b20e219244c1408b3ce206f6,1,poison_hunter,1.0,Phishing Address
0x6122bd41ff524bea4fcfa9637eb283c5fa42494c,1,poison_hunter,1.0,Phishing Address
0x61260322d9359dcc5a50104b49fabf87feb6dd75,1,poison_hunter,1.0,Phishing Address
0x612caba5bc61216dedb8009ff5bea3265fd8518f,1,poison_hunter,1.0,Phishing Address
0x612dfa929b32ca0bd633b2c25948a1d7e73249ac,1,poison_hunter,1.0,Phishing Address
0x613948faead281f53631a39d77ef1612cdebbdbb,1,poison_hunter,1.0,Phishing Address
0x613b82e4bc365e64ea2796274286a18704487420,1,poison_hunter,1.0,Phishing Address
0x61699c1f685c2b2707e71662b70599a1d62b2738,1,poison_hunter,1.0,Phishing Address
0x618d8d36047fbf10d83b713756735e88ca9c3995,1,poison_hunter,1.0,Phishing Address
0x61b22f236e538c49a872d2f4234e02783c82e63f,1,poison_hunter,1.0,Phishing Address
0x61b7b515500bed1827c50bb5e8f8a616c2610ca9,1,poison_hunter,1.0,Phishing Address
0x61c3087ad7bf38ba1b828e07b2741aaaffd0464f,1,poison_hunter,1.0,Phishing Address
0x61d717ed3eb08867630e175772d0f180a6b6ddf7,1,poison_hunter,1.0,Phishing Address
0x61d9525bdf21d0aef8d62d7da47188c7bb2ac5c9,1,poison_hunter,1.0,Phishing Address
0x61de8913dd10cc098818e8038d9737b88769d86b,1,poison_hunter,1.0,Phishing Address
0x61e0822b008dc458e0af892231e9413ab1623a3e,1,poison_hunter,1.0,Phishing Address
0x61e26813d8980050c6e7b15e7193762c64ab51aa,1,poison_hunter,1.0,Phishing Address
0x61e8fe4aef5602bd45a333c1f78e6d4c1e99a674,1,poison_hunter,1.0,Phishing Address
0x61ea5c4a55c9535905eacd600eaee9f767815828,1,poison_hunter,1.0,Phishing Address
0x61f28961332f781003ff9d60b6fe525acb624a1e,1,poison_hunter,1.0,Phishing Address
0x62020b527ee4c7f786b8ff76d6d45905ed10d68c,1,poison_hunter,1.0,Phishing Address
0x621e039c189ffec7b75b32975d413cb774cf7d0b,1,poison_hunter,1.0,Phishing Address
0x6234e31454b8d748e2a2ed2b2d8bc98a7a9ea6dd,1,poison_hunter,1.0,Phishing Address
0x62432aab8e8fc41e450d289530d5f655d5ea30ed,1,poison_hunter,1.0,Phishing Address
0x6256363938419dbda7cd2738f72a6406c65dd2c6,1,poison_hunter,1.0,Phishing Address
0x6257860f8e19fa0a25f3575a8664e5ea8314f7ee,1,poison_hunter,1.0,Phishing Address
0x627e582db7b3f29f36c8a4bf393c599c7a46b5d1,1,poison_hunter,1.0,Phishing Address
0x6289896b910184bec0310cfb59d053c9c46702a8,1,poison_hunter,1.0,Phishing Address
0x62a1141e731361d2e9d1c1ebcf994bc0e667538d,1,poison_hunter,1.0,Phishing Address
0x62a1863c5c955e29297085c364530b142f7f01c2,1,poison_hunter,1.0,Phishing Address
0x62a28e215e0257b8eeedd153f4b7d41cd4e53583,1,poison_hunter,1.0,Phishing Address
0x62a30238fa9c6b1dbec99dc20085d02cbac05aca,1,poison_hunter,1.0,Phishing Address
0x62c0afce6cb4404c9a0e0a263352ae260f749342,1,poison_hunter,1.0,Phishing Address
0x62c1ca11bd77d16ee189ebe2d425ec87137c2020,1,poison_hunter,1.0,Phishing Address
0x62cf1e0f2472bf51d0ec4677ab7cd33213411fcf,1,poison_hunter,1.0,Phishing Address
0x62d031533b426d9f16f5f1d603e3ad7e139a8875,1,poison_hunter,1.0,Phishing Address
0x62efeeb5ca98a78234f7e7dc36776c97c63347d6,1,poison_hunter,1.0,Phishing Address
0x62f3e4c84cc664fed465f1860415c6cfb911ed02,1,poison_hunter,1.0,Phishing Address
0x62f52c33f569aae678267b7f963281fae38969f5,1,poison_hunter,1.0,Phishing Address
0x62f55e4397b0a627225cfd7b53f7539c7fe553c4,1,poison_hunter,1.0,Phishing Address
0x63092d048e2118c4e84426333459799b0648275e,1,poison_hunter,1.0,Phishing Address
0x63118597a7d4d32afc9f127fce1b8a453a5d450c,1,poison_hunter,1.0,Phishing Address
0x63125144251952a8811faaf9ed5e8dc227d34ad3,1,poison_hunter,1.0,Phishing Address
0x63294ec2e0913aed22555180e0ff3c67c84a7efc,1,poison_hunter,1.0,Phishing Address
0x632f2c8df4025dfa6a7897e9d66d5519168c4c4a,1,poison_hunter,1.0,Phishing Address
0x6330e97f5d75f15bc2bfca6cdb22322480c4816b,1,poison_hunter,1.0,Phishing Address
0x63339fc4ca056c30d174b33d3b7b96d2cdfb87bf,1,poison_hunter,1.0,Phishing Address
0x6337c9c58d76c0cecbef4d0748458aa51112a8e8,1,poison_hunter,1.0,Phishing Address
0x6338920bb6fc69fbf89a2075e3163c9600b92910,1,poison_hunter,1.0,Phishing Address
0x633d8347237b909666ab8ace9eaf0c9bde10aa3e,1,poison_hunter,1.0,Phishing Address
0x63465127db2783a5c7b82b5d34bc829e7f409985,1,poison_hunter,1.0,Phishing Address
0x634c3a15975d2d85c05f350e722db1b55e8d4d41,1,poison_hunter,1.0,Phishing Address
0x6367bafb5965b4b668dfc950fa4105c63fc8f71c,1,poison_hunter,1.0,Phishing Address
0x6367c54a6731f062456e9220323845eb0d4736d0,1,poison_hunter,1.0,Phishing Address
0x637c5838c98b4d3c2fdfd6160791f593e8b72f73,1,poison_hunter,1.0,Phishing Address
0x6389e372ac581a8192c4795d79907aa6350dc1ba,1,poison_hunter,1.0,Phishing Address
0x638c80f7f1bb01a472115f74d34fba3a5d5d181d,1,poison_hunter,1.0,Phishing Address
0x638dbce45871fe0e935cdda35a7944d1aadce44d,1,poison_hunter,1.0,Phishing Address
0x638fd9e928590b92ef4fa9efdd0e24fa055733d5,1,poison_hunter,1.0,Phishing Address
0x6392b9e84e94eb4e2d787a3e2072f8a5d1816f22,1,poison_hunter,1.0,Phishing Address
0x63968110b3118c4e3c31979de7b9e336bacad8a6,1,poison_hunter,1.0,Phishing Address
0x639fd75ff3f2cee8fa5aee8777f84ea840d0d618,1,poison_hunter,1.0,Phishing Address
0x63a9253e9be5a06c6a7bf276b1c1e2275d678455,1,poison_hunter,1.0,Phishing Address
0x63aa5815e3604f3d5e86548b4a265f14cd2055ef,1,poison_hunter,1.0,Phishing Address
0x63af73183c1fde76e513713999055e21a873bfbc,1,poison_hunter,1.0,Phishing Address
0x63b5256f64877ee1fdf19fb2dad61294a92bff5a,1,poison_hunter,1.0,Phishing Address
0x63b992a9cba08cbc8c67d0bb0ec7410a22b95db9,1,poison_hunter,1.0,Phishing Address
0x63b9b2f633f5d97d685ce828201bbf7f83a8400d,1,poison_hunter,1.0,Phishing Address
0x63eb9c4d1756818893ef4b5c30cfaf910b41bc76,1,poison_hunter,1.0,Phishing Address
0x63ef540a102d4a3425d3768a80d06000fff9e82c,1,poison_hunter,1.0,Phishing Address
0x63f5c1f3d62441bd18eec05693cc08d61b942231,1,poison_hunter,1.0,Phishing Address
0x6409231f0e917b77c0e99c71eecc97322d1b9789,1,poison_hunter,1.0,Phishing Address
0x6413286e1b525aa1891f11cce5517003b15571cc,1,poison_hunter,1.0,Phishing Address
0x641400d629b92eec237afdabdfd9ba57a200f579,1,poison_hunter,1.0,Phishing Address
0x64142c0ddba0ea84d3fe30c430227b0a3dbb292d,1,poison_hunter,1.0,Phishing Address
0x6415fca36cd19954ead3204bc43c841560dae469,1,poison_hunter,1.0,Phishing Address
0x641e1dfe04576a4fda7ede14bf230ccb7e1cca77,1,poison_hunter,1.0,Phishing Address
0x64246d8f871d790cee8096717358098f8e0b5eb2,1,poison_hunter,1.0,Phishing Address
0x64257b053806c19558ca09fe610de258d03d3759,1,poison_hunter,1.0,Phishing Address
0x642b0f697cae9abd174e96ae7c7db764b7238b42,1,poison_hunter,1.0,Phishing Address
0x6434914443c3e81bdc850c9a302989382333f39e,1,poison_hunter,1.0,Phishing Address
0x64444bbcfc57d8737ab5c2c6a7293cb758db92a5,1,poison_hunter,1.0,Phishing Address
0x6468426ffd15181e5f7bcabf74b2a3fa38d7a518,1,poison_hunter,1.0,Phishing Address
0x64694ebfc3507fd8b6f24ec985eb1934ca088676,1,poison_hunter,1.0,Phishing Address
0x649adad5f7f7e83a8345ae4abf3b8cdeed6a2975,1,poison_hunter,1.0,Phishing Address
0x649bd172e3655f2c068a68fde44301b6b10cfce7,1,poison_hunter,1.0,Phishing Address
0x64a00015613ff57e1b2a227379566c96785bd1d2,1,poison_hunter,1.0,Phishing Address
0x64abc888468e94f5bab0541cec899c1b1b24d616,1,poison_hunter,1.0,Phishing Address
0x64afc9bd5ad8b9bc6441e310073d7cc3be9f795c,1,poison_hunter,1.0,Phishing Address
0x64c05e1124c437da8eefad2cd138c834fa70b955,1,poison_hunter,1.0,Phishing Address
0x64c298a95bd0d05fc76cd876dd349933702c97e4,1,poison_hunter,1.0,Phishing Address
0x64d483302f1c15eff643052aeda343d73a12be79,1,poison_hunter,1.0,Phishing Address
0x64e2dcf72f8ecb36f60b9d5e6be826be16cb410e,1,poison_hunter,1.0,Phishing Address
0x64e4c1cdbe2d2119bfb02597cfc0fc65277c7717,1,poison_hunter,1.0,Phishing Address
0x64e863d04999d231a6bf9fe5c5655c60909d6e6a,1,poison_hunter,1.0,Phishing Address
0x64f2918726733a2be03d97c9709f132417d1663f,1,poison_hunter,1.0,Phishing Address
0x64fc83efbe5326577750f20f76d60a1201259d82,1,poison_hunter,1.0,Phishing Address
0x651015dc6ccf40bd6a66ee95dcca5cbabb551e7f,1,poison_hunter,1.0,Phishing Address
0x651898328dfc428a52a2541b39516de03dafb17f,1,poison_hunter,1.0,Phishing Address
0x651941237bad14bb33fe006d00f46cc25f7d01b1,1,poison_hunter,1.0,Phishing Address
0x6519412382c6a3cbd3c02f75b6fc9ddd8f7d01b1,1,poison_hunter,1.0,Phishing Address
0x651c42b5a576476f539687a204e815769b2c0eba,1,poison_hunter,1.0,Phishing Address
0x654431310a00bbab6799b1c706132ef3811de73a,1,poison_hunter,1.0,Phishing Address
0x6545e0f6e9f12276de19bd25f23224839c1a2fe3,1,poison_hunter,1.0,Phishing Address
0x6556ffacd224686b526eb5393647acdd4b09a6e4,1,poison_hunter,1.0,Phishing Address
0x6563568f0f384b3375368f2f07474aa851ce9209,1,poison_hunter,1.0,Phishing Address
0x6571e565adafbac349189e79082a0ae4cfb4ff76,1,poison_hunter,1.0,Phishing Address
0x657e5019e2f2ebfbdff9bffede827d96320b6ac4,1,poison_hunter,1.0,Phishing Address
0x658728e90cc423c0946b451702267eca004fd1ce,1,poison_hunter,1.0,Phishing Address
0x6588f390f621946c514bdf0c5882475a52d12ed4,1,poison_hunter,1.0,Phishing Address
0x658f9611c94c11ba4401f4a5728cb8841f1e84fe,1,poison_hunter,1.0,Phishing Address
0x65961bb095995098e30f19d54b388d9cde321db4,1,poison_hunter,1.0,Phishing Address
0x65a2f7cc7239b4b8bba3e50c4a79e9ffa9c22bc0,1,poison_hunter,1.0,Phishing Address
0x65a557270915ec23dd80db7508b62ebe958ba7f4,1,poison_hunter,1.0,Phishing Address
0x65bea6390c400f7af2643b1993567928fe1fa17b,1,poison_hunter,1.0,Phishing Address
0x65c1e7576995d7788de96f75dcb378ce79da347a,1,poison_hunter,1.0,Phishing Address
0x65da7dec4cbbb958995e4533baabd27a985bbb82,1,poison_hunter,1.0,Phishing Address
0x65de06a02d7f84735a212455a4871ccbf0064b9e,1,poison_hunter,1.0,Phishing Address
0x65df5e82cfa2725130f86c9e4e8edfa2a66163a6,1,poison_hunter,1.0,Phishing Address
0x65dfa0639b51790701aa72dd23575d5a2707bd23,1,poison_hunter,1.0,Phishing Address
0x65e44fb40fbc0e785a08799b734da9a8a0bb4f15,1,poison_hunter,1.0,Phishing Address
0x65e4ffbe5d2deeb0dd882995d785051f96abdd99,1,poison_hunter,1.0,Phishing Address
0x65f423909870479f3c4488267abe318e9d78e9c6,1,poison_hunter,1.0,Phishing Address
0x65f4e2e1c419cbd4838631311f4787cad44e72c9,1,poison_hunter,1.0,Phishing Address
0x65f9523d1613591c298d724a4b1263f31eb5315f,1,poison_hunter,1.0,Phishing Address
0x66037738f491a3fb76ffd3e616e660d66b3e4f42,1,poison_hunter,1.0,Phishing Address
0x66054ff5ae6f5ed18530393e48bb9225c8d5a636,1,poison_hunter,1.0,Phishing Address
0x660a25a8ac630a59e68e7145cdd93607e774ff7b,1,poison_hunter,1.0,Phishing Address
0x6611e65aa9d261a37a8933fb2ad1b95b73c08aa3,1,poison_hunter,1.0,Phishing Address
0x661496c50ee7a23afe9c9450f4e3fc795e74c803,1,poison_hunter,1.0,Phishing Address
0x66522c32a40f900946a8e2d3c90248ef88808b4a,1,poison_hunter,1.0,Phishing Address
0x6663126bfe7836645c3ecddcb463584ffcd16837,1,poison_hunter,1.0,Phishing Address
0x666d502d15f8aeca1c9c3a51cc7665f75a917dc1,1,poison_hunter,1.0,Phishing Address
0x667512bf6eaa6767f46eebe2b991a268e726a626,1,poison_hunter,1.0,Phishing Address
0x66752f02ba16bef5f76557c7f8442a620f3f66c2,1,poison_hunter,1.0,Phishing Address
0x6680fb4fabe345c9451692c3d2c19a4d1e9e6390,1,poison_hunter,1.0,Phishing Address
0x6687a426dd634d8487fc1c5b2ac8bae5e96a3d4c,1,poison_hunter,1.0,Phishing Address
0x668d023849be9736b19fbb55ce23c31438c001e8,1,poison_hunter,1.0,Phishing Address
0x66a662cc30e682416d53bd023287ab17bd3d08a3,1,poison_hunter,1.0,Phishing Address
0x66a7248ed1a69a069b9c874f5cced368d8891b10,1,poison_hunter,1.0,Phishing Address
0x66ab7ba251bb0517e038d2d115d4bc1d23d23fcf,1,poison_hunter,1.0,Phishing Address
0x66b461fbe2dbef9de78b727eadd31c0a47fd7db7,1,poison_hunter,1.0,Phishing Address
0x66bc7a337b2b2ca2942c8d4a50fa0f9cdf50617e,1,poison_hunter,1.0,Phishing Address
0x66da3543686fa391421840e28dd2613bda07e984,1,poison_hunter,1.0,Phishing Address
0x66e8d61a3cf5c949074fa003d48c13234386954a,1,poison_hunter,1.0,Phishing Address
0x670a6b9e852619b0936927982c1dfe21bd9bb9a6,1,poison_hunter,1.0,Phishing Address
0x674817c55d646c1e85d606d8fcb6545a09fcb545,1,poison_hunter,1.0,Phishing Address
0x6753e8c9c55c35e2a8849cf5d4ca431dd9f20661,1,poison_hunter,1.0,Phishing Address
0x6756bf74b5331765d50115558bc52b0ece598f2f,1,poison_hunter,1.0,Phishing Address
0x675710f0d4f08360997013f35c89189e1b45cf39,1,poison_hunter,1.0,Phishing Address
0x67794b58164e3c25e20371fd5ceaecaa9dfd0796,1,poison_hunter,1.0,Phishing Address
0x67802310059acb4dacd3a51c6f11d739d09eaf51,1,poison_hunter,1.0,Phishing Address
0x6789ef489c4a49a39955d6a4d28bf89a811e5344,1,poison_hunter,1.0,Phishing Address
0x679da0d5050270f22967ded2ca5cc5159b9345b8,1,poison_hunter,1.0,Phishing Address
0x67a1ecf680e41bf0344c05567c6b5359667ac105,1,poison_hunter,1.0,Phishing Address
0x67a26f8a5fb4728815a848f2a2e00e5c42911fdd,1,poison_hunter,1.0,Phishing Address
0x67a42fe5f72cfa14beca6209fde82bcd3129b813,1,poison_hunter,1.0,Phishing Address
0x67acc0427f9b8843fa1fdba76553078f454da7d0,1,poison_hunter,1.0,Phishing Address
0x67ad7bbc805ac5f2af34a0ef781517868496074b,1,poison_hunter,1.0,Phishing Address
0x67b25e868d7f3cd28bd72b6e87b2b363bb1474e0,1,poison_hunter,1.0,Phishing Address
0x67baacabd9c76aa77b27d7143d0166ce42502050,1,poison_hunter,1.0,Phishing Address
0x67c1d4ee4b8883807e14b5a1b5bd1602c9310046,1,poison_hunter,1.0,Phishing Address
0x67c2fac2d7caed7b9170331f060ac68c489b8786,1,poison_hunter,1.0,Phishing Address
0x67ced788f7f4dcbcd9d307fd8f25c23f3ac217b2,1,poison_hunter,1.0,Phishing Address
0x682a2fdee088b75acf82858f4e7bb09d457e109e,1,poison_hunter,1.0,Phishing Address
0x6840fb76294971261f7dac362379f207ceda1a94,1,poison_hunter,1.0,Phishing Address
0x6847179e5a610cbcd89fd53d4e0ddfb66337c8b8,1,poison_hunter,1.0,Phishing Address
0x685283b47b7701607c5cb78d61063893635e7cff,1,poison_hunter,1.0,Phishing Address
0x6854f647a1ef3bedb8b434e640aaa2048e64764c,1,poison_hunter,1.0,Phishing Address
0x685a6de48727cd9d3e9f0ca8188310140f3d5905,1,poison_hunter,1.0,Phishing Address
0x685aec6acbdbcba5688e5f00b92fc72033e7434c,1,poison_hunter,1.0,Phishing Address
0x686d4837e419a0f2f8f8cc35e59e4a3eab65f576,1,poison_hunter,1.0,Phishing Address
0x68738fa927ea56884d08bf1a9b3c4b36554f90bb,1,poison_hunter,1.0,Phishing Address
0x68905ca93562adbc9b07c3c7d07de82ebc8bd256,1,poison_hunter,1.0,Phishing Address
0x68a75eeda12134fd09ac3ee937788a674d181ba3,1,poison_hunter,1.0,Phishing Address
0x68a78137e290c780e92e66d6a32d8e1a3aaab26d,1,poison_hunter,1.0,Phishing Address
0x68b08694a73935db70de5376874dc8e9d1cef753,1,poison_hunter,1.0,Phishing Address
0x68c8ec00a33eff14780f34073b80b86b04b3447e,1,poison_hunter,1.0,Phishing Address
0x68caafdee60e42936f7c3b410b75651cdce4a134,1,poison_hunter,1.0,Phishing Address
0x68d58c65ef8107b0215d89489b9a42069385915c,1,poison_hunter,1.0,Phishing Address
0x68e1e07660deb35a3ab203b73cbf0667cc7a1789,1,poison_hunter,1.0,Phishing Address
0x68e6e284c5fac8f24e6637906a890ff9d9c67be9,1,poison_hunter,1.0,Phishing Address
0x68e990969351faaf8775418d3ab0e2483168533e,1,poison_hunter,1.0,Phishing Address
0x68eb90d033c7d8af26b8d717a757b4fb591c0739,1,poison_hunter,1.0,Phishing Address
0x68eeab0c74977cc0890f378e933b11f15bfe51e9,1,poison_hunter,1.0,Phishing Address
0x690c53cadd0468ec2bfd1ddf832b82eb7297ce58,1,poison_hunter,1.0,Phishing Address
0x690f19fea7a0a3ccd07bee06a61659cb2240aaa9,1,poison_hunter,1.0,Phishing Address
0x690f29a8e6167676a3b6bda05a78ef705844a67b,1,poison_hunter,1.0,Phishing Address
0x6911b6b8f0f2ffb8b46b170ce47332ac5290e89c,1,poison_hunter,1.0,Phishing Address
0x691a85962b0c992a60829379d68bc893faa5276d,1,poison_hunter,1.0,Phishing Address
0x691d09b986961f9cc329a61b7e6be7b219978195,1,poison_hunter,1.0,Phishing Address
0x693ce9700ea0a9ef5f977789035a382d277f52b3,1,poison_hunter,1.0,Phishing Address
0x69408a6ac37ccb4f7e29deec0ba970b8a0d7248d,1,poison_hunter,1.0,Phishing Address
0x69435024cb552c46af879970054dfb9263fe121f,1,poison_hunter,1.0,Phishing Address
0x6956af68649a7a0cea098ed3debec6ec54fbfc2c,1,poison_hunter,1.0,Phishing Address
0x695e0f6ad3625b8bc9896259eb3195a26398b55c,1,poison_hunter,1.0,Phishing Address
0x69611d50d7e50ae0c028f44bf60d13aae7ec70c8,1,poison_hunter,1.0,Phishing Address
0x6971a6daf82c34069da96b6ee4a8a65b18b132fb,1,poison_hunter,1.0,Phishing Address
0x698395e7074a6744b19377ca06d22af9f6e9867b,1,poison_hunter,1.0,Phishing Address
0x698c174ee5a4520b0c2c2277cd2f651027723fd8,1,poison_hunter,1.0,Phishing Address
0x698f26577f62c68fb17d936693b2fcf6503658ac,1,poison_hunter,1.0,Phishing Address
0x698f26577fa5ab1b36cc6920599ca1a35d3658ac,1,poison_hunter,1.0,Phishing Address
0x69b3abd314e3a822703e119e4017db9b64885f2b,1,poison_hunter,1.0,Phishing Address
0x69b73ffa39ab8e833033f0d345165c564de9f007,1,poison_hunter,1.0,Phishing Address
0x69ba97921b64fcd55451d5b9449dc29773ae25de,1,poison_hunter,1.0,Phishing Address
0x69bcb1a162723badd4dda3198c1a3e007147b562,1,poison_hunter,1.0,Phishing Address
0x69bf6951f95e1dfa36d491afbc7c93b0409dc1d5,1,poison_hunter,1.0,Phishing Address
0x69c84cd161c7cbd61fae10e03fd74cd3cefbb7b0,1,poison_hunter,1.0,Phishing Address
0x69e9f889d01c1ef62b6b2acda13dd27d0c725407,1,poison_hunter,1.0,Phishing Address
0x69ee065fd88e959b264ba51f1ff40dd39438dc20,1,poison_hunter,1.0,Phishing Address
0x69f409ceb9ce50098c6bc326a970f76140ac872b,1,poison_hunter,1.0,Phishing Address
0x69f93a5d65266fdafc971d5fc31a1cd620373e6a,1,poison_hunter,1.0,Phishing Address
0x6a0b6587f6e18d2af0cb441a568b8c2e0c4f5209,1,poison_hunter,1.0,Phishing Address
0x6a0c404fbbd0c44cd00b39d586f5dab650b75a85,1,poison_hunter,1.0,Phishing Address
0x6a0e06425b00663959a8ae1d8d037df4af8baf4d,1,poison_hunter,1.0,Phishing Address
0x6a1e9674b85984db83e5c73868df2f18550c26fc,1,poison_hunter,1.0,Phishing Address
0x6a24c6a9969269e8858f82f83a1dc360524816b9,1,poison_hunter,1.0,Phishing Address
0x6a40672eaaf9c4c323c3306a0d4e950cc45ea18c,1,poison_hunter,1.0,Phishing Address
0x6a48194aa09bb335efb897796236a2eef9594701,1,poison_hunter,1.0,Phishing Address
0x6a4be37324a56adaf4bdfbae71152df80864ef94,1,poison_hunter,1.0,Phishing Address
0x6a4eedc0d4c8a17d27dc6857ddbb1193601948ef,1,poison_hunter,1.0,Phishing Address
0x6a53ad00da05faccedfd9030648ed0324db19acd,1,poison_hunter,1.0,Phishing Address
0x6a5ca744814304ee9f2f184da31041776b260eb1,1,poison_hunter,1.0,Phishing Address
0x6a6a7423843aedb5c9d795a11e929d50afb359fa,1,poison_hunter,1.0,Phishing Address
0x6a72b9e41016c1ac463fcd523691693f1e22af72,1,poison_hunter,1.0,Phishing Address
0x6a7555d15b6c65b1dc0869d7bf336359209e44df,1,poison_hunter,1.0,Phishing Address
0x6a773992f38f4b49910fb631866980d20a7d782e,1,poison_hunter,1.0,Phishing Address
0x6a7b0171b55f44f4824a9cb3a72d1f7e96af824f,1,poison_hunter,1.0,Phishing Address
0x6a9213a4d56b4eebb64a088d202698b2af416e22,1,poison_hunter,1.0,Phishing Address
0x6a97253b1896a5db7cedb2e94ff733fc0371236a,1,poison_hunter,1.0,Phishing Address
0x6a9cc573b1db69b7271e32709d0078b97344fc2d,1,poison_hunter,1.0,Phishing Address
0x6a9d25aed26a291ce1ae5eda574feb2ab672848f,1,poison_hunter,1.0,Phishing Address
0x6aac77f54b1a2ff32f839e9803460fea2cadf538,1,poison_hunter,1.0,Phishing Address
0x6aacd6581f0113dba0bf4d191eb87da5fcbe8cfb,1,poison_hunter,1.0,Phishing Address
0x6ab2b63b820163b6bf9c918f70e8c662efae8a05,1,poison_hunter,1.0,Phishing Address
0x6ab92982092e5ff02b3bb944670046e1e81974d3,1,poison_hunter,1.0,Phishing Address
0x6abdf08b99e1c578314bb6aee9f7c91b629fc613,1,poison_hunter,1.0,Phishing Address
0x6abe3742d6db83ed6d2bc344013e9d2f9e5f4483,1,poison_hunter,1.0,Phishing Address
0x6accfa8f5b85c1f17b0ff6ca0c6926c6763273d6,1,poison_hunter,1.0,Phishing Address
0x6ae8bf83d8bbc1a1e647b060d8722178bd3279d6,1,poison_hunter,1.0,Phishing Address
0x6afd56b8f17f14ec83a17d72bd53fe4db44d4b4f,1,poison_hunter,1.0,Phishing Address
0x6b0d648cc77d72b8fd8691ecc9330c42e238f6e9,1,poison_hunter,1.0,Phishing Address
0x6b13b2945e1511dde3a3b5f6a6675e17dd9067c2,1,poison_hunter,1.0,Phishing Address
0x6b1968ddff2f84c3f93dd6d31467c721faaff282,1,poison_hunter,1.0,Phishing Address
0x6b213c6d2eaf2e4211a668886b4a0f5ab969c29e,1,poison_hunter,1.0,Phishing Address
0x6b26d73d26ab9aaca56ae3c8b2cb26c49225d037,1,poison_hunter,1.0,Phishing Address
0x6b2ca9a6621ea833e02b074360ba13c25096ade1,1,poison_hunter,1.0,Phishing Address
0x6b2d538e108afbf1b627d4097c1cfbf3f078c29e,1,poison_hunter,1.0,Phishing Address
0x6b3e995e97406d3ea421fed4453a41ba0e50fe7d,1,poison_hunter,1.0,Phishing Address
0x6b440e288ef41a297320b3c7de683acede970d46,1,poison_hunter,1.0,Phishing Address
0x6b4b32fe905dfb52e584e5e163e275a209f7033b,1,poison_hunter,1.0,Phishing Address
0x6b68c5964e6b1183b9125cd31cb5f881125f666d,1,poison_hunter,1.0,Phishing Address
0x6b7b833be0e28496fb78bdb7cd2a8a5f2bcb979f,1,poison_hunter,1.0,Phishing Address
0x6b8c2a36756daf9aa983a9a0c91559e47a6c4077,1,poison_hunter,1.0,Phishing Address
0x6b8d0c30707d927686b535b5ea54d0d1c2fbadd5,1,poison_hunter,1.0,Phishing Address
0x6b8da724466b398e618f8d2a9725b1a592b5e902,1,poison_hunter,1.0,Phishing Address
0x6ba21114528bbb48cdb67b2a1527639a7a4d2189,1,poison_hunter,1.0,Phishing Address
0x6bb6b809dba3715865ff6b25ff96356f87543138,1,poison_hunter,1.0,Phishing Address
0x6bb79a50512cb7617648dc391132db2fa59679a1,1,poison_hunter,1.0,Phishing Address
0x6bbabe6673bce69d8ad9310433edbee7cbd5c1b9,1,poison_hunter,1.0,Phishing Address
0x6bbad35ce0496ebea20ceaaab98819f1efe1f756,1,poison_hunter,1.0,Phishing Address
0x6bbe5802deb136997372269d06b105143c7fbbbe,1,poison_hunter,1.0,Phishing Address
0x6bca91fb10bb590ef5c7fe07790f99b4469b4977,1,poison_hunter,1.0,Phishing Address
0x6bcb0102dffdf2001a044eabb402124507f2f798,1,poison_hunter,1.0,Phishing Address
0x6bcf60ee67f04e6466f3f1d45d84539ec908a2c7,1,poison_hunter,1.0,Phishing Address
0x6bdf4ad6540471904e5fbd20c662af1f7176895b,1,poison_hunter,1.0,Phishing Address
0x6be7ae1bd0f67d81f1480ebab7299583cf00f1ff,1,poison_hunter,1.0,Phishing Address
0x6c0dc7b8b0e3ecbc4653b12244f0713cf084b756,1,poison_hunter,1.0,Phishing Address
0x6c0e081be1a380019f9d6b7d21fcc39fe72a418b,1,poison_hunter,1.0,Phishing Address
0x6c1a7c114c8a290ce5b5d22b4168a496a9e0d4da,1,poison_hunter,1.0,Phishing Address
0x6c2ac4428740567dd0113bf104e31192393a6383,1,poison_hunter,1.0,Phishing Address
0x6c2fdeb24c60560f9610492a03f9a2bb9129ea21,1,poison_hunter,1.0,Phishing Address
0x6c3745d3f8725a3173700492253073db624bebbd,1,poison_hunter,1.0,Phishing Address
0x6c4b57bc3ab09c229f07bdd2787fe32f507a3267,1,poison_hunter,1.0,Phishing Address
0x6c6d71b5714b3e77379063afd9ef2e95af8d235b,1,poison_hunter,1.0,Phishing Address
0x6c804f90d6479547667afb79cfb479da14b53c4b,1,poison_hunter,1.0,Phishing Address
0x6c89805ad54a93aa2f2c7bb8defd280e729814ca,1,poison_hunter,1.0,Phishing Address
0x6c8bae5a165bde5fc260689557125a7870269964,1,poison_hunter,1.0,Phishing Address
0x6c8c872efaaa71357bd137fb3959bf136c5f39e8,1,poison_hunter,1.0,Phishing Address
0x6ca809547d8bab618e48ef8946f2004b9b9de1a1,1,poison_hunter,1.0,Phishing Address
0x6ca82609f17bcca6e867a5bfdfce93f5e810f472,1,poison_hunter,1.0,Phishing Address
0x6cac36fe564f4247427b42ca40401db5b9ea15d1,1,poison_hunter,1.0,Phishing Address
0x6cbd0a85efa5634e63b7e453813f0dcf542a8529,1,poison_hunter,1.0,Phishing Address
0x6cbe956e22b5b53c11fa35149b64be0b658661b3,1,poison_hunter,1.0,Phishing Address
0x6ccd44ba973cc50d9212cd52b0821683f64d3625,1,poison_hunter,1.0,Phishing Address
0x6cd46741020613eaa3d8758a77a441053a390471,1,poison_hunter,1.0,Phishing Address
0x6ce9d488e82776d2e08226630b6b8ef7650aecc8,1,poison_hunter,1.0,Phishing Address
0x6cf5a30bb0d637ff8e124b26a974b07639ee266c,1,poison_hunter,1.0,Phishing Address
0x6cf6797d8e4f31b1b1ba102f5b6186b5214d26c5,1,poison_hunter,1.0,Phishing Address
0x6cf7f67c5415f4b927074b951054ceb2b0c0d2c0,1,poison_hunter,1.0,Phishing Address
0x6d05c80a46b0df34828cf56798ea4cb2699150e1,1,poison_hunter,1.0,Phishing Address
0x6d0d0a7b8e5a056f4861226c29c88df5ce451187,1,poison_hunter,1.0,Phishing Address
0x6d0e9a571326a5513d1be1b040e7ab7d055b9998,1,poison_hunter,1.0,Phishing Address
0x6d14eb4467cf2042e72d682e560edde5ed29e029,1,poison_hunter,1.0,Phishing Address
0x6d1a7e1bec37abf5cb89aa0cc2738fa2853d88d4,1,poison_hunter,1.0,Phishing Address
0x6d3564c3bb85f03e9886f82a712fe403252b3211,1,poison_hunter,1.0,Phishing Address
0x6d4213dad7b694a0e0aa705959454ccee3b930b9,1,poison_hunter,1.0,Phishing Address
0x6d4258891f1ec2b3b1439ba727c43a4bdf658ab6,1,poison_hunter,1.0,Phishing Address
0x6d4313df0ac408d1f15245e157fd5aa00996d1fc,1,poison_hunter,1.0,Phishing Address
0x6d45a960c8385b991fe210493085eb6b1f1d0308,1,poison_hunter,1.0,Phishing Address
0x6d4f1c8ebd6f1593bff2b482e5764760b5407d45,1,poison_hunter,1.0,Phishing Address
0x6d6fe741890ab794619b815ae53a9a329a57e0a1,1,poison_hunter,1.0,Phishing Address
0x6d7517d65b3f21c76f324d6be01a47981b1c99ad,1,poison_hunter,1.0,Phishing Address
0x6d77922773e730eea8b9988a1ff511d3a1252a8b,1,poison_hunter,1.0,Phishing Address
0x6d81cba87b51871f733d7e41b232f5f97290ce66,1,poison_hunter,1.0,Phishing Address
0x6d8e72f591d76c1b11126df11f8dfa1b026cbd76,1,poison_hunter,1.0,Phishing Address
0x6d98c42eb8e4dc5229e66fc7d4546d61de7d76d8,1,poison_hunter,1.0,Phishing Address
0x6d9ee044e87828014cc633e65f5f9d5fff2744be,1,poison_hunter,1.0,Phishing Address
0x6db82b10ea85f0b72d1a7c2c91b48375fa43bf22,1,poison_hunter,1.0,Phishing Address
0x6dc9d2a6b6d6fa40ddefdd97d4b6157c4dea5e3e,1,poison_hunter,1.0,Phishing Address
0x6dd494460b16322c9a151775cb185a1e62400ab7,1,poison_hunter,1.0,Phishing Address
0x6de161af9293f25646d80b6237a8fedc72ff149d,1,poison_hunter,1.0,Phishing Address
0x6dee38625844585f28ebd64469df3527ad4c0e50,1,poison_hunter,1.0,Phishing Address
0x6dfcecbcdfcb174c44ed6a97023e7de0dbbe2a96,1,poison_hunter,1.0,Phishing Address
0x6e02e7c0bfe17b6c887b5a061c8ca2fe3ba0b4f2,1,poison_hunter,1.0,Phishing Address
0x6e07cf5a2f883b156895152dc0f9988785738a6e,1,poison_hunter,1.0,Phishing Address
0x6e135546b0b6d44b7ac8ef2d9e8e6c15a8841b1a,1,poison_hunter,1.0,Phishing Address
0x6e13554d6e523964f972a328920af73b55841b1a,1,poison_hunter,1.0,Phishing Address
0x6e185abc4ccc987322f05b8d97b7628c4f4b92b7,1,poison_hunter,1.0,Phishing Address
0x6e19b79ff8c3cb44b14e339f8f74e7aa448b15e1,1,poison_hunter,1.0,Phishing Address
0x6e1d2210c301c57c7bd36092d9a648f16eb26627,1,poison_hunter,1.0,Phishing Address
0x6e245e3b0a00d26681a50899f8548653a32de50c,1,poison_hunter,1.0,Phishing Address
0x6e37133682d1abf1dc2170f8a53bab7d1cb0fb3e,1,poison_hunter,1.0,Phishing Address
0x6e40f0540a0ae03dd0f14ee96eff0ce152261660,1,poison_hunter,1.0,Phishing Address
0x6e515f2bbeb53636236be737eac218f17d510633,1,poison_hunter,1.0,Phishing Address
0x6e550db396d80b15e018c32d82727fa210c6b91e,1,poison_hunter,1.0,Phishing Address
0x6e5af3a985a2e60772e169f86b9c55523e80e746,1,poison_hunter,1.0,Phishing Address
0x6e5c1bd87d8ada0400f5d53547ac48ad7c2d22dc,1,poison_hunter,1.0,Phishing Address
0x6e5e1669633d4b916135b271828deef7f61b1933,1,poison_hunter,1.0,Phishing Address
0x6e80a98bf511473f1e2bb90fbb138dbc3fb8e76a,1,poison_hunter,1.0,Phishing Address
0x6e8d671ba683b6dc2201ffc7b2110c4aad729984,1,poison_hunter,1.0,Phishing Address
0x6eb3212328de026c2a5788a015344008e1db63da,1,poison_hunter,1.0,Phishing Address
0x6ec6e3913b86a9fe5e8e8b0ffec4eed73f1d3320,1,poison_hunter,1.0,Phishing Address
0x6ecfd42c120f5105ac96718926dbcc0fec1da339,1,poison_hunter,1.0,Phishing Address
0x6ed91458218b1f0be31eb0b0564c1e22050f39ba,1,poison_hunter,1.0,Phishing Address
0x6ed915b0bdaccdd309299fd2d47253bd308639ba,1,poison_hunter,1.0,Phishing Address
0x6eddb9cbb1ecc0ce9ed7013f00680f9e4e37371e,1,poison_hunter,1.0,Phishing Address
0x6eddf8f74d42ec6f726028fd117c8b7c24a049d6,1,poison_hunter,1.0,Phishing Address
0x6ee229a8edba26734150bf90da21e55c1112b857,1,poison_hunter,1.0,Phishing Address
0x6ee32248f607b0a807ada2a766559897ddba19b9,1,poison_hunter,1.0,Phishing Address
0x6ef6d598698e3cbe38eb68bba58c830a14b86667,1,poison_hunter,1.0,Phishing Address
0x6efc9d7a5e898418dfb384637afcfefee8da3be0,1,poison_hunter,1.0,Phishing Address
0x6f076b898342db679d9ad60f5ffe1305f633b45a,1,poison_hunter,1.0,Phishing Address
0x6f1f4aad5dcc77d95502677de069be21cecc4c6e,1,poison_hunter,1.0,Phishing Address
0x6f45b2726b02d8e8da8ce893418e340274ce6dc7,1,poison_hunter,1.0,Phishing Address
0x6f4d37ffa97cf1e43ab07e1fb13f61914dce26a2,1,poison_hunter,1.0,Phishing Address
0x6f54da6d669a98c98dcbe46576711cf48c7e1640,1,poison_hunter,1.0,Phishing Address
0x6f5eea1eb64845e2f83c73ddedaee9c33b98bb03,1,poison_hunter,1.0,Phishing Address
0x6f7418d912566651f1e4549e7475c2641bcd1c2d,1,poison_hunter,1.0,Phishing Address
0x6f77336d8bff585b10216f11def33250e6e3c0fc,1,poison_hunter,1.0,Phishing Address
0x6f7cefd86f253160e0090e5a6bd42b97263025b8,1,poison_hunter,1.0,Phishing Address
0x6f85e1fadcb562436e3334072a9748ee63df2a0b,1,poison_hunter,1.0,Phishing Address
0x6f8a8e93b3ff5ba9d75e5814f5cdec815e12c1dc,1,poison_hunter,1.0,Phishing Address
0x6f99aa0476314781f03838c4a385afec2e298f47,1,poison_hunter,1.0,Phishing Address
0x6fa091d9743e9579c2221fd13580ad7ec5ce7816,1,poison_hunter,1.0,Phishing Address
0x6fa673a91566d2a811afe9af7f24728f4de8012b,1,poison_hunter,1.0,Phishing Address
0x6faa43526e9b6bb6e97aa0923e76bff91d487df9,1,poison_hunter,1.0,Phishing Address
0x6fad8f5c40ae62a5249d0a0ae0f2acc2ad8234c9,1,poison_hunter,1.0,Phishing Address
0x6fc122e5a4e98a7c85b06868df4daa56eea9ef4a,1,poison_hunter,1.0,Phishing Address
0x6fcfb7597dc53ca4b4b12928460523a1e4a2d89f,1,poison_hunter,1.0,Phishing Address
0x6fddceda136d7fa85ab83018f154cf7f0cd249e7,1,poison_hunter,1.0,Phishing Address
0x6fe98ac6ffe053778b3e265317330ece8dafe048,1,poison_hunter,1.0,Phishing Address
0x6fe98acb4b6e1d1fb8e7cc40db99074abaafe048,1,poison_hunter,1.0,Phishing Address
0x6feda96ab7e301697933f2b82e6087693a22cff5,1,poison_hunter,1.0,Phishing Address
0x6feeb7b5ba489fb70b29713a33228b365f0691a0,1,poison_hunter,1.0,Phishing Address
0x6ff92c893a27bf1838bc6061a93bc9d0cdfb235b,1,poison_hunter,1.0,Phishing Address
0x70025845e57b1548152b75404083e218b8de27fe,1,poison_hunter,1.0,Phishing Address
0x702ce4f782417ed08dd57094813a7851a1cd5f1a,1,poison_hunter,1.0,Phishing Address
0x7032fc6a86ec3c4420eac412bc70ca81cb4e0feb,1,poison_hunter,1.0,Phishing Address
0x70353df76fb7194c99a94a094dd1307bd5e0ff4f,1,poison_hunter,1.0,Phishing Address
0x7039779e731c0a738b9192af3eb3608b10fcd7f1,1,poison_hunter,1.0,Phishing Address
0x7039dc34841f88084530a60b33df4639dae0bb7b,1,poison_hunter,1.0,Phishing Address
0x704d68c2f30ada8880c70dece2bc7064b509a544,1,poison_hunter,1.0,Phishing Address
0x704d8659398cb930d27ee932b1caa507dac603e2,1,poison_hunter,1.0,Phishing Address
0x7055f01356c236cdd95d250cd4bffaf2dc833db8,1,poison_hunter,1.0,Phishing Address
0x7067aae81918eaef1e287bf69093a7867aa31601,1,poison_hunter,1.0,Phishing Address
0x7067b33562d6be7ed06d3e43b20754bf99ae4555,1,poison_hunter,1.0,Phishing Address
0x7077a4a2e49bba0f947305c78662ed29396f86e7,1,poison_hunter,1.0,Phishing Address
0x70878e69afcda0a4993c2179139150f215fb3db5,1,poison_hunter,1.0,Phishing Address
0x708c47e0e73b45893ddb89e31ca9465cc9107f4f,1,poison_hunter,1.0,Phishing Address
0x70912c499eee5f4a7e7d0a816d9b2cd9af78f61c,1,poison_hunter,1.0,Phishing Address
0x7097f09bddc6c1c6955e84aea323f845bac52364,1,poison_hunter,1.0,Phishing Address
0x70a6c4bc7020d302b0e0ef97411781100eb23c1d,1,poison_hunter,1.0,Phishing Address
0x70a6e6ce12e1b475360b161387a27df8bc1d4cfd,1,poison_hunter,1.0,Phishing Address
0x70a8348e6199977973e2825be0e397865e57e577,1,poison_hunter,1.0,Phishing Address
0x70af5dcf1f0eda0d8146a996889bdec66277a65e,1,poison_hunter,1.0,Phishing Address
0x70b9bda4efbe515201606d3d0c5cf65bdf56d8b0,1,poison_hunter,1.0,Phishing Address
0x70bd5aabfee405d6bece01fd748d01c63d8d78cb,1,poison_hunter,1.0,Phishing Address
0x70c2622af7d4bd40f143cb1b09df9b0f8b420a65,1,poison_hunter,1.0,Phishing Address
0x70c6589f94899b4427b9b0f355f06100397a0d09,1,poison_hunter,1.0,Phishing Address
0x70d761666b514f7d71a4c52647d81bdf2e41e998,1,poison_hunter,1.0,Phishing Address
0x70db0a98e6d4c5a1f0c9500d6d1161a65ac7022c,1,poison_hunter,1.0,Phishing Address
0x70ed6355410f19bd6ca3843c607316d371ee40bb,1,poison_hunter,1.0,Phishing Address
0x70ef6822f7be66afbc461d3039c20e3358deb2a2,1,poison_hunter,1.0,Phishing Address
0x70fa1359e556df567d3d73ddc74964493206ae9b,1,poison_hunter,1.0,Phishing Address
0x7108ba9da63b86f0f208f2e108bffd93f51141f6,1,poison_hunter,1.0,Phishing Address
0x7113a7976fbdce6b76d15b9da7400552819c5502,1,poison_hunter,1.0,Phishing Address
0x71160eaf69db3eb9809485520d9d9b52e451bd61,1,poison_hunter,1.0,Phishing Address
0x711bfc877105408ffb7a9d7fa43ed220433f0a54,1,poison_hunter,1.0,Phishing Address
0x713cfdcff6cbedc17cbd787c2f09e3128a06268d,1,poison_hunter,1.0,Phishing Address
0x7163d95aeb8dc6d4795795d4965058ef978711ff,1,poison_hunter,1.0,Phishing Address
0x717ef51478ce139e83aac7374f00964f33433638,1,poison_hunter,1.0,Phishing Address
0x7181d8fd80133515d6697322b238bceca76742d1,1,poison_hunter,1.0,Phishing Address
0x7181d8fdf5443abe1fb956480b48f310c06742d1,1,poison_hunter,1.0,Phishing Address
0x7185c34d9a53d0082309a77a3638791f952b6c7f,1,poison_hunter,1.0,Phishing Address
0x7189fade1317d1e3bbddb52b4157cf0494c5aa77,1,poison_hunter,1.0,Phishing Address
0x719747337ff74b8aae7005c5ebfc9f522deccdd3,1,poison_hunter,1.0,Phishing Address
0x7197d73cfdd0a74d6b0dbee33a098642902d47d4,1,poison_hunter,1.0,Phishing Address
0x719ad7c11434375b285ff8d997ed41802707bf09,1,poison_hunter,1.0,Phishing Address
0x71a89621cf315bbb055c69e3cad3fc799ad0e3eb,1,poison_hunter,1.0,Phishing Address
0x71b26b7c0739edbf2fc49e0d7eb1b53097c84421,1,poison_hunter,1.0,Phishing Address
0x71d3fe1bcac834fdc7ba3ba333281b1ee59cf7d4,1,poison_hunter,1.0,Phishing Address
0x71f436db821f49dea6db6d1ec0792a0c7755261c,1,poison_hunter,1.0,Phishing Address
0x71ff08939e44cad17b9c99d91c327be23cf09071,1,poison_hunter,1.0,Phishing Address
0x72075e0c972900568a34b55b5793c55c0f34ed91,1,poison_hunter,1.0,Phishing Address
0x720dd9a37957c125ba5100aa33342b8835653602,1,poison_hunter,1.0,Phishing Address
0x72192213b2b209a5e17118c386aa03b84e6e7d78,1,poison_hunter,1.0,Phishing Address
0x722011401e49f7f42f4fc088a10fcc05e4e55e6c,1,poison_hunter,1.0,Phishing Address
0x722c18d521ce55a35f7669faa91d39e6fbec57cd,1,poison_hunter,1.0,Phishing Address
0x723560a0d4fd1de3c013f57e4133df5b0d9fe5b5,1,poison_hunter,1.0,Phishing Address
0x723f4050ef02e445cce8984a647aa625d9719a8c,1,poison_hunter,1.0,Phishing Address
0x726a9d05af4b50495e6214e44a66fc11e008ad27,1,poison_hunter,1.0,Phishing Address
0x726d91eadfe6e7afe2ba3a9edf4a9f5f9e891a44,1,poison_hunter,1.0,Phishing Address
0x7271ccb165dbe41be31f2a31439248bb4f149ecc,1,poison_hunter,1.0,Phishing Address
0x72767bddad36f27b46afe9a73183f8da834618f3,1,poison_hunter,1.0,Phishing Address
0x72bd9a95d3d08f76877049639bf6aedbd58e177d,1,poison_hunter,1.0,Phishing Address
0x72c0cc42756090ce9c23eb95e3a8d4bbb13544c1,1,poison_hunter,1.0,Phishing Address
0x72c2188555a4d0150ccbd8fb14938e126fce41c9,1,poison_hunter,1.0,Phishing Address
0x72d9bd9e3bac071e91e3388416ebb964a5368bab,1,poison_hunter,1.0,Phishing Address
0x72e867048695de6c499f5df97d2fec2a8d8b4676,1,poison_hunter,1.0,Phishing Address
0x72f5212d63857ef3d11c12dfd4e90a93af511a6d,1,poison_hunter,1.0,Phishing Address
0x72fc6a71c8fb67b50f2fbf68e14d7cc8667a3d08,1,poison_hunter,1.0,Phishing Address
0x731bd4287817904df88a9b9e709bea39b5b35bb9,1,poison_hunter,1.0,Phishing Address
0x732a775a51f34f584fc80527ab73a94ddd2989d7,1,poison_hunter,1.0,Phishing Address
0x732d66d8692506d01318a2f3b03990a3db12d7af,1,poison_hunter,1.0,Phishing Address
0x7339598030526bc0fce636ed481cae549ff1c0e0,1,poison_hunter,1.0,Phishing Address
0x7360daaf357d720b5807f7dc76931ba692f37e01,1,poison_hunter,1.0,Phishing Address
0x73728d7ed69739886e9fa860b651e5740f853e1b,1,poison_hunter,1.0,Phishing Address
0x73809e899162769fadd4dec41e94ab91b1d0489e,1,poison_hunter,1.0,Phishing Address
0x738d8efe4fb61eaaebc658f8aac2ffe45a71edba,1,poison_hunter,1.0,Phishing Address
0x73a7fee6f77444ead1d79db9c033cd38a0b04d14,1,poison_hunter,1.0,Phishing Address
0x73afeec3295df34d962c746c0d383b311ebc9b8a,1,poison_hunter,1.0,Phishing Address
0x73b1c566413e8ec2b218dc522628b5b56e292a90,1,poison_hunter,1.0,Phishing Address
0x73b4aa5018289e9f1a5147b10ab504692604f6e9,1,poison_hunter,1.0,Phishing Address
0x73b59d259dc02d79ed5729a229fdaa641faa971a,1,poison_hunter,1.0,Phishing Address
0x73c28c3953502bbd9f5741ba7998c5ee29184014,1,poison_hunter,1.0,Phishing Address
0x73da35b5e2177734815ee4eaab650ed71a0d32ac,1,poison_hunter,1.0,Phishing Address
0x73e98fb0bd8de85456459e6ba2447fc798deb626,1,poison_hunter,1.0,Phishing Address
0x73fe4a3fd2e8b0948ce90da9dce7bd08d6811d5f,1,poison_hunter,1.0,Phishing Address
0x74118727732b8eb78ab21507dfb0b6436a31e65f,1,poison_hunter,1.0,Phishing Address
0x741b10e5b9d5973bf26c709cc3452e59196d6543,1,poison_hunter,1.0,Phishing Address
0x741e974a3e622d921399908e9c2edc6e92ee68f0,1,poison_hunter,1.0,Phishing Address
0x742dc36896f1d10c6d30901a29e7a4038dcce57f,1,poison_hunter,1.0,Phishing Address
0x74325faa10cecb4c27b0635cf780a2212a445929,1,poison_hunter,1.0,Phishing Address
0x745e6a1e5a7ebc19bac46cbac2047dada3bfe6d1,1,poison_hunter,1.0,Phishing Address
0x745eb295a68e419c39714a7542f2be3c82c90bc0,1,poison_hunter,1.0,Phishing Address
0x746169e6e66f5f0f6438f3ace254ca63bbdef549,1,poison_hunter,1.0,Phishing Address
0x7472563d1a081410f79780686083d409b56e7de6,1,poison_hunter,1.0,Phishing Address
0x747b487e2ea62e3d222082acc1fb238686ace81f,1,poison_hunter,1.0,Phishing Address
0x74842d479ceed2e9b70c747c62387995659488c6,1,poison_hunter,1.0,Phishing Address
0x748fe301fc42d4502f056a6f5966c48db4f9d8aa,1,poison_hunter,1.0,Phishing Address
0x74a08627fc4c8787c608d9f61f33cf9a50815d0f,1,poison_hunter,1.0,Phishing Address
0x74a414588dbc1fa19da036d3785e7de1b7c0a4b0,1,poison_hunter,1.0,Phishing Address
0x74a49866fde2d8bd4a40b5da2a05a6ed3e782917,1,poison_hunter,1.0,Phishing Address
0x74b7e223b9668e758b4e215740057b3d2eb68644,1,poison_hunter,1.0,Phishing Address
0x74ce17180bb5fd414b62453abd3137eef0983ed5,1,poison_hunter,1.0,Phishing Address
0x74d2046db6db9edc0c64728c4ece5483c552b8bd,1,poison_hunter,1.0,Phishing Address
0x74e78f98c8937f0f318ddd0717ed495d2fca13e5,1,poison_hunter,1.0,Phishing Address
0x74fefccd8b3ccb873b83108b2cfc0848a822a1d0,1,poison_hunter,1.0,Phishing Address
0x7502c8a29e2d09f47bcd6630a9c85d9a80cb1332,1,poison_hunter,1.0,Phishing Address
0x75078c3b80897676dedb725ab95ca6f951b6a5fb,1,poison_hunter,1.0,Phishing Address
0x7509e05acd2faa111a514e7d37d8a556e547c7e7,1,poison_hunter,1.0,Phishing Address
0x7512f9936a7e4dd2e87427dc9aca71c32c59fa37,1,poison_hunter,1.0,Phishing Address
0x752e340a7b2340a0927230485eee1f950006255d,1,poison_hunter,1.0,Phishing Address
0x7533568b99dabc3c1c2ec19121bdf513c2fa16f1,1,poison_hunter,1.0,Phishing Address
0x753b514a858682fc4ea08d621e7104370cf2ee07,1,poison_hunter,1.0,Phishing Address
0x7541f8a78496619e0f2fed9c1ff5ea03eb883f99,1,poison_hunter,1.0,Phishing Address
0x7559b211fdb631dfc5dce4a9619c057807c5df5a,1,poison_hunter,1.0,Phishing Address
0x7563c73c0ad3b6ef72e18b117be7f20f554808ea,1,poison_hunter,1.0,Phishing Address
0x75675bcc2c3c91153138bc0b843184b230237938,1,poison_hunter,1.0,Phishing Address
0x7575c41c9ecc801c34052660eadb9ee2cf607a50,1,poison_hunter,1.0,Phishing Address
0x757c87a3853e64a4e25af5e3e4fa8b5de3d87f56,1,poison_hunter,1.0,Phishing Address
0x757dc0efa5e7b5bf5a60da4c82ca406fbba851ab,1,poison_hunter,1.0,Phishing Address
0x75884ab8ef74eb654f21bf87f0c0213415336685,1,poison_hunter,1.0,Phishing Address
0x759489a47f0714df862ea5a807718018425b7899,1,poison_hunter,1.0,Phishing Address
0x75a44b21dc42223375bddef591e440af14cb86b6,1,poison_hunter,1.0,Phishing Address
0x75b47957cc2e67e208d939889898604eadc528e6,1,poison_hunter,1.0,Phishing Address
0x75b991d0a1bb2043eb779aef7dd28ddaaf9fe7cd,1,poison_hunter,1.0,Phishing Address
0x75c21efdf181ac924c852b54dfe1120d8e906aab,1,poison_hunter,1.0,Phishing Address
0x75d208e79f4b5c43b9d4960abe72e4cca5d76307,1,poison_hunter,1.0,Phishing Address
0x75e34da41fec3f451438bcb248e6672d4eae75d9,1,poison_hunter,1.0,Phishing Address
0x75f3789a697168a704344e967eefdc63e656437e,1,poison_hunter,1.0,Phishing Address
0x76134da1343ae825c4497ce413a4b6897f0b6af0,1,poison_hunter,1.0,Phishing Address
0x7614df255766d96a303455cbb030a444c8995fdf,1,poison_hunter,1.0,Phishing Address
0x761728d6a7763b5379bf1b5f053c89e9578a3ad8,1,poison_hunter,1.0,Phishing Address
0x7624f1fd566a046b2d4ea7ebb143160bd807f414,1,poison_hunter,1.0,Phishing Address
0x763188268c80032c55ce5de5c34825217331a107,1,poison_hunter,1.0,Phishing Address
0x76497ad071b9b014abdcace6b185f75f4a275d84,1,poison_hunter,1.0,Phishing Address
0x764a8fe94a94c4bdb6f0fabc0a44622d114426e1,1,poison_hunter,1.0,Phishing Address
0x7652f4987127416b1da7c0ba478421fc7465c1db,1,poison_hunter,1.0,Phishing Address
0x76563c7bdd6b4d7763d00e14d82ec8774d51c3ad,1,poison_hunter,1.0,Phishing Address
0x76576bf902f0a30626f5ed9d8b99c4b4c2c204ad,1,poison_hunter,1.0,Phishing Address
0x7657fea931fe3ec2239126f03ce0eeb7e5034ac8,1,poison_hunter,1.0,Phishing Address
0x76658b90b15ecbc26504b1ac4f15bc20f3789164,1,poison_hunter,1.0,Phishing Address
0x766eb09b0952cb36e7e6e99a3f1e102734d2975b,1,poison_hunter,1.0,Phishing Address
0x76715a9a2072dfefa171705400bde6d5616e90b4,1,poison_hunter,1.0,Phishing Address
0x768115dd847f3aea7ab2b528dd329e339a5a7d8b,1,poison_hunter,1.0,Phishing Address
0x769755dd4f5c6bb95eb8eccee222267ef2c80387,1,poison_hunter,1.0,Phishing Address
0x76a41bf2d224fdf0c5b123d9e164e407cf940c09,1,poison_hunter,1.0,Phishing Address
0x76a689f4f399901510f5622dbb66150c5363e684,1,poison_hunter,1.0,Phishing Address
0x76a944dd646424fb49776ed533a50b5c70f861b3,1,poison_hunter,1.0,Phishing Address
0x76b154635c3f8de176439607258c9bb4905c2a9e,1,poison_hunter,1.0,Phishing Address
0x76ba67fdcb8435fd3beb2c1b7b7333bbea247589,1,poison_hunter,1.0,Phishing Address
0x76bf56abc64c7949702de2e8aed1cd654c40197c,1,poison_hunter,1.0,Phishing Address
0x76c4765db276bb2f33d71050fe9ccc5a4ba72ee1,1,poison_hunter,1.0,Phishing Address
0x76c8136991d04ea4b7a457ae4d9a0ad9ac96cdbd,1,poison_hunter,1.0,Phishing Address
0x76cd25abc3d76b4911c36ad004d837dbe5df549c,1,poison_hunter,1.0,Phishing Address
0x76cf23081a5128559c06d308252ae4f81a0d780c,1,poison_hunter,1.0,Phishing Address
0x76d68d9a8d2109e87799d363268863487dd6887f,1,poison_hunter,1.0,Phishing Address
0x76dde34287de67aae1eae3ef0d385922bb93908a,1,poison_hunter,1.0,Phishing Address
0x76dec9694e62d6f688833c27b6ea8c21eb8e1543,1,poison_hunter,1.0,Phishing Address
0x76e0c80d83e4b82a06bf93b70956fc4d5f497db8,1,poison_hunter,1.0,Phishing Address
0x76eeade8ff625b01cd3bfe7a7a2ae476e47aec5e,1,poison_hunter,1.0,Phishing Address
0x76f78031e5e09bd22eb128ce0e280d76d19b3b2d,1,poison_hunter,1.0,Phishing Address
0x76f9c938dc8d98abba32baa5f8e209d57a1f99d3,1,poison_hunter,1.0,Phishing Address
0x77144c612003aa7e4aa0a15c15c32e3640576fb2,1,poison_hunter,1.0,Phishing Address
0x7717d74ea4f6568060dfcc17339b5670f3eb36dd,1,poison_hunter,1.0,Phishing Address
0x7732c4486f5809eb2e26aec4bd88ce85bd5a9f1b,1,poison_hunter,1.0,Phishing Address
0x7732cfeadbc189c1ce11bdba91c51b4fdc3383e8,1,poison_hunter,1.0,Phishing Address
0x773a3ddb5e58b27c77c17d09ba4e06ad73614dfd,1,poison_hunter,1.0,Phishing Address
0x7748f263ea4c9fce54daa8bd9b5c1ca4a4d2b72e,1,poison_hunter,1.0,Phishing Address
0x7755ec6e1dfc02b3f5873b0a8ed1e4dc45454f6d,1,poison_hunter,1.0,Phishing Address
0x775dbf15cf142c3501d83589bc4e64ce69815014,1,poison_hunter,1.0,Phishing Address
0x77679f382d3676f39d96db4f99c27839b3cfc4ff,1,poison_hunter,1.0,Phishing Address
0x777d5caa49938f07f9e0ebd04663bfbc84541b4f,1,poison_hunter,1.0,Phishing Address
0x778238d7419b2c4a05f3f58564bc40b2523ab07d,1,poison_hunter,1.0,Phishing Address
0x778388f68be1a1b576722e0662718c09b0e9941a,1,poison_hunter,1.0,Phishing Address
0x7786adc121322e2212ab8fe2162f71f443c72f19,1,poison_hunter,1.0,Phishing Address
0x778b5ebe7b271e6077a5d25291e42e8730b5b6e2,1,poison_hunter,1.0,Phishing Address
0x778b67aa8d1b2a72b71e0e751ad5406ec771ddb7,1,poison_hunter,1.0,Phishing Address
0x779189ad6877382606bda3364c1d00d14fef42a7,1,poison_hunter,1.0,Phishing Address
0x77b5804b326b49b901606182c73792c6d257fe86,1,poison_hunter,1.0,Phishing Address
0x77be8515fd81de5eebd7ea1ffef0ec180ff9a7ed,1,poison_hunter,1.0,Phishing Address
0x77cea7e3b4db49532f642a3f0ef499ac64c81895,1,poison_hunter,1.0,Phishing Address
0x77d4b1650d767cb88f1880293c9412376cb32104,1,poison_hunter,1.0,Phishing Address
0x77f72061b2d21fb7f538384d338ed0ee8401d270,1,poison_hunter,1.0,Phishing Address
0x77f85af6df2cb1892414675343874e2924508f53,1,poison_hunter,1.0,Phishing Address
0x77f998331206ae28f3e8eaee0fb6480b3f93c373,1,poison_hunter,1.0,Phishing Address
0x77f9983377a66e7dc1313a951e104a0ed893c373,1,poison_hunter,1.0,Phishing Address
0x78059853cfe27336775b0419c1caa6223e6aca71,1,poison_hunter,1.0,Phishing Address
0x7813e5683dc7763933421a8a4da364ae5f665cb9,1,poison_hunter,1.0,Phishing Address
0x781fc9e9beb0cc28d2d8ce7f35e39a7c19a97cc2,1,poison_hunter,1.0,Phishing Address
0x78203279bdba1e28801bcf37828bc2b7321c8f97,1,poison_hunter,1.0,Phishing Address
0x78280f84e8127beff0d6860284d97e8be5f3f653,1,poison_hunter,1.0,Phishing Address
0x78300bbf8d577f5168f8f1eec79f2b6601b9e075,1,poison_hunter,1.0,Phishing Address
0x7834b4028932f1a540eaae820c9d7e7cc4c12bd2,1,poison_hunter,1.0,Phishing Address
0x7837fab3560843f4f84ddc6c2ee1c303dc345dd0,1,poison_hunter,1.0,Phishing Address
0x7840cde3ad0103ee451cffde28e1deb8ed1396f4,1,poison_hunter,1.0,Phishing Address
0x7853500489feebdd19bea04590991780dc489111,1,poison_hunter,1.0,Phishing Address
0x785d8568836d1e219eaecb44b81558c9482f23cb,1,poison_hunter,1.0,Phishing Address
0x7886684a4bcb80a72060470d2827a7403668e979,1,poison_hunter,1.0,Phishing Address
0x7891bd2a8c09cf831e16132915aaec0732927491,1,poison_hunter,1.0,Phishing Address
0x78929aa591b47049486ce9274b6043304374b5d1,1,poison_hunter,1.0,Phishing Address
0x789305d709e7ba78f6963a0a060e057f53ee13fe,1,poison_hunter,1.0,Phishing Address
0x78ad72810c848c4adb9d1ac8a7b1b07c59f01d61,1,poison_hunter,1.0,Phishing Address
0x78bb5cd83488d8912dd990d69d2b456950a70821,1,poison_hunter,1.0,Phishing Address
0x78c924ccf58d745e148970bb9aeb9c770a9558c2,1,poison_hunter,1.0,Phishing Address
0x78da8316476bda6cf7ce589e57aed772d02f72a3,1,poison_hunter,1.0,Phishing Address
0x78dabc6338a0e035a8b4e8d7ee191289cf2043b0,1,poison_hunter,1.0,Phishing Address
0x78e4f94674879d44265adce4425fc8c23fc7d42e,1,poison_hunter,1.0,Phishing Address
0x78f88cc29c491d600ce8a0dbb091a7c1930c194f,1,poison_hunter,1.0,Phishing Address
0x790aef50bc70ab7786f97a2e7944f4499b0737d5,1,poison_hunter,1.0,Phishing Address
0x7922daf4757df9f57ce38a5ea9916b88cd72fe3b,1,poison_hunter,1.0,Phishing Address
0x7928af49234b9b44ff7b40ba33bdd6dae2f2ac9e,1,poison_hunter,1.0,Phishing Address
0x794a7f446126754a4b421c275a984f20508169f9,1,poison_hunter,1.0,Phishing Address
0x794af451917dc99d3d7eb9eb9309bc3176967f6c,1,poison_hunter,1.0,Phishing Address
0x79567e0895649001759169d2604e5afd71ef2eec,1,poison_hunter,1.0,Phishing Address
0x7956fcd12a31dc745902123f3d2206bdd3f8223c,1,poison_hunter,1.0,Phishing Address
0x795e2370c57ee8cf1e84aa76322f7818e522fdf1,1,poison_hunter,1.0,Phishing Address
0x795eaf2bb0625f133fd4bb2555c70da8e33c7317,1,poison_hunter,1.0,Phishing Address
0x79719bae4e207443bd052ef3fac3eefbb734471c,1,poison_hunter,1.0,Phishing Address
0x7973d49735eae1ab71d9ade6ac3b834508eb8851,1,poison_hunter,1.0,Phishing Address
0x7984daa17af4e7c4d5a2442dbe7281bc9c022c0b,1,poison_hunter,1.0,Phishing Address
0x7984f7eb098a621ebb07ef799e526a8ab6b86792,1,poison_hunter,1.0,Phishing Address
0x79879b01ebcbd4ba8968cc26d0ee7bf576a5ef38,1,poison_hunter,1.0,Phishing Address
0x79927f4baea283c640e045e0438145aa886a9705,1,poison_hunter,1.0,Phishing Address
0x799a7421788206924d6573ef75f118d463c8b709,1,poison_hunter,1.0,Phishing Address
0x799cc099b37b138355df18c57e50eeec28932a00,1,poison_hunter,1.0,Phishing Address
0x79b0f022ab0f488aa3435e8a567f864c7e74341b,1,poison_hunter,1.0,Phishing Address
0x79b1b3ccbfa5a8bf1f48ffa078d7048fd40dd144,1,poison_hunter,1.0,Phishing Address
0x79bb041d26b26fc381d0cbc1bc957e76263c6bbb,1,poison_hunter,1.0,Phishing Address
0x79bca8f426897e6e1d3d0d922cd920fa56cd61a0,1,poison_hunter,1.0,Phishing Address
0x79d228d34b1f37953abf1df2467c72a5b8f660b5,1,poison_hunter,1.0,Phishing Address
0x79e870432507bc875be028f607b69f8a337be7cd,1,poison_hunter,1.0,Phishing Address
0x79eabfb56571394761a6bafa9c0d6b79bc87e35b,1,poison_hunter,1.0,Phishing Address
0x79f0086dde6c4bb0d9af8bd2572d027d6413969d,1,poison_hunter,1.0,Phishing Address
0x79fad64cac40e6d4adb7276d51ece7a49c599cf5,1,poison_hunter,1.0,Phishing Address
0x7a02a14936dac518c6e404c60115a56017080bcd,1,poison_hunter,1.0,Phishing Address
0x7a1524379aa8a3b73f959b02db7142adcdceb29d,1,poison_hunter,1.0,Phishing Address
0x7a1c9905cf1225f606a929087e3be8fb13d538a5,1,poison_hunter,1.0,Phishing Address
0x7a1d9fd4865247efb0a23ec57d9207cef41bd22d,1,poison_hunter,1.0,Phishing Address
0x7a30229cfe513dfd5e625430cf88d057d5920f31,1,poison_hunter,1.0,Phishing Address
0x7a3ce26bb44a9e7b399a81dcc1900b87cd5a65d5,1,poison_hunter,1.0,Phishing Address
0x7a43fc3c7bcab52385ae8a77f664e500450a3880,1,poison_hunter,1.0,Phishing Address
0x7a74bb0978d7402c4b91fb33a6ac7ee1bd32e454,1,poison_hunter,1.0,Phishing Address
0x7a771d0ac2e21567b59d7d3975c69f1e05a7c9c7,1,poison_hunter,1.0,Phishing Address
0x7a804fc4aaa4353c77826ec6f5c7ab23934c037a,1,poison_hunter,1.0,Phishing Address
0x7a888c993a6a95236486b4c04ea4f696e5c06d67,1,poison_hunter,1.0,Phishing Address
0x7a8b0f40822222e11d0e0050ca6265fd26efaeff,1,poison_hunter,1.0,Phishing Address
0x7a8b7811e4d470042132eb2926b797f59c774c0d,1,poison_hunter,1.0,Phishing Address
0x7a9497c048060cf02db6e98daa20be5436d72195,1,poison_hunter,1.0,Phishing Address
0x7a95c6dd8a384d0a674f6456d9b838b910d42ce6,1,poison_hunter,1.0,Phishing Address
0x7aa0ef7a9c403c0b0007b70226deedcdb372d172,1,poison_hunter,1.0,Phishing Address
0x7aabcc8b9c8ab5dcc6e6b7eea9bc4cdd200aebd6,1,poison_hunter,1.0,Phishing Address
0x7ab62fb31e8b8cba0a449b23d8b6d4fa0f6e01bb,1,poison_hunter,1.0,Phishing Address
0x7ac38a0a7ab4198971ae31baedf26661fc9d2981,1,poison_hunter,1.0,Phishing Address
0x7ad968cad9253f7b8a1bf30e4d1792f6bf66670b,1,poison_hunter,1.0,Phishing Address
0x7af11ee2f9a4813e30b8d35f2d7fad1c91d1fc22,1,poison_hunter,1.0,Phishing Address
0x7af8aa82d129d6893c3440745ef8e72d7c61deba,1,poison_hunter,1.0,Phishing Address
0x7afc12c8dc9efa21bea28a1e99ed6bcbef5a12a9,1,poison_hunter,1.0,Phishing Address
0x7afc646d583f7ddda31106f2c30d5646d2ec5f29,1,poison_hunter,1.0,Phishing Address
0x7b02b0f6e844a2426e55bbaadc1e6d2cf6cfcc54,1,poison_hunter,1.0,Phishing Address
0x7b059143a1da8401a2463fe90c4a17966793037c,1,poison_hunter,1.0,Phishing Address
0x7b0663b818fcc1dfd08f1ecdcf8f25b78d97a8ec,1,poison_hunter,1.0,Phishing Address
0x7b1057fe0a71b081c4eeab614ebc685ad9b77d08,1,poison_hunter,1.0,Phishing Address
0x7b149da22fdb3c992df89a08e1dccd1c01ee7704,1,poison_hunter,1.0,Phishing Address
0x7b2cbdbcd60a81c62a54d4cefd47e02f12f8ffb3,1,poison_hunter,1.0,Phishing Address
0x7b37e6faaccec2c0b371c35440de7e41d953d762,1,poison_hunter,1.0,Phishing Address
0x7b5753f852f474ade31d174cf80df266fd197fb3,1,poison_hunter,1.0,Phishing Address
0x7b5753f8cdaa4b8ef27c36751e88f3cf3b197fb3,1,poison_hunter,1.0,Phishing Address
0x7b76d1a5ab027dec3a4d49b52b31a7a3964cc0f1,1,poison_hunter,1.0,Phishing Address
0x7b7fa7d5880aff129782ed43a500207c65911a92,1,poison_hunter,1.0,Phishing Address
0x7b8ba4501d0297250041e8d3b9b4e746e1e7cf59,1,poison_hunter,1.0,Phishing Address
0x7b8d0d79b40aecce40de2ae33b0b073149637c7f,1,poison_hunter,1.0,Phishing Address
0x7b988e753819a9f36e9a8df3ddc18d7c96ec8232,1,poison_hunter,1.0,Phishing Address
0x7ba0b5f6e61384e39590b6e5512aa0e21e65f350,1,poison_hunter,1.0,Phishing Address
0x7ba26d2da14755a5502f054f2b8e55282ef6946d,1,poison_hunter,1.0,Phishing Address
0x7ba4a4a5ad8dd39c3fb5c37bc6d6424d910aacfb,1,poison_hunter,1.0,Phishing Address
0x7bab3fbecb6787a0c82329ebd1a4729840f112c1,1,poison_hunter,1.0,Phishing Address
0x7bb69dd60041a188b4314dc4ce869b126898cb8f,1,poison_hunter,1.0,Phishing Address
0x7bc9cd014a74e4cb91f03802fd7257d46b174d87,1,poison_hunter,1.0,Phishing Address
0x7bcc7217586fbb9e77925fae4a5d9c220c87f06b,1,poison_hunter,1.0,Phishing Address
0x7bcf649841ced7b8623676bdfee7d1ff56352859,1,poison_hunter,1.0,Phishing Address
0x7be5763e2206494076e111f00766f1d7aea4a704,1,poison_hunter,1.0,Phishing Address
0x7befc849e686d51aaeb4e278e45d56ec7c3b1564,1,poison_hunter,1.0,Phishing Address
0x7bf7c19f451fca44d19777cbcde58ba545dcb745,1,poison_hunter,1.0,Phishing Address
0x7bf7d1f950feb5bdb54e19c3106baaea6fd96f2c,1,poison_hunter,1.0,Phishing Address
0x7bf9de7fbeaa651e792dad4b3afc3aad8ecf77c6,1,poison_hunter,1.0,Phishing Address
0x7c0a60ed27fa791aff226e955bf0837d4b11429a,1,poison_hunter,1.0,Phishing Address
0x7c20ca120ca330d0ca611170fe964bf95802e099,1,poison_hunter,1.0,Phishing Address
0x7c29261fb5d2905330960d8418bcce4cb19c2101,1,poison_hunter,1.0,Phishing Address
0x7c4de05cae9aa91e9d0632c98aafd8ae3591ae3e,1,poison_hunter,1.0,Phishing Address
0x7c56e30c16b7c0c44efda56695be4956ca95ee9b,1,poison_hunter,1.0,Phishing Address
0x7c5b5a2bfe0fb9d06791ea7edd678bed460bd6e4,1,poison_hunter,1.0,Phishing Address
0x7c616a04cde84e25291cb1798bf5e1b8a085c7e1,1,poison_hunter,1.0,Phishing Address
0x7c6c83e092884a4d7084926b3942e01d5342bdd2,1,poison_hunter,1.0,Phishing Address
0x7c7217c5df7cfbc3bbdf4a1cccb07d368fc3a0d3,1,poison_hunter,1.0,Phishing Address
0x7c7463e13915c382fff723d0ad824081d8c5c950,1,poison_hunter,1.0,Phishing Address
0x7c776f41c7656d1400cacee2295b410fb7260b9f,1,poison_hunter,1.0,Phishing Address
0x7c7bb6da0734727e8714ac5c9b3c48c873ccc580,1,poison_hunter,1.0,Phishing Address
0x7c9004ac9e7c4e05841ead69452fd8825c636f3d,1,poison_hunter,1.0,Phishing Address
0x7c97025f1ecf62768d5d3848e5c465f010d2728c,1,poison_hunter,1.0,Phishing Address
0x7cad485ffa2a8a79fbdec67fb35d631a64193818,1,poison_hunter,1.0,Phishing Address
0x7cb2fe6409c8ff6d92d24d63ba969386fa2236d7,1,poison_hunter,1.0,Phishing Address
0x7cbe5fd64dbdd0089e02b9a78c894826b7c98182,1,poison_hunter,1.0,Phishing Address
0x7cc505b475cfb982d4f5a3aee1d4109a30d5fd91,1,poison_hunter,1.0,Phishing Address
0x7cd46de9a59c1e244bae7e927639912745496175,1,poison_hunter,1.0,Phishing Address
0x7cd5d0552ac06408219812b530881329019c93ae,1,poison_hunter,1.0,Phishing Address
0x7ced62294cef83f200929b2d0be33d9ff4dd6272,1,poison_hunter,1.0,Phishing Address
0x7cf29d3d8f32684d449b78b80a2a21050022c946,1,poison_hunter,1.0,Phishing Address
0x7d0639c3294d21dfe36461f448b84355ffbd28aa,1,poison_hunter,1.0,Phishing Address
0x7d1e94aa14c9447c6a8ca547cffeed388c902ef2,1,poison_hunter,1.0,Phishing Address
0x7d3730c0daee5b07e87807b6149aee33da5b39e5,1,poison_hunter,1.0,Phishing Address
0x7d3fe615c240f5e9be5913721552f47f553cbb85,1,poison_hunter,1.0,Phishing Address
0x7d46898786637589546e11529f30bc2b8e518500,1,poison_hunter,1.0,Phishing Address
0x7d58ea110adc4315808ee89a62f3f02482b16378,1,poison_hunter,1.0,Phishing Address
0x7d594b872c51703ad2d035da1ea32eecab3176ce,1,poison_hunter,1.0,Phishing Address
0x7d59f062bc8b79b7cd100e59c02924162e924dc0,1,poison_hunter,1.0,Phishing Address
0x7d5b41776de35acb08fe0c1b1c58ef9d742b3fba,1,poison_hunter,1.0,Phishing Address
0x7d6235828d9dd03932c632442bdceffa890dd27d,1,poison_hunter,1.0,Phishing Address
0x7d756091353841ed10f84b16b9e4d5e5c27475f4,1,poison_hunter,1.0,Phishing Address
0x7d8a31ddeeb405a31d4c76e2323006cb594527ca,1,poison_hunter,1.0,Phishing Address
0x7d8a69dec25eed31fa31d6b1f26f41d7e54a043e,1,poison_hunter,1.0,Phishing Address
0x7d8c6a9963492798526c79a430cd1b41c736541e,1,poison_hunter,1.0,Phishing Address
0x7d92e8ab49f260aeae7c7d3156122935c44b859b,1,poison_hunter,1.0,Phishing Address
0x7d95d3a69507369ffbd69187385ce2da478287bb,1,poison_hunter,1.0,Phishing Address
0x7da1ece6858beadb4ac2d44facf86f1384688e78,1,poison_hunter,1.0,Phishing Address
0x7daac88c89d41575ca57f08f672be08ec764615d,1,poison_hunter,1.0,Phishing Address
0x7db618ffb21522c864e771c54b3383707080ca59,1,poison_hunter,1.0,Phishing Address
0x7db712fc084031a02682192ae5d4244d7a89568a,1,poison_hunter,1.0,Phishing Address
0x7de297f52a346e25b98c435328d120eae5079391,1,poison_hunter,1.0,Phishing Address
0x7de84e0e0745426113e7093e4f419602b6787141,1,poison_hunter,1.0,Phishing Address
0x7e0f1b63c220c5709c78b83a98388a627cd9876d,1,poison_hunter,1.0,Phishing Address
0x7e188d4edb2feba7b2ab3b703cdbfb659fdfc67f,1,poison_hunter,1.0,Phishing Address
0x7e1c37f402929584d71fa4c1825848e0910e44b3,1,poison_hunter,1.0,Phishing Address
0x7e205756b3960c0df2c55aa1443e9defcee9bc4c,1,poison_hunter,1.0,Phishing Address
0x7e4497f6d22d883732367a20d309cbae6250bdfe,1,poison_hunter,1.0,Phishing Address
0x7e633fd7b7c4018fe443e4bc8cbabceb5c9df225,1,poison_hunter,1.0,Phishing Address
0x7e63a5898fc97b9c2abbab8b47d124c322bc708b,1,poison_hunter,1.0,Phishing Address
0x7e6820598a8963330157c6b89e68c80770e0109d,1,poison_hunter,1.0,Phishing Address
0x7e69699025c6ab13e893328aaabaa2520efbf4ce,1,poison_hunter,1.0,Phishing Address
0x7e7047e847527d0416045ed2bad7665b5f17fff3,1,poison_hunter,1.0,Phishing Address
0x7e91b20da952d97f329f03dfb4fe847d2befbe5d,1,poison_hunter,1.0,Phishing Address
0x7ea4974991791c80fef74f48c81b3667f0f3c3a3,1,poison_hunter,1.0,Phishing Address
0x7ea57ee8d91f74cad3417c7f692543a03ffb8c45,1,poison_hunter,1.0,Phishing Address
0x7eab0e6cb0c9bfc739ea6fd2b948352d2fd026c6,1,poison_hunter,1.0,Phishing Address
0x7eb988bbb061135368ccac79072b4a4edeb9df98,1,poison_hunter,1.0,Phishing Address
0x7ecb7f81839380130cf372164c0032eff13e767c,1,poison_hunter,1.0,Phishing Address
0x7ed35448791e6911431167e25773f1d5d97b5df2,1,poison_hunter,1.0,Phishing Address
0x7ed3a15792a55929dc4e542729c83e82c33463a8,1,poison_hunter,1.0,Phishing Address
0x7ed3aae3deb4ad92dadf76ed37d010c997fbb152,1,poison_hunter,1.0,Phishing Address
0x7ed7e29f062aa515c9b5da24aab2cfb7e59880eb,1,poison_hunter,1.0,Phishing Address
0x7edd7ba598daad6bfb3a3020a2a5397ba2dd2ef4,1,poison_hunter,1.0,Phishing Address
0x7edf3431f30d96ec210e73c6c13877a92323f839,1,poison_hunter,1.0,Phishing Address
0x7edf804a57bbc7dc2ef0957b9121bcc4d3877b99,1,poison_hunter,1.0,Phishing Address
0x7ee404680aaf7ab357059dd1b94dd0770251bb6d,1,poison_hunter,1.0,Phishing Address
0x7eea13d1a528cf54d60f2414b4eae890b06c9684,1,poison_hunter,1.0,Phishing Address
0x7eec71240fa0b27a9b193ff2420d33df9a2e250a,1,poison_hunter,1.0,Phishing Address
0x7efcc919931041f04868df291bf3bddee2a8d31f,1,poison_hunter,1.0,Phishing Address
0x7f2f356486239ce51ad24b624586b1b16cce06b1,1,poison_hunter,1.0,Phishing Address
0x7f318034defde28a4f0816b8aa62a261ce3c234a,1,poison_hunter,1.0,Phishing Address
0x7f364e7ddbcb2b421ef98082b8ac7a80ca2bc098,1,poison_hunter,1.0,Phishing Address
0x7f3b5fbc20c8a808dd9c7da7800ecd698f8440a8,1,poison_hunter,1.0,Phishing Address
0x7f3c703ce6b40be4390f66d5042a39a267307ae6,1,poison_hunter,1.0,Phishing Address
0x7f4a70c764eaace906a054e501f2726394e83001,1,poison_hunter,1.0,Phishing Address
0x7f4d6db62d284c6dc891a3c9c0ab22377dd605cf,1,poison_hunter,1.0,Phishing Address
0x7f673317a6e2aa800e9094c5a3d1fdbd9a1ebb8b,1,poison_hunter,1.0,Phishing Address
0x7f808746641e5eb72d251370debb512a043c3808,1,poison_hunter,1.0,Phishing Address
0x7f8f8b5d9ca6c66f091b33312ce442e61eb1430c,1,poison_hunter,1.0,Phishing Address
0x7fb017ddf23d0d9854135b0867520ca2c87e2841,1,poison_hunter,1.0,Phishing Address
0x7fb5a56d607b8a0d52c8c83a944d13b136ff1a59,1,poison_hunter,1.0,Phishing Address
0x7fc4ad9031a3d153fa55a98f7737d4fcd4363684,1,poison_hunter,1.0,Phishing Address
0x7fc4ad907bf23e235d4c0f939f3f0024ab363684,1,poison_hunter,1.0,Phishing Address
0x7fd8aa1bc474f61fb75e0483c1200a5d67821d07,1,poison_hunter,1.0,Phishing Address
0x7fd90c03c2f1f1b48594ca48602550c08c0326d4,1,poison_hunter,1.0,Phishing Address
0x7fdafde562abba8917a50b980d01e47acbc517d1,1,poison_hunter,1.0,Phishing Address
0x7fdd6db9fd439e55c579e4512f76631b3f615a95,1,poison_hunter,1.0,Phishing Address
0x7ff9905350ce45a2f374d7cc66e37b1baf7e74d6,1,poison_hunter,1.0,Phishing Address
0x800043d5b37e66aa123f16ae0428ceec5bd215e4,1,poison_hunter,1.0,Phishing Address
0x801741c0d097ccc49dbc0d84d31de1cd3877da69,1,poison_hunter,1.0,Phishing Address
0x802d9f6898c029c609b2c79e88f1add6b1603c51,1,poison_hunter,1.0,Phishing Address
0x8038fc5359def453f7b8f678812709cfcb1996bf,1,poison_hunter,1.0,Phishing Address
0x803b452d6eb9eed1e35e1ff42a60977198fc92ae,1,poison_hunter,1.0,Phishing Address
0x803e26914f82b675057b878b68021f0d38729eab,1,poison_hunter,1.0,Phishing Address
0x805c469a5ce3c43d0f632900ec551ed95c150525,1,poison_hunter,1.0,Phishing Address
0x805c59e52f6f3a7a721f15b18a883a6d65b5183c,1,poison_hunter,1.0,Phishing Address
0x805c8c99d9c91374d78a594ca4d0187bd77ead83,1,poison_hunter,1.0,Phishing Address
0x8071ce0243222e7528a714edc2abd18d315300f5,1,poison_hunter,1.0,Phishing Address
0x8071ce02fb2e0c5522cdf166367d65ed185300f5,1,poison_hunter,1.0,Phishing Address
0x807368f1039f19262537ab2c31760d41b915259c,1,poison_hunter,1.0,Phishing Address
0x807368ff4fbae1ceb80e9c855964a65f6e15259c,1,poison_hunter,1.0,Phishing Address
0x808c0b8b5b57278a06a63ee714a55cb5a8b5b687,1,poison_hunter,1.0,Phishing Address
0x808d96d91add52cc14ab000f2a60d9c703feca82,1,poison_hunter,1.0,Phishing Address
0x80996ce765e6fd2adb6c8b4d8bc1e4f43d59cc02,1,poison_hunter,1.0,Phishing Address
0x80a6a50b56e51b667cbfa6cbd6cb7f71fd24b3af,1,poison_hunter,1.0,Phishing Address
0x80c51d7bda31f90a9128d7c57f1c27a8dbeffda3,1,poison_hunter,1.0,Phishing Address
0x80c58b6174f6e3368e84283c95220edf92effda3,1,poison_hunter,1.0,Phishing Address
0x80c6d2842f89bccf0468c7a37f2ea51d2b5c1cf7,1,poison_hunter,1.0,Phishing Address
0x80d423404dbc01c76197d6f75e3fcbe61af4353a,1,poison_hunter,1.0,Phishing Address
0x80d4f2f27afcd61b01204f8272f115fcdc3fc540,1,poison_hunter,1.0,Phishing Address
0x80fdbcc94be24a72648a74ae536240f635d926fd,1,poison_hunter,1.0,Phishing Address
0x81071b69ab5e893eb9e42fe2bf024b4d86e209fb,1,poison_hunter,1.0,Phishing Address
0x810c91c25682c9dc456f26cc5c2400b6f4f94494,1,poison_hunter,1.0,Phishing Address
0x813a6628d26aaaf6cbc341902edd40460ad8d3e3,1,poison_hunter,1.0,Phishing Address
0x8140e0d55891e2f91b35f4c3564ed82f3ae12647,1,poison_hunter,1.0,Phishing Address
0x81448f19ac936361b6dc5073ed2558c97b5d8e6d,1,poison_hunter,1.0,Phishing Address
0x8158539f8584b5d78007af12dd7ec0cc0775bc16,1,poison_hunter,1.0,Phishing Address
0x81634266c72895b5930df0864e0d49be4cd2e342,1,poison_hunter,1.0,Phishing Address
0x816f6f34a80a299348015c766c61cdb5bbed302e,1,poison_hunter,1.0,Phishing Address
0x8171f28a1021a62a887f26ef874dcb38c045b90e,1,poison_hunter,1.0,Phishing Address
0x817a8684dc9cd0b84633a2437978d4d6876abdc4,1,poison_hunter,1.0,Phishing Address
0x81a2683539de6ecfceb0f389c6d1b7229f96a0cb,1,poison_hunter,1.0,Phishing Address
0x81b39f9979891919b7d9ee983c68e0e25c646c4c,1,poison_hunter,1.0,Phishing Address
0x81c331ac83491f40b30d20a47a4b23cf6d454410,1,poison_hunter,1.0,Phishing Address
0x81c4b35149785aba601049551f5a3522aa9e05d3,1,poison_hunter,1.0,Phishing Address
0x81f1da6b27c9a0e63def7d0266dd955f9f19f0a5,1,poison_hunter,1.0,Phishing Address
0x820e61def89725e9ed2ca355b44fa9f5427f2cb7,1,poison_hunter,1.0,Phishing Address
0x821156c77c426f08dda350355758eef601a4e098,1,poison_hunter,1.0,Phishing Address
0x822d69f98777f35db4bf46d6bec2252ab8812698,1,poison_hunter,1.0,Phishing Address
0x8246706f9a058f6ec0b4ff6f763851e3283f5990,1,poison_hunter,1.0,Phishing Address
0x82521bc18135344bbc870ec19aacbcd5b39810ae,1,poison_hunter,1.0,Phishing Address
0x8252354b09377ed79b8450cb3f9f4a024cf72130,1,poison_hunter,1.0,Phishing Address
0x82871b2806d59a9aba27196ca3f76a64afbddf05,1,poison_hunter,1.0,Phishing Address
0x829036e625ef47d393f0bd20c4796560ec3c52b8,1,poison_hunter,1.0,Phishing Address
0x82a45b7b2d338413729eb3772ea81a06bd01ad10,1,poison_hunter,1.0,Phishing Address
0x82a763832fe3bb442bddd121666c0a29c1cfb0a7,1,poison_hunter,1.0,Phishing Address
0x82a86d3a2cba3a3142224aafda1bd63e3182fa8d,1,poison_hunter,1.0,Phishing Address
0x82a8e93c4e5f70c6b2fcb07017cb760052fc104b,1,poison_hunter,1.0,Phishing Address
0x82a93aabaa9e42365e347a2634c47e8627c8de55,1,poison_hunter,1.0,Phishing Address
0x82d057b1ddc1db7961550ac7b29aa1f3a755647e,1,poison_hunter,1.0,Phishing Address
0x82dcff3c8e89c6b38ed23f1b0e76ef259273b7b8,1,poison_hunter,1.0,Phishing Address
0x82f942e1c08e25726e74e11110dfedb857d957ee,1,poison_hunter,1.0,Phishing Address
0x82f98b387189a8be49e19816d582987356fc7afb,1,poison_hunter,1.0,Phishing Address
0x82f9b1fb7ebbb512112ded2580901f85e8db1730,1,poison_hunter,1.0,Phishing Address
0x830ceac0d35f01c3a505c00baa12fe1be8a0f2d8,1,poison_hunter,1.0,Phishing Address
0x831db9b2a68f34e9b3d0c1e0330dfeb5464fd3d7,1,poison_hunter,1.0,Phishing Address
0x83331d77060cedcf37ca8b749ede8ed07f0f37b9,1,poison_hunter,1.0,Phishing Address
0x83417570eb614d9bb60b96e70c0c7b4567ef71d8,1,poison_hunter,1.0,Phishing Address
0x835cbb264f9a725f8e185f3d7f921a669e1719f5,1,poison_hunter,1.0,Phishing Address
0x8361527399a80aeabfaa50bfceeb4d4d5641d35f,1,poison_hunter,1.0,Phishing Address
0x836a6b2e928f783924ac606d141225a97e51b63d,1,poison_hunter,1.0,Phishing Address
0x838388ec0ecd5661401f45ffaf83e71bc30ceb7b,1,poison_hunter,1.0,Phishing Address
0x838f0c124761d2e87f0070d3248b5139733ff5c8,1,poison_hunter,1.0,Phishing Address
0x83904dff732542d4a03ea8ddbbc688f80a3398bf,1,poison_hunter,1.0,Phishing Address
0x8394206314053f7a61aa732cdbc40652357361c9,1,poison_hunter,1.0,Phishing Address
0x8398bd22011f0dc8462d9e71ef58bc812dedfc40,1,poison_hunter,1.0,Phishing Address
0x83a063837cc3223ca3310d8f427640a7095d2ab2,1,poison_hunter,1.0,Phishing Address
0x83aefa4968be89d76ce6e8c8649703ab4f056354,1,poison_hunter,1.0,Phishing Address
0x83c4936c030ea53a128bcf664cd7d4baa4f68e9d,1,poison_hunter,1.0,Phishing Address
0x83eec81a1141f6ad569fa584afb67e7dddb9b6fb,1,poison_hunter,1.0,Phishing Address
0x83f83b6a66066d132d552d8879685c7ad978358d,1,poison_hunter,1.0,Phishing Address
0x83fbfa07966dfe9e571f55c51fa35db306f74852,1,poison_hunter,1.0,Phishing Address
0x8407c6c04fe0a896a25333ab99c5af64a26e0934,1,poison_hunter,1.0,Phishing Address
0x840b9853f20259a267775b21eb5b427b8d49f085,1,poison_hunter,1.0,Phishing Address
0x841ada51a2c3d4ba0b1a1a54584a330f85784cf9,1,poison_hunter,1.0,Phishing Address
0x841d711b94206371d0e848801a6c030cc17946af,1,poison_hunter,1.0,Phishing Address
0x8420fe5afc9a5bfccd77ee053002b4235a8f3413,1,poison_hunter,1.0,Phishing Address
0x8430215444bcb103f86d0193a0f54bff8212a22c,1,poison_hunter,1.0,Phishing Address
0x84317261f582d07c5c5c2286d5fc4fd9ce290af6,1,poison_hunter,1.0,Phishing Address
0x844bfc671a018abc8220952e3a111de36903c66e,1,poison_hunter,1.0,Phishing Address
0x844d6c16a0a7ef4d6b73f3512bc53f7222eac423,1,poison_hunter,1.0,Phishing Address
0x84576d043b970a4bc05cf123e1dafba6f7543607,1,poison_hunter,1.0,Phishing Address
0x847713ef4608bae436968ece4d4d2ad62e6a866a,1,poison_hunter,1.0,Phishing Address
0x847d31e6cf11a6d208f5a1c940d1d4b10e32510a,1,poison_hunter,1.0,Phishing Address
0x8487b495ea5cf269aa7934645ef0fd47793be0ed,1,poison_hunter,1.0,Phishing Address
0x848cc4e35c1f7301a97405db098fb2a6e2b8ed8e,1,poison_hunter,1.0,Phishing Address
0x849317c51584773ad7183af60f13b95eac1db9e6,1,poison_hunter,1.0,Phishing Address
0x849e2090fe320baa77f69675bd0d8151aba183a9,1,poison_hunter,1.0,Phishing Address
0x849f2f092a3e5ddc11ac5ed93093cdcd5eb185cc,1,poison_hunter,1.0,Phishing Address
0x84a9f36c776e4cbeb08b575203f20f21b7943af5,1,poison_hunter,1.0,Phishing Address
0x84ae881a4835a975ad40ea17076ace0416041c55,1,poison_hunter,1.0,Phishing Address
0x84c4b427e237774d53c984652a4d65ccbb1d851c,1,poison_hunter,1.0,Phishing Address
0x84fa9efec9a48ac95e6a71453e4d656b171f6289,1,poison_hunter,1.0,Phishing Address
0x84fb47ae43bff95b153e655d6454873099512453,1,poison_hunter,1.0,Phishing Address
0x84ff216c94896a4cf00e2aadff284012bf2fcaa9,1,poison_hunter,1.0,Phishing Address
0x85007649e66af2072edd21c1b72607743d85cdc4,1,poison_hunter,1.0,Phishing Address
0x8506989cf611dcc9580bab5b8490551b5e13b536,1,poison_hunter,1.0,Phishing Address
0x850c9f61bdc8550236284225c953f8871ae8efcf,1,poison_hunter,1.0,Phishing Address
0x850e008f8f3f8829357fd2ddfc45d4be49fa2a47,1,poison_hunter,1.0,Phishing Address
0x850e38703a61d99e0752731c56979eb21f598db9,1,poison_hunter,1.0,Phishing Address
0x85123b72c0ca10ae1aecd3939ec5d4f350ee001e,1,poison_hunter,1.0,Phishing Address
0x852dc1c87599e2a401c1edbc97ac560d7676b6a9,1,poison_hunter,1.0,Phishing Address
0x854551a386aa6cc6ed5ddd3ba48f43797792d787,1,poison_hunter,1.0,Phishing Address
0x8548ad6e26bb3357a9fefd0f4e6173ffa12da751,1,poison_hunter,1.0,Phishing Address
0x856a492a258440d1e6ffa1dc1579bfdae5700689,1,poison_hunter,1.0,Phishing Address
0x857c97c04dc6516e9cddf63137499adb5a220453,1,poison_hunter,1.0,Phishing Address
0x8580c0d2b6f2f7552119d9773b1b8b09121d4279,1,poison_hunter,1.0,Phishing Address
0x85991942e41b7ba68ce0b22f83d1ab37ae754b9d,1,poison_hunter,1.0,Phishing Address
0x85a1be977aaf94c7c4b09b002bbe1370b8bae392,1,poison_hunter,1.0,Phishing Address
0x85acae8400807c4e5e2b5367fba7a43988a24629,1,poison_hunter,1.0,Phishing Address
0x85b274d25a80e30562394daddea534109afb7a4e,1,poison_hunter,1.0,Phishing Address
0x85dcb2325570483974a1f27d2e915c227d139b0e,1,poison_hunter,1.0,Phishing Address
0x85dec124ecd1d3f4eb1fec02fb3af23974e5b405,1,poison_hunter,1.0,Phishing Address
0x85ee52c33fb8f184ccc070005c5c78f1e6359e4d,1,poison_hunter,1.0,Phishing Address
0x85f614c3bd9272398708f5c0b00139533bc189a2,1,poison_hunter,1.0,Phishing Address
0x85f803e5148a7443da23931c24039bc6d7624ebe,1,poison_hunter,1.0,Phishing Address
0x8606a3534a8abfef5d2bf1fe2aa853285e95542b,1,poison_hunter,1.0,Phishing Address
0x860e750a6ed1dbae08753df944ec5f7e73bb2826,1,poison_hunter,1.0,Phishing Address
0x861a9abcd0bb2277cfdbb01e3abc2d680cae495b,1,poison_hunter,1.0,Phishing Address
0x8624b003ced315b1d13e78c8b9af9e9f03098255,1,poison_hunter,1.0,Phishing Address
0x8624b4d7b49d4d24bafe0bfbfae53ffd76570ef8,1,poison_hunter,1.0,Phishing Address
0x8634dcd5c545e2b2c16fa2f5731b78b6a27cfcd4,1,poison_hunter,1.0,Phishing Address
0x8640ddf3ae537cb791a85b8fc15cdd9d17c05ddc,1,poison_hunter,1.0,Phishing Address
0x86457f3766a30beffc69538492f709274d8a142c,1,poison_hunter,1.0,Phishing Address
0x8645d6adb9f7be90a8f815e1f13e7f6700768703,1,poison_hunter,1.0,Phishing Address
0x864da330fdb1738c0223d587695f31d0e8eaf185,1,poison_hunter,1.0,Phishing Address
0x8653e248f1a437fa8b55284d183977ffefc9f754,1,poison_hunter,1.0,Phishing Address
0x866f0a04b620f6fd7c85e3b7276b3b82b9bf84bb,1,poison_hunter,1.0,Phishing Address
0x8671dccb95fdfd721faf62c9252491cd05d0227d,1,poison_hunter,1.0,Phishing Address
0x868a65bb56983370234eb2ba998812bd487ce70a,1,poison_hunter,1.0,Phishing Address
0x868c200526102239039c2f606d48ece25c0031bc,1,poison_hunter,1.0,Phishing Address
0x8699525d42539e1bcc43b113d000c0649f5eec47,1,poison_hunter,1.0,Phishing Address
0x86a1a1de5888c4d721e6dfdf032bac8f5c584aa6,1,poison_hunter,1.0,Phishing Address
0x86a8280f31ea20cf3eca4405dfa16dc6b56e4313,1,poison_hunter,1.0,Phishing Address
0x86ae211dc7e98df8b6345e9e29612c3de54af6a1,1,poison_hunter,1.0,Phishing Address
0x86aee259f5cac5c3779740dde3464397842c9cf3,1,poison_hunter,1.0,Phishing Address
0x86b736d7f725682ae0d969ea7fac38cfd1853f35,1,poison_hunter,1.0,Phishing Address
0x86bf9712ed8e486dea870c9ce213d8cdf67a26e5,1,poison_hunter,1.0,Phishing Address
0x86f34b55926f27f11fb929d17af99a98219bdd17,1,poison_hunter,1.0,Phishing Address
0x86f6ac532c620bfcfdfebe46b3882d0d67390792,1,poison_hunter,1.0,Phishing Address
0x8702dc68ba02e7c5a2ddfbfdf999e3f151435ebf,1,poison_hunter,1.0,Phishing Address
0x87046466a55903827abfd76865a51fbfa4a12e7f,1,poison_hunter,1.0,Phishing Address
0x8707c53ed4efd2fe63dac79e54832904a9a76386,1,poison_hunter,1.0,Phishing Address
0x871b387e162238003770ee2f29793f4c9be22057,1,poison_hunter,1.0,Phishing Address
0x8739c1f91ca7b4ce8d9eda499c234ba82988ed2d,1,poison_hunter,1.0,Phishing Address
0x874ab81a1dd28145ef273a6108645cb84612a19e,1,poison_hunter,1.0,Phishing Address
0x874d2042964c16753916d46c605506c8833f8149,1,poison_hunter,1.0,Phishing Address
0x87598e143e62d28e8d4fccdc7de904088a9ec3ff,1,poison_hunter,1.0,Phishing Address
0x87660f391a7c606b037f43ed39a00ddbb5434a52,1,poison_hunter,1.0,Phishing Address
0x877d19f2d1ad38bbac6b722f6ffec090a5087e45,1,poison_hunter,1.0,Phishing Address
0x87894986ad62862853ee23c711c3a15df45c474e,1,poison_hunter,1.0,Phishing Address
0x87c17cf3ff7607189c00cc173493c2777f780769,1,poison_hunter,1.0,Phishing Address
0x87c17cf678e3fbafb0288513b9bbc6491d780769,1,poison_hunter,1.0,Phishing Address
0x87caa413b084bb20fcb43bf2d23e047cb26b5190,1,poison_hunter,1.0,Phishing Address
0x87cf613fa69e4981044b0a0025f3f5d9ca9bc01d,1,poison_hunter,1.0,Phishing Address
0x87d394c5e41c4e0633cad469559576c8d4672a57,1,poison_hunter,1.0,Phishing Address
0x87e20e4a28e4341e46eef381623d06c94a31a093,1,poison_hunter,1.0,Phishing Address
0x88030b4d81fbf5bffa9e5a12274e293fc35a9015,1,poison_hunter,1.0,Phishing Address
0x880a62b9d0b1d390181ef6e39db96431cc73fd6d,1,poison_hunter,1.0,Phishing Address
0x880dea863623ce2c8f2346bb80b2026833a4b2e1,1,poison_hunter,1.0,Phishing Address
0x8831a66b82d910693b4f8d778b8f55761510fd39,1,poison_hunter,1.0,Phishing Address
0x8839b94e932e5fde112d6aa0aca84e9a6ec345b5,1,poison_hunter,1.0,Phishing Address
0x8844e08643402e75b278ccd8baa3398a69515392,1,poison_hunter,1.0,Phishing Address
0x88456b3ae60199711ec90b721e5ddcf87de947e9,1,poison_hunter,1.0,Phishing Address
0x88493d771e642806eefec2ea9e834fa0316fd9d5,1,poison_hunter,1.0,Phishing Address
0x884c612936fa76f8c4c5d58e17cb5eafb39cc63c,1,poison_hunter,1.0,Phishing Address
0x884c7f5706752ad992d8dda19c294fcc058dc63c,1,poison_hunter,1.0,Phishing Address
0x884fa9b8dc4c67017d7d0ad671810d880b6adacd,1,poison_hunter,1.0,Phishing Address
0x885302dd4a017e6a04d3e588a8129147f6e87aa3,1,poison_hunter,1.0,Phishing Address
0x885ceaee714595558b1579c37c317b695d3e7e9b,1,poison_hunter,1.0,Phishing Address
0x8864700113e4da82ea7552e22d209f082c9fa64a,1,poison_hunter,1.0,Phishing Address
0x886607bc12a39f92f55fda45c790369493a9492e,1,poison_hunter,1.0,Phishing Address
0x886ea022566e3aa38bf173f7f7bd0ac19365a4e1,1,poison_hunter,1.0,Phishing Address
0x886f6893a6e0a2ea1f1fc3c3c62690cffc8fd994,1,poison_hunter,1.0,Phishing Address
0x887e15a70c8551844685e372537ad7a48aa2d945,1,poison_hunter,1.0,Phishing Address
0x8884f8bbe7a2f988b3f925f61daab6bbf61ce1b0,1,poison_hunter,1.0,Phishing Address
0x8897a0827dea400322901a116710bca243b64935,1,poison_hunter,1.0,Phishing Address
0x889cfae9293b49ca4a0200a936fb392ed4714532,1,poison_hunter,1.0,Phishing Address
0x889e167bf4f3df66c04b8d53bf45e47038f609dc,1,poison_hunter,1.0,Phishing Address
0x88ccd37c4e281e54829c9d54cb395a0244109cda,1,poison_hunter,1.0,Phishing Address
0x88dcd15b63a13609b507dd785630dabceb8207a3,1,poison_hunter,1.0,Phishing Address
0x88e05f02de815dbbc97a0bb0549c3d8cde4d4e52,1,poison_hunter,1.0,Phishing Address
0x88e66d35f7534ac21c6b9be4ebd94d1e74607720,1,poison_hunter,1.0,Phishing Address
0x88e78fb0864ecac782c1209d1b7c910b024f2a72,1,poison_hunter,1.0,Phishing Address
0x88eafc81ba6c044765388c8b55ed5581c9e7baae,1,poison_hunter,1.0,Phishing Address
0x88edc5a16a6941bb4404504312d411564ed799ef,1,poison_hunter,1.0,Phishing Address
0x88f68267615d5be6d4b865a400a243c677a1c141,1,poison_hunter,1.0,Phishing Address
0x89005f8c85bac64d806a84803c7932b63a9a727a,1,poison_hunter,1.0,Phishing Address
0x89084f5878ffdd73faba93c7054ef171a9b59e71,1,poison_hunter,1.0,Phishing Address
0x891b25b8d2a219548cfd8883bf5089b8a6dc899a,1,poison_hunter,1.0,Phishing Address
0x891f5ec6a6c900564cd4e08987c942fab0ae92df,1,poison_hunter,1.0,Phishing Address
0x8935f8dddbb65067cffc01bab009c0ab5435aba5,1,poison_hunter,1.0,Phishing Address
0x893a8889570a321729432933e5d409791ff3846d,1,poison_hunter,1.0,Phishing Address
0x893bcbcb874c95887ceeab31a566ac2901b3ba15,1,poison_hunter,1.0,Phishing Address
0x8940fc6f805720a46295d960505325c3cb6d270e,1,poison_hunter,1.0,Phishing Address
0x89440e5b9438966aaebed69566d4b8877d0017ff,1,poison_hunter,1.0,Phishing Address
0x8946bbdda71d07adb428bf1edb68308f3b62ce24,1,poison_hunter,1.0,Phishing Address
0x895976b627096a1aed30b44c52cb5bcb072a7067,1,poison_hunter,1.0,Phishing Address
0x89655f6fd1c3162e5fb639c7613c5f09a4b012b9,1,poison_hunter,1.0,Phishing Address
0x896ed8c5460ef14db9f5355aedc615aa4e19e2ce,1,poison_hunter,1.0,Phishing Address
0x897ecce648a860f6d66388ffb8a3846b2f748994,1,poison_hunter,1.0,Phishing Address
0x899306dac2431526674e27237193b95b100da4ea,1,poison_hunter,1.0,Phishing Address
0x899364083027305bfdce125e94b51bd6eb33d454,1,poison_hunter,1.0,Phishing Address
0x89a7f4e3bd9c12547b38bb1425d4c75eda451b62,1,poison_hunter,1.0,Phishing Address
0x89afb79a73e81d88b619a57faef58c92e7cb9c7b,1,poison_hunter,1.0,Phishing Address
0x89b166e55c592effaf2ee7b14404a9e1cf724a81,1,poison_hunter,1.0,Phishing Address
0x89bd28202093e19143b69ffd848564b9f24836f6,1,poison_hunter,1.0,Phishing Address
0x89c97eb1f3dc3f9b7eee5fb4f9c38002c66d46a7,1,poison_hunter,1.0,Phishing Address
0x89d1a9fb021ef38b60761da2e118b74039259a4e,1,poison_hunter,1.0,Phishing Address
0x89d656267cd00c0e919429eec37b6cefc07a2729,1,poison_hunter,1.0,Phishing Address
0x89dde564c158aa38b8f0915e2a2a4067d40b556d,1,poison_hunter,1.0,Phishing Address
0x89e0db7eef8170bc7fb06c934b56a6d60f9e6465,1,poison_hunter,1.0,Phishing Address
0x8a0f3cc5fff996cba609d61bb676201cfb0035ad,1,poison_hunter,1.0,Phishing Address
0x8a1070cb3902b49cb5906bcc3e6026ae27cd7319,1,poison_hunter,1.0,Phishing Address
0x8a1bf38606a5fd9dfac1aa734683f11c5f20e288,1,poison_hunter,1.0,Phishing Address
0x8a2526b0064849d4c909c53db3b2ba083d1db2e3,1,poison_hunter,1.0,Phishing Address
0x8a29cc4802f315b8b77f5929d4a9b969a4d055b0,1,poison_hunter,1.0,Phishing Address
0x8a31c3c938e3f9d7865a72e988b6d69af5c5c803,1,poison_hunter,1.0,Phishing Address
0x8a34bea9475665a53ece082eb20f6d39c9b56010,1,poison_hunter,1.0,Phishing Address
0x8a383e173a940fe03d493db6c98861be855e3a1d,1,poison_hunter,1.0,Phishing Address
0x8a395af803dcd9f84b3f50d679e515bbcc7183d8,1,poison_hunter,1.0,Phishing Address
0x8a502d0764bdec2397350cd9660b405b89450b40,1,poison_hunter,1.0,Phishing Address
0x8a51c2f04a72f09770f2fb7e5667b86b849a41a0,1,poison_hunter,1.0,Phishing Address
0x8a62b923b887d28ff19c59c222cce507529289fd,1,poison_hunter,1.0,Phishing Address
0x8a87a90b273d94e475b5cbed48ff1f9ff2909013,1,poison_hunter,1.0,Phishing Address
0x8a87e53e6dc5dba3f995f0396b7127091b05a4f6,1,poison_hunter,1.0,Phishing Address
0x8a8ab7993231ccb6397a700858c2777f08498f64,1,poison_hunter,1.0,Phishing Address
0x8a8d368bf45841f892b473bf38bcc661c940efbe,1,poison_hunter,1.0,Phishing Address
0x8aa1e1c6f76133026a739dc5529b5e666e0cfe52,1,poison_hunter,1.0,Phishing Address
0x8aacc0c058fa7b45f59c3db022c32bcf6d86a6da,1,poison_hunter,1.0,Phishing Address
0x8aaf2585447fd3a772925dc3dbc95791db17a1f2,1,poison_hunter,1.0,Phishing Address
0x8ab5e55484e48ce77034be5a3468a43219c64051,1,poison_hunter,1.0,Phishing Address
0x8ac947f8d033077bb44dce6bd2c01dccc29e1160,1,poison_hunter,1.0,Phishing Address
0x8ad6dbd7c88500973a9e1a14b1a67226b2ac5a5f,1,poison_hunter,1.0,Phishing Address
0x8af2a7ec0e45837de706e1487240df7aad3df86c,1,poison_hunter,1.0,Phishing Address
0x8af8c182c466bc0c5f6c0f251076111a8998254f,1,poison_hunter,1.0,Phishing Address
0x8b16bb44c281df5a3c6df9c009bf67fc4fd0e582,1,poison_hunter,1.0,Phishing Address
0x8b284cbf6696ed1a99be4404811ff91263f9a7ef,1,poison_hunter,1.0,Phishing Address
0x8b2a222d1cfa57a0fea24d6b7c4f17b3f3958a18,1,poison_hunter,1.0,Phishing Address
0x8b2e2acbd3b3ccc6b2f9657af54bd3749d830f5c,1,poison_hunter,1.0,Phishing Address
0x8b306a41b858cebb19f6addeb213414ac71bce81,1,poison_hunter,1.0,Phishing Address
0x8b40e26bb86d61d254266e867f58c3b5a6dc616b,1,poison_hunter,1.0,Phishing Address
0x8b527bf8e868435cacf3b203bdda9b6ff33de720,1,poison_hunter,1.0,Phishing Address
0x8b5dde105afb99beee3b7cb4d49aac108d2522d4,1,poison_hunter,1.0,Phishing Address
0x8b641c55e05ca4bb86f09daaf481ad24617e8f99,1,poison_hunter,1.0,Phishing Address
0x8b79b174f9ae613e258d455b83c427988decc79a,1,poison_hunter,1.0,Phishing Address
0x8b7d3518e9154b346fc9d2ed34b3224fdafc01cc,1,poison_hunter,1.0,Phishing Address
0x8b7e59c466118330b2bb394934d9a633490ce9e5,1,poison_hunter,1.0,Phishing Address
0x8b9460e78aa4278e33bd413536383dcb839eae1a,1,poison_hunter,1.0,Phishing Address
0x8b9eaa4bac6950e03c3512b81d29380cdb7290ab,1,poison_hunter,1.0,Phishing Address
0x8b9f6a4aebd2df5047f52b8b139f475f273d9bd2,1,poison_hunter,1.0,Phishing Address
0x8ba84864b12e0ff1abdf47302b952c25d5856e05,1,poison_hunter,1.0,Phishing Address
0x8bbe1de3aba15b5a1f7ab29b8ede6b7434b8846b,1,poison_hunter,1.0,Phishing Address
0x8bce3162d58f44a13f819817d713a1f01283a492,1,poison_hunter,1.0,Phishing Address
0x8bd8a08ae552b54c6b670d20451152c035d4f245,1,poison_hunter,1.0,Phishing Address
0x8bde4035370c8de0b994a130b9c8eb8cac57f0dc,1,poison_hunter,1.0,Phishing Address
0x8bfe16db27cf59174fed4cbb26398cf6df0fe674,1,poison_hunter,1.0,Phishing Address
0x8c00540e0074bc92bcc78f36cbbf848010e1a55f,1,poison_hunter,1.0,Phishing Address
0x8c0c65de01f8b2c5fc0b956095adbda102bfa2da,1,poison_hunter,1.0,Phishing Address
0x8c12bd5d6cba21663493e6635d112a498bbdc94d,1,poison_hunter,1.0,Phishing Address
0x8c14a45a6111dd69d0a2fe4583941192e34ae5c9,1,poison_hunter,1.0,Phishing Address
0x8c187b2efbb00f27cbf12f763c916ca19bc5ab66,1,poison_hunter,1.0,Phishing Address
0x8c1ea3247b6420d20374063165627fda4785e5e5,1,poison_hunter,1.0,Phishing Address
0x8c229052c809d881273eb1152780410dc30ed8a2,1,poison_hunter,1.0,Phishing Address
0x8c2583ae8304c68d7479d2725426ead6649ca6d5,1,poison_hunter,1.0,Phishing Address
0x8c2c14035483ebb09441dd822a540505bc663d5d,1,poison_hunter,1.0,Phishing Address
0x8c3ba96f1e4ca89f61eed94576be15dfc02c27a3,1,poison_hunter,1.0,Phishing Address
0x8c42f85f742b6070f5ccf4c746aaca181a86a323,1,poison_hunter,1.0,Phishing Address
0x8c44808ba7e0a09e7f0f1cd25eafb156e6290af5,1,poison_hunter,1.0,Phishing Address
0x8c54029784131ecdd4cba43c1297ffe69b0b4956,1,poison_hunter,1.0,Phishing Address
0x8c64eea1f230aa3690ac51eae07434775c41878e,1,poison_hunter,1.0,Phishing Address
0x8c6574532d0f461339aa8d33498b5cc56d583acb,1,poison_hunter,1.0,Phishing Address
0x8c6649f5f9afbcc3a4723dd45a56742bc48c089f,1,poison_hunter,1.0,Phishing Address
0x8c665f13b9f4d542dc635165da37518703e83935,1,poison_hunter,1.0,Phishing Address
0x8c73919804adbad59d978e345c4a5eec479f5cbe,1,poison_hunter,1.0,Phishing Address
0x8c76f03bff22b7c8195f6a58970a9708408271a3,1,poison_hunter,1.0,Phishing Address
0x8c779b3c33d36568ad7a1c9688b799c7c1f7bfd1,1,poison_hunter,1.0,Phishing Address
0x8c77edf1001e88e40be283ecd811559f84f80986,1,poison_hunter,1.0,Phishing Address
0x8ca7a95dc7e8e8f0d833f66453460e4fa7b982e4,1,poison_hunter,1.0,Phishing Address
0x8caac235eee437268286cdd64e66dbb993ea9776,1,poison_hunter,1.0,Phishing Address
0x8cacf5a8f506e2b4a2325bb285fc0d86ebdbfe2f,1,poison_hunter,1.0,Phishing Address
0x8cb5e2126a23f7c9eb0fbff7ba26ba973b99dde4,1,poison_hunter,1.0,Phishing Address
0x8cb5e212e163b37f8c5b5b608daa20b94a99dde4,1,poison_hunter,1.0,Phishing Address
0x8cbbc53336af2c36f72b34b3947f6c85a9f3a066,1,poison_hunter,1.0,Phishing Address
0x8ccbf3c0b5b3f5c0f0cd25c4775e3eacd716a9f4,1,poison_hunter,1.0,Phishing Address
0x8ccc07c708e07297a8a0c2e0e08be5c0e5e6f794,1,poison_hunter,1.0,Phishing Address
0x8cda0664bd5c44e972f6bfb6acf2b71597a91c06,1,poison_hunter,1.0,Phishing Address
0x8ce844c4f817d99a7e07ef40ccb9997bf4b07ad2,1,poison_hunter,1.0,Phishing Address
0x8ceda1f86baf6d8e95a5e99b31d70f4d88a7e6cb,1,poison_hunter,1.0,Phishing Address
0x8cfa66426f16fa94230425f68c6dcb5c93212e65,1,poison_hunter,1.0,Phishing Address
0x8d086a2783ee4094443ed12c603738bee9a4b8a8,1,poison_hunter,1.0,Phishing Address
0x8d0edc2548819bf1f3c3709c7840370bf7802400,1,poison_hunter,1.0,Phishing Address
0x8d1225f68700810f9cdb17883e13c4156317aafc,1,poison_hunter,1.0,Phishing Address
0x8d32f7a5fcd4003efd967892b72f50cb45deb495,1,poison_hunter,1.0,Phishing Address
0x8d3ae82179cd52e0137584167286bca1988a41cd,1,poison_hunter,1.0,Phishing Address
0x8d3d38c8a009d16ddeb97a3ee77f3f89bc00b798,1,poison_hunter,1.0,Phishing Address
0x8d416a703c51d812077843b39e6e456975fa4c88,1,poison_hunter,1.0,Phishing Address
0x8d5069004c80b10d34e96fbb8d2e3e14cfe3ee63,1,poison_hunter,1.0,Phishing Address
0x8d55f2276f2c8409859b4b03711726e43edcfe21,1,poison_hunter,1.0,Phishing Address
0x8d5fa660f4927c37cec1a6ed0595cdd8adbb57a9,1,poison_hunter,1.0,Phishing Address
0x8d6b0e82a611d1a5b197aeac30bb601e8cb8c3e4,1,poison_hunter,1.0,Phishing Address
0x8d754902f7fdc94de64dda6f871dd61806a61019,1,poison_hunter,1.0,Phishing Address
0x8d8063a75e1f5b5c63efe4b399c9a573031c93fd,1,poison_hunter,1.0,Phishing Address
0x8d89e169df7447aad5775f92d36991138bb2d4a5,1,poison_hunter,1.0,Phishing Address
0x8d9f7c785ce7f03f4afd4a76b1a295077c01ddaa,1,poison_hunter,1.0,Phishing Address
0x8db44bb4e54c189186d62fc4eeba6577a7acc05b,1,poison_hunter,1.0,Phishing Address
0x8db5e8400f6d67978c5d57ea35dd8db44fb3e570,1,poison_hunter,1.0,Phishing Address
0x8db82250d5f6c7b38710e106903d124e25cc8b91,1,poison_hunter,1.0,Phishing Address
0x8dbfbc08dccf6f6b4c555678b073a5da4ae4f3b8,1,poison_hunter,1.0,Phishing Address
0x8dcc5866d5f63eaaeb702dc993d47eb477847190,1,poison_hunter,1.0,Phishing Address
0x8dcd2396fe23c682ca9cea576963892960761501,1,poison_hunter,1.0,Phishing Address
0x8de3f0a983a1d2d1f7edfd764b95b7d7a291437a,1,poison_hunter,1.0,Phishing Address
0x8de3fa74e1746c5f855d2916522d70a5aa322254,1,poison_hunter,1.0,Phishing Address
0x8df175ab95058617cc465dac7c72275f25fbb9d0,1,poison_hunter,1.0,Phishing Address
0x8df8cbb37c4d86684b3099771bfc97e9d273a1da,1,poison_hunter,1.0,Phishing Address
0x8e00d925ccf0a0fc7907c34a3ec8b6f54fdc3bd1,1,poison_hunter,1.0,Phishing Address
0x8e05bd9faa9058d807cfd29dc9d16a297926ce00,1,poison_hunter,1.0,Phishing Address
0x8e1413e1d5b2e20888e2b9811d2801c8c9c7dccd,1,poison_hunter,1.0,Phishing Address
0x8e204e42a817f096606aeb6522734498e31777b1,1,poison_hunter,1.0,Phishing Address
0x8e27f8ead84472c6cf45f5690ab91e22e45becb9,1,poison_hunter,1.0,Phishing Address
0x8e2ca03e19bb2e59d2804c23ddb2e71e2480b44a,1,poison_hunter,1.0,Phishing Address
0x8e311fd0da18f716674c24ba6325a563f064177b,1,poison_hunter,1.0,Phishing Address
0x8e34354e9500c35ebabcf69dc40def1dcc22845c,1,poison_hunter,1.0,Phishing Address
0x8e34a79347c09ccaebbf8e1175cd5f203e9a1993,1,poison_hunter,1.0,Phishing Address
0x8e50ac52aedb8bf118b10172e0b0e8ca96cf8f47,1,poison_hunter,1.0,Phishing Address
0x8e589d4951fcdc90da2e0b317202d821b779e489,1,poison_hunter,1.0,Phishing Address
0x8e81f525932c32b93221a0ab9a4ccccac20e5304,1,poison_hunter,1.0,Phishing Address
0x8e8fc91dc3fa5b554f53bb29cb7c88191ac387b3,1,poison_hunter,1.0,Phishing Address
0x8e8fcc1796618aa57d33f704c84338e65673ba8e,1,poison_hunter,1.0,Phishing Address
0x8e973f37a63ea547fa2bc2b36da18f10c80747df,1,poison_hunter,1.0,Phishing Address
0x8eb408166749bbcbb0f6a0bf15323c6a7c53622a,1,poison_hunter,1.0,Phishing Address
0x8eb9a36c4006c099cf02efae65a8c0c0b8a36d68,1,poison_hunter,1.0,Phishing Address
0x8ebb7cbfb8c70f93d3eeae51d08e026471a980f6,1,poison_hunter,1.0,Phishing Address
0x8ec05099ef99c41ecffb0187e31e4c2a834ca430,1,poison_hunter,1.0,Phishing Address
0x8ec208e7028069be2c9407afc1cb588e3515b6c1,1,poison_hunter,1.0,Phishing Address
0x8eed3b5433df6df330e84e1b61b277d3ebdc1533,1,poison_hunter,1.0,Phishing Address
0x8f00bd0fb1e325cd6a6a629c132230b7e78156bc,1,poison_hunter,1.0,Phishing Address
0x8f0b1170442b1d6a91e8fc80ecb23deb97f79da6,1,poison_hunter,1.0,Phishing Address
0x8f1b06f6bb497e80f7277d34218620a6a53a1454,1,poison_hunter,1.0,Phishing Address
0x8f31ef5cfdbf1bb8d00a1edfa09a69fe6512f44d,1,poison_hunter,1.0,Phishing Address
0x8f3dcc0d34aec48de64f1e3df9754a7af6fe2cd8,1,poison_hunter,1.0,Phishing Address
0x8f518b7a8ff1651a70ab356f93d8841dab75889b,1,poison_hunter,1.0,Phishing Address
0x8f61170de14cccd9812780085d060160c8eb13bc,1,poison_hunter,1.0,Phishing Address
0x8f6fc04ea6df4d4163f76e121a8f1135e736c4c1,1,poison_hunter,1.0,Phishing Address
0x8f77f1fb8f2650a5b23cd718405940841832c254,1,poison_hunter,1.0,Phishing Address
0x8f7a4c168d98d5f28d35842da3fb9928c2597aa1,1,poison_hunter,1.0,Phishing Address
0x8f8463b1dbe2cd60bc23c003288a6096656fc2b9,1,poison_hunter,1.0,Phishing Address
0x8f97df30cdca48184eb24ff47e4e4ca57531cc80,1,poison_hunter,1.0,Phishing Address
0x8fa3a9dcf46a4d4ace5eb3ebae5faae6e0328aba,1,poison_hunter,1.0,Phishing Address
0x8fb4ab028ea4007785a6fa8f3bba4cd3d2eb655c,1,poison_hunter,1.0,Phishing Address
0x8fb5e02faf6e43d4018ef3137d438648530f0968,1,poison_hunter,1.0,Phishing Address
0x8fb8f15234c658ece09754c2ff3d79118bacfaf3,1,poison_hunter,1.0,Phishing Address
0x8fc21960a64963342d4ab65a335b7f7c5bc954a0,1,poison_hunter,1.0,Phishing Address
0x8fcd5ab84c3f76284dffcdc230925331e94faae0,1,poison_hunter,1.0,Phishing Address
0x8fd8b29d88c9884117d85a9f9574117aec974884,1,poison_hunter,1.0,Phishing Address
0x8ff747c163eca8b8a148b752657105f3c91ce10e,1,poison_hunter,1.0,Phishing Address
0x8ffde61fa3452d669614fed03c953e48b3e0c3a7,1,poison_hunter,1.0,Phishing Address
0x9001cada2df31dab892626c86b543c0bce1a8e7d,1,poison_hunter,1.0,Phishing Address
0x9008df51ac21e8b389b7fa8d0ca264abadd6ab09,1,poison_hunter,1.0,Phishing Address
0x9011a956e42f59bff4b526d2336e6edd5f6894ee,1,poison_hunter,1.0,Phishing Address
0x903e397a3cceaf27ebd84d30a2b7b0d3ad68e807,1,poison_hunter,1.0,Phishing Address
0x90410540779075724d1fe6a15be92044f20c941f,1,poison_hunter,1.0,Phishing Address
0x905b30c06347806414987453d539a9de5a47a368,1,poison_hunter,1.0,Phishing Address
0x907049680560ac6fb0ad84c4dff119d6604d5bd6,1,poison_hunter,1.0,Phishing Address
0x9070ad578aacedd52475f2d0d61e62fab2c46c84,1,poison_hunter,1.0,Phishing Address
0x9070c92d238041283f8304605abb8d3343e7c53e,1,poison_hunter,1.0,Phishing Address
0x90733a78bfb69ab236e90ef8e3a5cd486da6c05a,1,poison_hunter,1.0,Phishing Address
0x9079d390cfbd54eeb14d593d76fbe0ca5dcc67f3,1,poison_hunter,1.0,Phishing Address
0x907c21cc1a488e8868e98980abbd3f286167fcab,1,poison_hunter,1.0,Phishing Address
0x907d4e19ccca428ee5bd934d82fef2802387ed2a,1,poison_hunter,1.0,Phishing Address
0x908269cdfb05c5f6578bd1b1f4e6ceeb076599ff,1,poison_hunter,1.0,Phishing Address
0x909ba10d5b507cbe20d695e300fe82f9ae161151,1,poison_hunter,1.0,Phishing Address
0x90bb5b390a3377004a668e854a5b97436d889803,1,poison_hunter,1.0,Phishing Address
0x90ca81211d25014d6cd62016b08a9fc15cc33e62,1,poison_hunter,1.0,Phishing Address
0x90e16e6f7ae928ca03790abc60617b3cda0118b8,1,poison_hunter,1.0,Phishing Address
0x91178ca9dd48e6782f18785b5b148f2e480972bc,1,poison_hunter,1.0,Phishing Address
0x911a65a60c856e07bf60ca7a8e74b38170e1d969,1,poison_hunter,1.0,Phishing Address
0x912fd21d439bebe69ed172781c95f67ad1477ba0,1,poison_hunter,1.0,Phishing Address
0x9131842a2ba768933861deddd9ea284ed73d9a3b,1,poison_hunter,1.0,Phishing Address
0x9133d7e0917c9e931df98ae087cc61bcc845b0fe,1,poison_hunter,1.0,Phishing Address
0x9142e6ee1759490f3c765ac5632575de00b3de6d,1,poison_hunter,1.0,Phishing Address
0x91441552952490b7452f0a9af4dedb80accb0a36,1,poison_hunter,1.0,Phishing Address
0x914d78251d6f84b35c20ad8c09279fcfa3a6f442,1,poison_hunter,1.0,Phishing Address
0x9161cc7d07ad2725c59efec9a5a5c1776419bb31,1,poison_hunter,1.0,Phishing Address
0x916ec2fbb5c7adc6534529d3c9c86322686e7bfa,1,poison_hunter,1.0,Phishing Address
0x9171ee0c9e7f4b760691b092c4b777a259d8034f,1,poison_hunter,1.0,Phishing Address
0x9186f35f7b5b91ac998bd2cbc60099c8915726f0,1,poison_hunter,1.0,Phishing Address
0x918c54ed4a6c5ec4a069e46f9a3be26cae01b8c1,1,poison_hunter,1.0,Phishing Address
0x91a4a677946496c76938286fde94f86635957f60,1,poison_hunter,1.0,Phishing Address
0x91a6e2f5868fd813ff65a886de2ba685da42c4d8,1,poison_hunter,1.0,Phishing Address
0x91ac8699390867ed2073bd3b3a7d1acf58b4a1d2,1,poison_hunter,1.0,Phishing Address
0x91b2cbec2cc5cb7f24d6c32292ac471c4dc8fbe9,1,poison_hunter,1.0,Phishing Address
0x91b39d0b4545f07505f14ab48b55e41af069794e,1,poison_hunter,1.0,Phishing Address
0x91c9306f187758d53550ed42d87abb619190d5f5,1,poison_hunter,1.0,Phishing Address
0x91ec4e3a108758b1b4fb60830ba3607b309b5753,1,poison_hunter,1.0,Phishing Address
0x9204e5c139e2adcfac07d1643acaaeda24f81faa,1,poison_hunter,1.0,Phishing Address
0x9211253853911cbd075f787445f023a031302038,1,poison_hunter,1.0,Phishing Address
0x92112538e344fc12d0ed91c246bf9bd033302038,1,poison_hunter,1.0,Phishing Address
0x921dbf9b0e5ce119d4ebc873c85778dacdd4aebf,1,poison_hunter,1.0,Phishing Address
0x9226b2e450ae46624f3960ca28c1f6b7fb1bfbcb,1,poison_hunter,1.0,Phishing Address
0x9244f5b0c391cb67b8b49daf3ab5542b4d0ae95b,1,poison_hunter,1.0,Phishing Address
0x924bcfa137e66dce68a6b8e2a2c8b99cd7adcab6,1,poison_hunter,1.0,Phishing Address
0x92576e5bce4cfbadfbf819447f3fccff22a9b20e,1,poison_hunter,1.0,Phishing Address
0x9265d73da52c561a79a683a0dbffa402eb7415bb,1,poison_hunter,1.0,Phishing Address
0x926b03b11d4858c6dfb506bec66ee8623182808d,1,poison_hunter,1.0,Phishing Address
0x926be7eebc2a9ac7ac8dfd370e182907e4589f41,1,poison_hunter,1.0,Phishing Address
0x92750887d185cf24d636cfca9b33dc22a89d6e32,1,poison_hunter,1.0,Phishing Address
0x9275816ced809e33f6df5aea6f8105dfc7d90600,1,poison_hunter,1.0,Phishing Address
0x92959f7f14c5347973f87d04c3d84a482bc7d90d,1,poison_hunter,1.0,Phishing Address
0x929c84df3f593c1ff1d2acfc529680508ce153ae,1,poison_hunter,1.0,Phishing Address
0x92a58a1011d4a20ab440623ddbb4cff75bc52a09,1,poison_hunter,1.0,Phishing Address
0x92ac7bd1b4fb6f91703d6466877faf57048e5b12,1,poison_hunter,1.0,Phishing Address
0x92b40ce8975d721e6ac81463c0c69a016f6ea560,1,poison_hunter,1.0,Phishing Address
0x92c3f06005590247ffc55501984e7f12aa41f5b2,1,poison_hunter,1.0,Phishing Address
0x92ccafb968442ef7f94ec60d9c5ffacd178fb250,1,poison_hunter,1.0,Phishing Address
0x92d3325add8ec4a0c51a70f14689faa0f3a9618c,1,poison_hunter,1.0,Phishing Address
0x92d6b5df5c45506765af149e81074b862c55c257,1,poison_hunter,1.0,Phishing Address
0x92e7d9f0c6b3ca69494e735d21186f716b507889,1,poison_hunter,1.0,Phishing Address
0x93164c5db50b6daf72f7677ac35737b9c36749f2,1,poison_hunter,1.0,Phishing Address
0x9353e22bef03224e84331b559c1f12fed8a873eb,1,poison_hunter,1.0,Phishing Address
0x935f64b443049b037449681bba4a8825e94205b5,1,poison_hunter,1.0,Phishing Address
0x936355eeb5ade548cddbb644e9b8047e89c2b575,1,poison_hunter,1.0,Phishing Address
0x937307fc198401026596a2359eb8efcd6f2f1217,1,poison_hunter,1.0,Phishing Address
0x937eae71c5ea121a5fdda269bfb3cb8ca5db7d6b,1,poison_hunter,1.0,Phishing Address
0x938195966003a189e16585a44b3ac3395caff80f,1,poison_hunter,1.0,Phishing Address
0x939239ab17d92f3649e9687a21a04ddb750fe129,1,poison_hunter,1.0,Phishing Address
0x939c4e4f7e6608ed0e1a9e85c5c739c5a1da6e5a,1,poison_hunter,1.0,Phishing Address
0x93a63dd05b526b3de9ceb81f2a3e6500b5c0d86e,1,poison_hunter,1.0,Phishing Address
0x93bba7a78e5c4fc69978750d377b3505ed5f60b9,1,poison_hunter,1.0,Phishing Address
0x93bf8c8c693253f36f01d072eb66345b2b816cd9,1,poison_hunter,1.0,Phishing Address
0x93ca5addb79359ca8ab9cd129cd41ea44bb047e3,1,poison_hunter,1.0,Phishing Address
0x93e8947c8ed3be5a48fd5840516a4c7dc94639b3,1,poison_hunter,1.0,Phishing Address
0x93f5034d631a8d4fa7758a712b775d698e446b25,1,poison_hunter,1.0,Phishing Address
0x9416b181826bb96d71da3e929fb966ea39420555,1,poison_hunter,1.0,Phishing Address
0x941894e32a5142987483541c0bb67a171e96c4b3,1,poison_hunter,1.0,Phishing Address
0x942e9245d6248e99f1f18376b98c4a5b0118c469,1,poison_hunter,1.0,Phishing Address
0x9430fdc357f311c5dfa2485ece744aac073f786f,1,poison_hunter,1.0,Phishing Address
0x944005ce75b05fab9fc2e47575d3b20297ad88e0,1,poison_hunter,1.0,Phishing Address
0x94472d0d0fb8465c8af9d9e0c32d0ddc9728f008,1,poison_hunter,1.0,Phishing Address
0x9450c41c952186cd8e3388a5f73a363e82391e03,1,poison_hunter,1.0,Phishing Address
0x945dcad0a1b98c4abc13a710c62feee2686f3cbe,1,poison_hunter,1.0,Phishing Address
0x9463334bb52aba449b23d6d68647149ed7063e99,1,poison_hunter,1.0,Phishing Address
0x9466210d6558a81be2ad19c0b4ed143c432d351e,1,poison_hunter,1.0,Phishing Address
0x946fc79ad737551c9ec1945db40a9a599b9f09b0,1,poison_hunter,1.0,Phishing Address
0x9473748dbad65d9253a137590be48c439abf5f26,1,poison_hunter,1.0,Phishing Address
0x94951697d46b3eb4f052d851b18410d031e4ba43,1,poison_hunter,1.0,Phishing Address
0x94989135dff51004239a43568b0e433f75d56ba8,1,poison_hunter,1.0,Phishing Address
0x9498f02823cd66a0da6543929331fec1444f81e7,1,poison_hunter,1.0,Phishing Address
0x94ab130482606d6ad6d5374e60f9c9b5931dcdae,1,poison_hunter,1.0,Phishing Address
0x94b5f4259fe0842869261e12ee45da28cf978441,1,poison_hunter,1.0,Phishing Address
0x94b77bea4c4b60775841c980cce53f96118425cd,1,poison_hunter,1.0,Phishing Address
0x94ec6e3d6a106a010d637eddb19cd377a5c1f64c,1,poison_hunter,1.0,Phishing Address
0x94ecbb2b739b48fde0dea00238d88beddd572e23,1,poison_hunter,1.0,Phishing Address
0x95103f20113a7aa08c39f4d5f1a40f4c075a82cc,1,poison_hunter,1.0,Phishing Address
0x9510ba343502d2b232cb91cfceccd78870bcfcc1,1,poison_hunter,1.0,Phishing Address
0x9520020f52cb5ecb2c06cc836e1fc839360511cf,1,poison_hunter,1.0,Phishing Address
0x9526e53affa76365589440890a6e8de20de161c7,1,poison_hunter,1.0,Phishing Address
0x952aaf9d888ef74354024934102028ab022e61c7,1,poison_hunter,1.0,Phishing Address
0x9543e06514b9f6ac3770fcfa39c08aaa6912b201,1,poison_hunter,1.0,Phishing Address
0x954489d392839bb3f99b989d3f448ba62461f73e,1,poison_hunter,1.0,Phishing Address
0x9545c31a0216453ee19e628822e4de84c588746f,1,poison_hunter,1.0,Phishing Address
0x954fb21ba46e6398a69d5d10ea4c9ad4050c7307,1,poison_hunter,1.0,Phishing Address
0x9558738288baf69acdc24c51ff1d06fd900b8cad,1,poison_hunter,1.0,Phishing Address
0x95731642e22c712e1b295b8836cc2531912c0205,1,poison_hunter,1.0,Phishing Address
0x9583159f8de6cb2ab76540b4be9735df778d705a,1,poison_hunter,1.0,Phishing Address
0x958a461d8738dd678a66a658756d2eef417e9549,1,poison_hunter,1.0,Phishing Address
0x958b7b9f8c93b314e23fb804f3aaf7b48594bb66,1,poison_hunter,1.0,Phishing Address
0x9591b5503792b22012c2d132cdfffa69c6f68d17,1,poison_hunter,1.0,Phishing Address
0x959fdba32ac56e612f5dc334443c5dad4220270f,1,poison_hunter,1.0,Phishing Address
0x95ac65d8240cd3c5da07466dd24d2cbe9b0fada6,1,poison_hunter,1.0,Phishing Address
0x95b23d37d3cc21b9ada38a68d46141bbc7f63bbf,1,poison_hunter,1.0,Phishing Address
0x95b4abc8f1003ba51e88fbc1b23dd54aaa5f78f1,1,poison_hunter,1.0,Phishing Address
0x95b5a343f954c4305619c11e21adcc9e00688b71,1,poison_hunter,1.0,Phishing Address
0x95b6217c05b9a2c98583ec26cdb88ae42a5eebd7,1,poison_hunter,1.0,Phishing Address
0x95be2fcbb9be8f5428bbeaa560bcd0ff97271c8c,1,poison_hunter,1.0,Phishing Address
0x95ca96fb97b832217e208010fb61f89568209130,1,poison_hunter,1.0,Phishing Address
0x95cdc7338babad8ecf287bf7c396981623070c20,1,poison_hunter,1.0,Phishing Address
0x95f173cf111f834bc5affd6258619d5cab4f2276,1,poison_hunter,1.0,Phishing Address
0x95f594eaaca98fe183c637925d618576a07aa52d,1,poison_hunter,1.0,Phishing Address
0x95fbd356f82346929dbd0c099627327e286e4efb,1,poison_hunter,1.0,Phishing Address
0x96012f77ef8309bd3cd7a40d20ef45fc72ec822d,1,poison_hunter,1.0,Phishing Address
0x96016d5c84e5521da63987abdce5720cf19fd99c,1,poison_hunter,1.0,Phishing Address
0x9626d7f792801d3e0d86f51ea6c49b9bca811715,1,poison_hunter,1.0,Phishing Address
0x962884c599a6dc68a77941e1ab7586a1dc2a436c,1,poison_hunter,1.0,Phishing Address
0x9632feaa82686c9819f6b4879b023773f4f2405e,1,poison_hunter,1.0,Phishing Address
0x963ae15c7b2a9dc0559b911bba5f8a6aee85263d,1,poison_hunter,1.0,Phishing Address
0x964e841efb358ba5bdac48413eef3b95c4581087,1,poison_hunter,1.0,Phishing Address
0x96556b2407b520e24d0532910dcdf14756a7dd98,1,poison_hunter,1.0,Phishing Address
0x9660a85b8f038b5964bc6fa89484dfe14c9ffa28,1,poison_hunter,1.0,Phishing Address
0x9673202b94bd387c7bc980cc190a78d89ee2ccbb,1,poison_hunter,1.0,Phishing Address
0x9675740c5d0754101a6f8cb9f2635674e091e2dd,1,poison_hunter,1.0,Phishing Address
0x967cbb5a66c2f99b07d0edd2d310d7c8e1f44b86,1,poison_hunter,1.0,Phishing Address
0x968f674abfab7afadf784a236e13489b14c0f23c,1,poison_hunter,1.0,Phishing Address
0x96982aedc9d66b84f7b2e06e671e2d88ba259b03,1,poison_hunter,1.0,Phishing Address
0x96adb193f62e6bd3f34c3b2dbb0c5398cd3adb72,1,poison_hunter,1.0,Phishing Address
0x96ae17f0545217349a9ad12dbb985ff3f4ccc13a,1,poison_hunter,1.0,Phishing Address
0x96c25b3edcb431b8e578cfaf37a58273d7f08081,1,poison_hunter,1.0,Phishing Address
0x96c9297de33d161b476ced457c69c8866d8b0d26,1,poison_hunter,1.0,Phishing Address
0x96ea1947dd7d387968e0471596320b988b8186e2,1,poison_hunter,1.0,Phishing Address
0x96f05b0112fc375744d231675d196fb8cf01ffc8,1,poison_hunter,1.0,Phishing Address
0x96f05b01e8662ea0899568281b356e6a0d01ffc8,1,poison_hunter,1.0,Phishing Address
0x96fc7864f316b0b5e1fd229ed18821dc4f9461e4,1,poison_hunter,1.0,Phishing Address
0x96fdc631e5671e5fa6dd2eadf00e81b334ac0bcd,1,poison_hunter,1.0,Phishing Address
0x97062830b0556dedf17121962552ac4c7754e7ae,1,poison_hunter,1.0,Phishing Address
0x97065062d743af4ed3ec8c720fbed2b6c730e85a,1,poison_hunter,1.0,Phishing Address
0x9712e42f69d3c3b204e70f22494ce0313558ea1d,1,poison_hunter,1.0,Phishing Address
0x971ab9cabba263f02b87f6d241caa870d26e8f16,1,poison_hunter,1.0,Phishing Address
0x971ab9f3f510a79ece4809445b62b7ffd3ca2cb4,1,poison_hunter,1.0,Phishing Address
0x971d4fd172097dbd17deee285a66503df45d83e6,1,poison_hunter,1.0,Phishing Address
0x971f9279f6d15e337dfd16699d3ccb0d659cc13c,1,poison_hunter,1.0,Phishing Address
0x9723020ddfd74078644d23c12361a04e00911586,1,poison_hunter,1.0,Phishing Address
0x972d3e045da807453267b13dad81a8ab856f79cd,1,poison_hunter,1.0,Phishing Address
0x972ec926f9f3d833d304b72f048cf1600dc1281d,1,poison_hunter,1.0,Phishing Address
0x9733445aeead6f525f6360053dfe9cb676d97f3d,1,poison_hunter,1.0,Phishing Address
0x973b4480671747beea85ded540a590750c211d81,1,poison_hunter,1.0,Phishing Address
0x97441eae6e394bfa9da47ce254604b9f63f4ee14,1,poison_hunter,1.0,Phishing Address
0x9745129a39cf3d1d7953a6de36688843e421549d,1,poison_hunter,1.0,Phishing Address
0x975a6aa00d30056990981fb174dfaf6c665bffc9,1,poison_hunter,1.0,Phishing Address
0x97655702606f994ef33c9848b83d5606d8875329,1,poison_hunter,1.0,Phishing Address
0x97668dcf70edee3eba5f46083de39b10e0c170b1,1,poison_hunter,1.0,Phishing Address
0x97708a1b6a4f0c0c26ececdffea968e706722a09,1,poison_hunter,1.0,Phishing Address
0x9771baf33541f8d6e17d2c6f9217e0d3a4a667ff,1,poison_hunter,1.0,Phishing Address
0x977385d4cef4751a06e6aecafc34ce3b3e7bca4e,1,poison_hunter,1.0,Phishing Address
0x9775b1084c2dcaf015a3fd861837069ebc8602a6,1,poison_hunter,1.0,Phishing Address
0x9785b34e3abf6d4f90fc5787af9bc251f150ec6e,1,poison_hunter,1.0,Phishing Address
0x97957bb2ce6eb08fc7399b963117abfebe6c045a,1,poison_hunter,1.0,Phishing Address
0x979b168bd991d43990d39e073f19d91a209cb2e3,1,poison_hunter,1.0,Phishing Address
0x97b6ae9b0f452ada24e9cbf546f0634cf948a5b9,1,poison_hunter,1.0,Phishing Address
0x97b90e5db58f1ac24c79449242860facae3b3072,1,poison_hunter,1.0,Phishing Address
0x97b9b29544a7e2ad1276a0be094140d4e6a27fd9,1,poison_hunter,1.0,Phishing Address
0x97cb9b27aedf8d60d5367890e99d146c57ef91e8,1,poison_hunter,1.0,Phishing Address
0x97d77d312e87288f3bf8ee13ebe5a0d11e8bb653,1,poison_hunter,1.0,Phishing Address
0x97d8815812d1d3c1b87a5c78a259232f23f929ae,1,poison_hunter,1.0,Phishing Address
0x97e485c3d4bb498be5ef30685bcd979072a0ec71,1,poison_hunter,1.0,Phishing Address
0x97e89c7532d615d229c080f1682c51ab4c5b3b92,1,poison_hunter,1.0,Phishing Address
0x97e89c75788a71efff7e654853e947dad85b3b92,1,poison_hunter,1.0,Phishing Address
0x97e89c759e6ba2b80a7a4ea84e8f96a7dc5b3b92,1,poison_hunter,1.0,Phishing Address
0x97e97ed7befb8c632e0d3ef2326b64e20c0b3b38,1,poison_hunter,1.0,Phishing Address
0x97e9e304c27bdc7a6f2ee6358f505a41b2af6148,1,poison_hunter,1.0,Phishing Address
0x97eb0bdbf6acb04192b89213dc451b06c21a9ce6,1,poison_hunter,1.0,Phishing Address
0x97edb7a387187ead6cfd71341b2c4ed4c4356140,1,poison_hunter,1.0,Phishing Address
0x97f1e37db25a24b79a39165c7a8f994987f8d247,1,poison_hunter,1.0,Phishing Address
0x983adb78afc2eb151b0ce54161b773da5917f5fb,1,poison_hunter,1.0,Phishing Address
0x984879991ae8a3e6df7ad0e64d735bf0b2fe2c3f,1,poison_hunter,1.0,Phishing Address
0x98526d761007c190fcc54837a43b54dd98235407,1,poison_hunter,1.0,Phishing Address
0x9857722f4fb67b4042aadd90a44b3511297b27cd,1,poison_hunter,1.0,Phishing Address
0x986a768e57e0c92f74be7fbafb56a7a4989116bc,1,poison_hunter,1.0,Phishing Address
0x986c7f98862c44fcee4597ff5628bd290817f4eb,1,poison_hunter,1.0,Phishing Address
0x987774b76e40827d1255bbb69b85bc0002b2ca3d,1,poison_hunter,1.0,Phishing Address
0x98976186216105b1e8ee464b6e9d6ed40930a4bb,1,poison_hunter,1.0,Phishing Address
0x98980867207fa071a8816859586deb977c729e8d,1,poison_hunter,1.0,Phishing Address
0x989a6607a038b91ed20c9b1f157bea5c7c87b1ce,1,poison_hunter,1.0,Phishing Address
0x989c0e83bf3bb7eaf67fa94ef7657e0bdc209bae,1,poison_hunter,1.0,Phishing Address
0x98a58356877671a8dee3d0dde9657781fa86e43d,1,poison_hunter,1.0,Phishing Address
0x98a6d037f9c199321edf98606755d3801e169122,1,poison_hunter,1.0,Phishing Address
0x98b5f1fa9c5721b8957ea44a5f5f3445f2e263a9,1,poison_hunter,1.0,Phishing Address
0x98bfbabf9c74d50418671258e6b02599d14ab5ae,1,poison_hunter,1.0,Phishing Address
0x98dd880cdc480fd346a3f833b56513c7b19d2bd6,1,poison_hunter,1.0,Phishing Address
0x98ea9883d20ec5a6e20d22cb45b10c59e63583ce,1,poison_hunter,1.0,Phishing Address
0x98ea9883eea48c5365c5f8d372974b71bd3583ce,1,poison_hunter,1.0,Phishing Address
0x98ff1a6e978942f08c0fe107f79f28b36b982ca1,1,poison_hunter,1.0,Phishing Address
0x9900b8aad61669c8ed123e3bda27de0d3a1ea6e7,1,poison_hunter,1.0,Phishing Address
0x9901790f34996f8f462f4aa223d467b69b817fde,1,poison_hunter,1.0,Phishing Address
0x9907da049b17fe4ec89ae462da7985e07cd9ba9c,1,poison_hunter,1.0,Phishing Address
0x990a4003ed70023e62943220a28446d23ad2aac9,1,poison_hunter,1.0,Phishing Address
0x991864aac74794ad23af423e6a4cb217aaa5c105,1,poison_hunter,1.0,Phishing Address
0x9919f4e463e4db695e2fc0b17657a5838bfd7ce2,1,poison_hunter,1.0,Phishing Address
0x991a46d2d479d0c1ec70c35b47322de10a683aa3,1,poison_hunter,1.0,Phishing Address
0x9931f3d69f4c1cb4bc534637104b8db5ec922176,1,poison_hunter,1.0,Phishing Address
0x9943f4f43fd3a6c6271e84f5cf25fb2f4dba55b6,1,poison_hunter,1.0,Phishing Address
0x9946965de4fefbe32211017a30253269a51fb08e,1,poison_hunter,1.0,Phishing Address
0x994a72abdff2533fe574fc7b64f9e3b0af8c1808,1,poison_hunter,1.0,Phishing Address
0x9952c01cc7d289f1f2eb4bf544465ddf5f127fa5,1,poison_hunter,1.0,Phishing Address
0x995a09ed911708cf102b4415eebbe12bc81b479f,1,poison_hunter,1.0,Phishing Address
0x99604076e3790be1c8caf1d743eead200f7ff117,1,poison_hunter,1.0,Phishing Address
0x99639af3589a03941620d4535a18c946405f81aa,1,poison_hunter,1.0,Phishing Address
0x997ab3854e70ec3052ca74b460dd39e842ccdd25,1,poison_hunter,1.0,Phishing Address
0x998616a9a48286f87323b1cdd2eead6f5d68bec8,1,poison_hunter,1.0,Phishing Address
0x99870de84328c39074ef47b88e127e9cdf9af1e2,1,poison_hunter,1.0,Phishing Address
0x99870de867b014d344001e25fe30b464659af1e2,1,poison_hunter,1.0,Phishing Address
0x998d3a0c98a5babe779e08f659db8fdad9fefc4c,1,poison_hunter,1.0,Phishing Address
0x999eb13c518e0beb509821594d692774c936176a,1,poison_hunter,1.0,Phishing Address
0x99a5097e8d239d42e1bb15c18f9b40083a5b395d,1,poison_hunter,1.0,Phishing Address
0x99acdbd091b30c8f23b118a030b2c4a6324c395d,1,poison_hunter,1.0,Phishing Address
0x99b24c0ea79ce56315e256552e87bc21e038fb45,1,poison_hunter,1.0,Phishing Address
0x99bf5e27b7d68be819962675dfbdb1c55b8e41e4,1,poison_hunter,1.0,Phishing Address
0x99bfb36d5b4c710744139638a371db3faba74fcc,1,poison_hunter,1.0,Phishing Address
0x99d53e1d745726ad3b8fec3c217fa50bf2398215,1,poison_hunter,1.0,Phishing Address
0x99dc8de44804069bd70263a0053901536ad5b31c,1,poison_hunter,1.0,Phishing Address
0x99ec77246c2fdb45b00e5fcece7ddca45d7cd752,1,poison_hunter,1.0,Phishing Address
0x9a08265c32daaacd14e2f369c20aa76ba2822565,1,poison_hunter,1.0,Phishing Address
0x9a124fd83c23b6320c68ffa76eadf5dd3d102112,1,poison_hunter,1.0,Phishing Address
0x9a1425f8d6dc341d0d4d4a53ea6214c3105568f7,1,poison_hunter,1.0,Phishing Address
0x9a180552a467c9d54253e4c20b63572d0701f75e,1,poison_hunter,1.0,Phishing Address
0x9a2314b0d81e5caeb43d2ef2635b9379439b4ffb,1,poison_hunter,1.0,Phishing Address
0x9a332c31e1d2445ca0691cd89b386a003b1e45bf,1,poison_hunter,1.0,Phishing Address
0x9a333d8df6c4286c2b39900e40ec7f803ae645bf,1,poison_hunter,1.0,Phishing Address
0x9a36b9095d241dd4d5b681a137339c9740c05dbc,1,poison_hunter,1.0,Phishing Address
0x9a39e9190c50b439e5d03aef999fc16d0d291c36,1,poison_hunter,1.0,Phishing Address
0x9a4a6d05d2c1c82860e346e9df8b81d266af5553,1,poison_hunter,1.0,Phishing Address
0x9a54efd26e02eb9cfa1ef48b315a6511cbbc6f20,1,poison_hunter,1.0,Phishing Address
0x9a60cdde674a166921dce9f4e962b9643c65537c,1,poison_hunter,1.0,Phishing Address
0x9a72873afe0bad8f0595664aed3eb8a4afa27677,1,poison_hunter,1.0,Phishing Address
0x9a81c2d9c3e67142d367ab1d2a06a4bea7819c80,1,poison_hunter,1.0,Phishing Address
0x9a81d8d404a72beed8f79cdd4d653a1a5abea3b6,1,poison_hunter,1.0,Phishing Address
0x9a9e33755ddcb2fb412205d56d7d58cb3e59c317,1,poison_hunter,1.0,Phishing Address
0x9aa11fba25ba3c869acd2e4907f4309dad4e798f,1,poison_hunter,1.0,Phishing Address
0x9aa14219f564177b0f2c3ad03c3522fb0e96759a,1,poison_hunter,1.0,Phishing Address
0x9aa4892ebd2953f637d9545a9cec62c0973eb3ac,1,poison_hunter,1.0,Phishing Address
0x9ab55115d6edb586bd7ccfbea476a898ce75d37f,1,poison_hunter,1.0,Phishing Address
0x9ac6d49be20fab81c44d4d8dd865dc45c56663cf,1,poison_hunter,1.0,Phishing Address
0x9b060b0e2474be77191cac251cbb4374993b6a48,1,poison_hunter,1.0,Phishing Address
0x9b084ec5c4342197972454d0d47d6900319e0344,1,poison_hunter,1.0,Phishing Address
0x9b09db157aa777feec29509fca96d4b30375cce8,1,poison_hunter,1.0,Phishing Address
0x9b2d79e60c9bce0785da3dc864f94ad910091a14,1,poison_hunter,1.0,Phishing Address
0x9b44b41a09a938ab809009ceab064fb11077368c,1,poison_hunter,1.0,Phishing Address
0x9b4b415656718ad9927cb6038e7f5fed5feef6f1,1,poison_hunter,1.0,Phishing Address
0x9b5c19a179cb75a43f33ff100b1af20b3a708fb8,1,poison_hunter,1.0,Phishing Address
0x9b722eb8c8a681176600a6e318b513599ef2f0cb,1,poison_hunter,1.0,Phishing Address
0x9b727518429e47af82f69fe69df386375d4938af,1,poison_hunter,1.0,Phishing Address
0x9b78f2005429a757947d4f33b19cb06afa5e0439,1,poison_hunter,1.0,Phishing Address
0x9b8e0d38d61288ded7105fd1b7b89f7caca56464,1,poison_hunter,1.0,Phishing Address
0x9b91b6ae7fce41fc0f83d067717024a6cf962d48,1,poison_hunter,1.0,Phishing Address
0x9b93d7bbd22b528711d593d22f28199da449cc72,1,poison_hunter,1.0,Phishing Address
0x9b9c63ed3322814c8235968affac60c6b53ba5a1,1,poison_hunter,1.0,Phishing Address
0x9bbf993c989140822d066784bb3a32dd06af752d,1,poison_hunter,1.0,Phishing Address
0x9bc3181ff1d842d01f2813bd13860fdb1662f2b2,1,poison_hunter,1.0,Phishing Address
0x9bc459bce93103de2d41b2e054390a7181a57df1,1,poison_hunter,1.0,Phishing Address
0x9bc9637b27db9ebb5b16e80d646f4162cf8b71bf,1,poison_hunter,1.0,Phishing Address
0x9bd8855a35a81fa2979ef26b043752a5546d8eae,1,poison_hunter,1.0,Phishing Address
0x9bdd42318bca4e60ffe553c8ffdaf0c968f0e450,1,poison_hunter,1.0,Phishing Address
0x9bdd62bd42234fbbedfad4ff2724c987edba404c,1,poison_hunter,1.0,Phishing Address
0x9be09b9534bbba04d63560c81233fc4df875a310,1,poison_hunter,1.0,Phishing Address
0x9bf51e240cfc663639056b4738dd1f1117fe5a89,1,poison_hunter,1.0,Phishing Address
0x9c1b5aa1749d00dbb89a86e9ef3323383ce4df98,1,poison_hunter,1.0,Phishing Address
0x9c232332faad7f7df8ab2495506a7d452114a869,1,poison_hunter,1.0,Phishing Address
0x9c3064dfde05cc0479db7c268cd3602fa3c578c6,1,poison_hunter,1.0,Phishing Address
0x9c5d4df87b6884f301a86b15731860f5606c1df6,1,poison_hunter,1.0,Phishing Address
0x9c5f107cc79716c9000a6f3769a01211851831f7,1,poison_hunter,1.0,Phishing Address
0x9c853d667ece6b9d357b8936f652cf6352b5e1e8,1,poison_hunter,1.0,Phishing Address
0x9c8909e1f25a86a9804f69b314d170a9b53381b1,1,poison_hunter,1.0,Phishing Address
0x9c8a5ce24c7cb9a546d0dc3d3443866e3ce42869,1,poison_hunter,1.0,Phishing Address
0x9c8c3cb245b95c632f38167eca55284a5acb5d6b,1,poison_hunter,1.0,Phishing Address
0x9c9a768cb39e70c2e273837909b84f16c7ccdaf5,1,poison_hunter,1.0,Phishing Address
0x9c9b8233055883c6666583c3a644744e968edc98,1,poison_hunter,1.0,Phishing Address
0x9c9d1ea8a2d876f06ca38e9bbf9b96973f17fd2e,1,poison_hunter,1.0,Phishing Address
0x9ca4e7bc3542361529ae016c2d5eba7fa32c2f9d,1,poison_hunter,1.0,Phishing Address
0x9caa94978f380a5550c44c1e679febd0dcaab0c1,1,poison_hunter,1.0,Phishing Address
0x9cb81643b29c77378da22cd6bf1a1bad3c774300,1,poison_hunter,1.0,Phishing Address
0x9cb833302cfc78ecc7450af7b6360b5708c0b93a,1,poison_hunter,1.0,Phishing Address
0x9cc0f32844ee6cbb4e5e0f9f13bf2fbbab5d43b7,1,poison_hunter,1.0,Phishing Address
0x9ccf7b68587da07534961c160ce9afb9f9c0549b,1,poison_hunter,1.0,Phishing Address
0x9cd03c88c9c13028782b24a54b7c74b0b59a7091,1,poison_hunter,1.0,Phishing Address
0x9cd623e019fbfa92dd158ef7acec1758032da2c9,1,poison_hunter,1.0,Phishing Address
0x9cdeece474305d9ce91b05877d04dbdea7421779,1,poison_hunter,1.0,Phishing Address
0x9cdf2bb86fbbd954a3c7465045e05507cb0d2283,1,poison_hunter,1.0,Phishing Address
0x9cee3c6b72251262097b222ea13dc06ec80a730c,1,poison_hunter,1.0,Phishing Address
0x9cee88a47866a8bccead0ad4624976bd26cb71ea,1,poison_hunter,1.0,Phishing Address
0x9d04cf74ca2a2a431e213d0b40df12c3d6e3d990,1,poison_hunter,1.0,Phishing Address
0x9d0be63f8727ac1092c69e69a6569f9b4aeb16f0,1,poison_hunter,1.0,Phishing Address
0x9d18820c256149bc9b8bdde1c2ac93ad9a363780,1,poison_hunter,1.0,Phishing Address
0x9d2f680124f78870d971d10f9d026e0706804a11,1,poison_hunter,1.0,Phishing Address
0x9d3ea6362f2c3340b09de4da5378f75246e8ecb7,1,poison_hunter,1.0,Phishing Address
0x9d3fc1e128b77d223f3eda32568b9865ed861293,1,poison_hunter,1.0,Phishing Address
0x9d4abf9b7518348590bf94c631915faac5de9ce1,1,poison_hunter,1.0,Phishing Address
0x9d5282bc308ffe7b81bba01fe3bd3f48b564f78b,1,poison_hunter,1.0,Phishing Address
0x9d5a8a112e9333c20e5e5bdbddd6082cef2c81db,1,poison_hunter,1.0,Phishing Address
0x9d6305d0fff31fed6cdff1ec894a10fd8905e684,1,poison_hunter,1.0,Phishing Address
0x9d6c7c5fc967966950afa1d94ae4473fa4bd9c1a,1,poison_hunter,1.0,Phishing Address
0x9d71158de4c96de1982c4f4e48bf6cd13fdc579f,1,poison_hunter,1.0,Phishing Address
0x9d738a6ef45fcde4e4c461659d7080ff08c18f75,1,poison_hunter,1.0,Phishing Address
0x9d77a3e67ed28637a15e15176091eb9df544c1f5,1,poison_hunter,1.0,Phishing Address
0x9d7ef22bf8303e0d4ea3700e469401139b83904d,1,poison_hunter,1.0,Phishing Address
0x9d80fb978580e65cc0cb94a2242ebf44426512ec,1,poison_hunter,1.0,Phishing Address
0x9d8120d8071fc480fc89fe613d2b66a7fb7d5a04,1,poison_hunter,1.0,Phishing Address
0x9d876a98c17dc60c341c2790c8de8b397f5fc013,1,poison_hunter,1.0,Phishing Address
0x9d8828561a370068b3db365eae8106a47c70f073,1,poison_hunter,1.0,Phishing Address
0x9d8bbb00e0742e0e165f3fc5ed57968cb60635c3,1,poison_hunter,1.0,Phishing Address
0x9d90f993d706f39968be5f65c46d6becccadb184,1,poison_hunter,1.0,Phishing Address
0x9d98143c22cdf00a1846eb89dba5b450a4140bdb,1,poison_hunter,1.0,Phishing Address
0x9d99fd036a5fe1731a776f70f184b752dd57def5,1,poison_hunter,1.0,Phishing Address
0x9d9f358d2425c78c6573f5bf00bbf40d79c2442f,1,poison_hunter,1.0,Phishing Address
0x9dc11a61ff5b2ff93ec1ad4aa16709c9293a0cf9,1,poison_hunter,1.0,Phishing Address
0x9dce6e628cfc92247d29d06864108231ca915f54,1,poison_hunter,1.0,Phishing Address
0x9dd3fb9b8aea36e7133ff9ba0b3abe86fa68be29,1,poison_hunter,1.0,Phishing Address
0x9dd80a2c1c736fdad180c3ea58a48e6cf661622a,1,poison_hunter,1.0,Phishing Address
0x9e0ccb96a417b7f16171452ff68097d551916076,1,poison_hunter,1.0,Phishing Address
0x9e0f17594443d802c9418c6e2637e71da8a7e877,1,poison_hunter,1.0,Phishing Address
0x9e1d11583b7af73100f9d3254d25d7f1fcf9cb33,1,poison_hunter,1.0,Phishing Address
0x9e6f4d7d82324ccc65cf2612e85751aee579c27f,1,poison_hunter,1.0,Phishing Address
0x9e71a2f32fb06d9c058df77077b64f77c71d3420,1,poison_hunter,1.0,Phishing Address
0x9e83cf58405d9e33d5fab9106041bd8b5a5f8c7e,1,poison_hunter,1.0,Phishing Address
0x9e888394470b4e0de96302672ccb4e1c43de3f8d,1,poison_hunter,1.0,Phishing Address
0x9eaaf634e55ce923f61546f428190fbeda7af7c9,1,poison_hunter,1.0,Phishing Address
0x9eac6cfe1ca4f6fde8754f7d26c32068303f3f9d,1,poison_hunter,1.0,Phishing Address
0x9eaf20067111569e075d61673b46920c035ff950,1,poison_hunter,1.0,Phishing Address
0x9eb5f6b45a024487f9865e896d57f96c73f6147e,1,poison_hunter,1.0,Phishing Address
0x9eb8583480600f3501b7641e36c447902b1987ae,1,poison_hunter,1.0,Phishing Address
0x9eba1ce72d1775027736f83ff77d710b7b5fa6ca,1,poison_hunter,1.0,Phishing Address
0x9ebed5317953acaa68bf9c6c6bcb73f0332c4966,1,poison_hunter,1.0,Phishing Address
0x9ebf4a366e06b99afb3dd1a4168b7a15bf2601b4,1,poison_hunter,1.0,Phishing Address
0x9ebfa7425637bbd3bcb12595692e62f9449f0386,1,poison_hunter,1.0,Phishing Address
0x9ec755129774270e193eeef23e0118f812f128f5,1,poison_hunter,1.0,Phishing Address
0x9ed066cafbba733758514fc9087307fa0e4b8772,1,poison_hunter,1.0,Phishing Address
0x9ed18481adcbca286909021d49c8f35cbbca9e72,1,poison_hunter,1.0,Phishing Address
0x9ed8b2fc7934913bdc592641940e5c7726752715,1,poison_hunter,1.0,Phishing Address
0x9ede9b573eebd15559e51a3a465008082fe44ce1,1,poison_hunter,1.0,Phishing Address
0x9ee2b59fc1fd2086fd41b5cda3eae693a4da2d36,1,poison_hunter,1.0,Phishing Address
0x9ef01e3decda133bb169e12c80dd68f3c349aa21,1,poison_hunter,1.0,Phishing Address
0x9efc8a3ec5fed9f7506437c531c9b3cfcc9fd912,1,poison_hunter,1.0,Phishing Address
0x9f10eff0cd19929f14a5c8370c3cd10ff0f046cb,1,poison_hunter,1.0,Phishing Address
0x9f11260cdf237fb316af5924b890ad73cfe9a253,1,poison_hunter,1.0,Phishing Address
0x9f18a14cb563ff820ae09c2bda8d56c3339689ec,1,poison_hunter,1.0,Phishing Address
0x9f1a7a7c0c61912d9569b5590acfe570c9f7fd60,1,poison_hunter,1.0,Phishing Address
0x9f1db4586166d244580b4b3a2144aba46407a44e,1,poison_hunter,1.0,Phishing Address
0x9f52e9c8dc61bc1427dcfad651f61f5c1cf557e2,1,poison_hunter,1.0,Phishing Address
0x9f63cafbee40ae92136032d24f14f6076ae40adb,1,poison_hunter,1.0,Phishing Address
0x9f79ff0d68f39b818c82a98e5f898eac5ed0b8ee,1,poison_hunter,1.0,Phishing Address
0x9f7dab5bc3e7cb9ee4a2267cd0c5c5c613602e97,1,poison_hunter,1.0,Phishing Address
0x9f8b96accd8b02fb5a227736303aebee7d14c477,1,poison_hunter,1.0,Phishing Address
0x9f9a4e2cd41d26452224d25730e90cf0134295ad,1,poison_hunter,1.0,Phishing Address
0x9f9fba64fbbfe4b6faa582c7f94c741d19bba669,1,poison_hunter,1.0,Phishing Address
0x9fae560ea0d9849b1bd5d378a6cd7bb809c2bea6,1,poison_hunter,1.0,Phishing Address
0x9fb13f241755be7fd1a0efa848e31aac26d0a889,1,poison_hunter,1.0,Phishing Address
0x9fbc3cb487a30330ab938157c048af9caa3acc5d,1,poison_hunter,1.0,Phishing Address
0x9fcc58780d8ca5889f9ec5688fbf37a99bd2e7da,1,poison_hunter,1.0,Phishing Address
0x9fd105e780f0c9c2f005fa64d833ab3f83461139,1,poison_hunter,1.0,Phishing Address
0x9fd2b6b0e1c08a69e94eaa9b68b36b5844ad506f,1,poison_hunter,1.0,Phishing Address
0x9fdd72c933203d9a15fb4b216d552c40f82799eb,1,poison_hunter,1.0,Phishing Address
0x9fe890e2ad0e79e9ac058f626536eda2a021545b,1,poison_hunter,1.0,Phishing Address
0x9fec0fd8ab2a31aee76802e3ea2dd1cba1075222,1,poison_hunter,1.0,Phishing Address
0x9fff8c02451c5b07e0f9f1e3a9d829e7e4e5a05c,1,poison_hunter,1.0,Phishing Address
0xa0011330bce65bb1eca7a9e48c84fb406871593c,1,poison_hunter,1.0,Phishing Address
0xa00d75c2babcc7b4e01f815222016b7004c6eb93,1,poison_hunter,1.0,Phishing Address
0xa01325837b3588045afae48f305e6f46542fc96a,1,poison_hunter,1.0,Phishing Address
0xa0182100451d55ceee5f8b10a0786b219c87eaa4,1,poison_hunter,1.0,Phishing Address
0xa01f6fdbb867717d71a3ee2719d7cf13d5b69ccb,1,poison_hunter,1.0,Phishing Address
0xa01f83b219d4efa243717849588551502c029ccb,1,poison_hunter,1.0,Phishing Address
0xa0338c7ae4265ca4fbfbabc65ec1a9e3f876f0ef,1,poison_hunter,1.0,Phishing Address
0xa054269382d850da4a9a3c80745b5fc290e601cd,1,poison_hunter,1.0,Phishing Address
0xa0747b40fbfb4eeef2fbb2778c5153c554989e74,1,poison_hunter,1.0,Phishing Address
0xa0895ed4cbef36700e76dbcad7dd74c0ad487d7e,1,poison_hunter,1.0,Phishing Address
0xa09b83d6f3a0bf17f0b93009aedab41204a25770,1,poison_hunter,1.0,Phishing Address
0xa0a0dc0ac8f7c8a0208518442ad40734e8815e59,1,poison_hunter,1.0,Phishing Address
0xa0a1d6a0a5c595f3b8b670edb29e841ee3397e88,1,poison_hunter,1.0,Phishing Address
0xa0a4c116b198ff2e73274421272cde83f408fd6e,1,poison_hunter,1.0,Phishing Address
0xa0a79e333cd3552022c788811505766a103d5dcc,1,poison_hunter,1.0,Phishing Address
0xa0afc0d5b4a8cab79c1c92683e93979c36e49f75,1,poison_hunter,1.0,Phishing Address
0xa0bd1ddc0ee9fcd465ee0a609451852b1e00b8ed,1,poison_hunter,1.0,Phishing Address
0xa0c057c6171f328e556602a340fffd0332112cd1,1,poison_hunter,1.0,Phishing Address
0xa0c7780cd5205ac547eeb4dac799c0bf086eba02,1,poison_hunter,1.0,Phishing Address
0xa0d2ae5c80eeffb13618420efd35e7dacddadc57,1,poison_hunter,1.0,Phishing Address
0xa0d346f89ad78bd7e2a709bfc6755b31c5b85ffc,1,poison_hunter,1.0,Phishing Address
0xa0ec4c7b6b93cc7acf4964abf322625642af6524,1,poison_hunter,1.0,Phishing Address
0xa1012edd0a1e80ed5039af52af4bc508b452b666,1,poison_hunter,1.0,Phishing Address
0xa1071efbe7751372e2af13d0c92b2c989fd955f1,1,poison_hunter,1.0,Phishing Address
0xa10c6441c01bd9983b777276e2df89921c2ab417,1,poison_hunter,1.0,Phishing Address
0xa10ed18e721b3b7dc6014e7f56c06ecd43a044c1,1,poison_hunter,1.0,Phishing Address
0xa11764fa35c8e9f6775a3bf2319018f1d4d8fb74,1,poison_hunter,1.0,Phishing Address
0xa11f0a91c76a6bec3c5171e77defa198a20d0617,1,poison_hunter,1.0,Phishing Address
0xa1298f78bcf0eff26a34c369137c5178ea702b39,1,poison_hunter,1.0,Phishing Address
0xa12e6c6546c69eeff49f2beb05534eba1aef4709,1,poison_hunter,1.0,Phishing Address
0xa12e82bc858e26245c0c6271455419c8f594174f,1,poison_hunter,1.0,Phishing Address
0xa14ba546d0a06cafa9aacd87c3827b6493f28c0f,1,poison_hunter,1.0,Phishing Address
0xa15563b70940233b85548653e8e55cb9e4c2fbac,1,poison_hunter,1.0,Phishing Address
0xa1575a5d6e7d5c6860c8cec24777f7963287657f,1,poison_hunter,1.0,Phishing Address
0xa170513482675d8d217d93a1c31bd233656eafdf,1,poison_hunter,1.0,Phishing Address
0xa17838fbf7ee37d0792cab402e085b4ebee532ff,1,poison_hunter,1.0,Phishing Address
0xa1823245e50940569613d793f45749c51ad40332,1,poison_hunter,1.0,Phishing Address
0xa183b3d0402d68b577e74cee3cbc36f4d15c1d95,1,poison_hunter,1.0,Phishing Address
0xa1878f708762a5afb962542d4af9b884d7947cfd,1,poison_hunter,1.0,Phishing Address
0xa1af7dd2e397e91c64426925c8d2a6fd050f4152,1,poison_hunter,1.0,Phishing Address
0xa1b87d81aac6846105ca51d518f489752a7f1382,1,poison_hunter,1.0,Phishing Address
0xa1bb46f3253f045b509b813466561ad15a681163,1,poison_hunter,1.0,Phishing Address
0xa1c28cc00399755298ee5da724c165ad4a4da91c,1,poison_hunter,1.0,Phishing Address
0xa1c373c8009d5208b17bf931e076dd2e47765f1b,1,poison_hunter,1.0,Phishing Address
0xa1cbbb723a8a0fab9efa19fe51de96e664ce2ebf,1,poison_hunter,1.0,Phishing Address
0xa1d7c4da7ebeb08c1b0b0670861e577fb830912c,1,poison_hunter,1.0,Phishing Address
0xa1d9d59d63eca4aea69a16a5373c0738d47fcb49,1,poison_hunter,1.0,Phishing Address
0xa1dc0cea11b583c95caf79db68caf7c3461f284b,1,poison_hunter,1.0,Phishing Address
0xa1dcfc6056ab7fdeba2819b49fc9b68a7be2efaa,1,poison_hunter,1.0,Phishing Address
0xa1f6eca616a962cde0554344efafdd87f6ee6734,1,poison_hunter,1.0,Phishing Address
0xa1fc03c79a18cce210a67ef85a0d3745b0f95109,1,poison_hunter,1.0,Phishing Address
0xa1fd01893a5dc39b896d2361a26379259cdf5a71,1,poison_hunter,1.0,Phishing Address
0xa209972bb2767a4e270620215c3c5b350bbad012,1,poison_hunter,1.0,Phishing Address
0xa212d88b0a892aad072cd2fcdbc7ea5ea04fd6fc,1,poison_hunter,1.0,Phishing Address
0xa21831abecaadea0184fdb5c7159110254d13ef8,1,poison_hunter,1.0,Phishing Address
0xa2186323538623fb3f6935a6ef3d9ec574ff1d3c,1,poison_hunter,1.0,Phishing Address
0xa21973b9da7914e50692a08c8b09c3c31eb56649,1,poison_hunter,1.0,Phishing Address
0xa21b8b63a7bc377144e6fc3f065e617f17b6b932,1,poison_hunter,1.0,Phishing Address
0xa21cd93cbb8f3e01ee3f8dc1e34e59f0534d23de,1,poison_hunter,1.0,Phishing Address
0xa22d48064966cebcbfe3a16db42eb8042edc1f85,1,poison_hunter,1.0,Phishing Address
0xa244bbc9c197017b3f764820913f28b58ee105bc,1,poison_hunter,1.0,Phishing Address
0xa2686498a8eefe4eb531cce7ff839df5eb4f4ba2,1,poison_hunter,1.0,Phishing Address
0xa27376a02f7f1d7c0a68f0de3522fa298692a4b2,1,poison_hunter,1.0,Phishing Address
0xa2796855ec09fe05cdbd20a154afa3e5ac89575b,1,poison_hunter,1.0,Phishing Address
0xa285f373262b653d90312e765e6ecff7ce969c92,1,poison_hunter,1.0,Phishing Address
0xa2918d773754b81d5215097750c915508ce725f5,1,poison_hunter,1.0,Phishing Address
0xa2991fcb2d9b315ddb2b458e28c2013686a0f002,1,poison_hunter,1.0,Phishing Address
0xa299c04e1c4b86a2b5178205a3e666bf102a5e1a,1,poison_hunter,1.0,Phishing Address
0xa2c059b0636340c158297bfa394c9e8610ca3b3b,1,poison_hunter,1.0,Phishing Address
0xa2c8b1ab410b4061728449c315d897e9b2736265,1,poison_hunter,1.0,Phishing Address
0xa2d6afc51d1baf5a19c4aba536aefc0aee380ae2,1,poison_hunter,1.0,Phishing Address
0xa2e36d8d3ea6ec44a50acdacd9c368bfd4b2e12c,1,poison_hunter,1.0,Phishing Address
0xa2e6392ce039f10a3c7008cbad6c86a94dc409dd,1,poison_hunter,1.0,Phishing Address
0xa2eb9f09279bdec76f7c17f782ffa3f8b3a874a8,1,poison_hunter,1.0,Phishing Address
0xa30795c39cecf6ffc583714d8c516d54cf148730,1,poison_hunter,1.0,Phishing Address
0xa311fda6b43561ca5f33936143db64c38a63c101,1,poison_hunter,1.0,Phishing Address
0xa3273e880ec1d05cd65177419d6821b49fd4d2ef,1,poison_hunter,1.0,Phishing Address
0xa334c8d57260c73f2ca86f49d0b9c77922621f56,1,poison_hunter,1.0,Phishing Address
0xa339e28b3e647d0c09e7837f0a3a7f6dafc86468,1,poison_hunter,1.0,Phishing Address
0xa350b72340e51585af6a9d01a5515c587f4055ae,1,poison_hunter,1.0,Phishing Address
0xa35a010ba39de1af83aa0fbc0edfc8a904a73325,1,poison_hunter,1.0,Phishing Address
0xa35ff3db6a67913104c436389ba5bd0eba2b21f1,1,poison_hunter,1.0,Phishing Address
0xa3640abbdc228d84d743df6d9bfe400c74149cf5,1,poison_hunter,1.0,Phishing Address
0xa3683971652bf64898990bbc87cd71075c861fe5,1,poison_hunter,1.0,Phishing Address
0xa36d2dd8f9330fec87de843efef25c35dfc21e45,1,poison_hunter,1.0,Phishing Address
0xa376c37b14d42a31efcb0f69acaf85d18397431b,1,poison_hunter,1.0,Phishing Address
0xa38d3f4721926343b9d7a6d904ef2c9670048075,1,poison_hunter,1.0,Phishing Address
0xa39c2350b5c43a17c2cc5c917dd3cf073071126f,1,poison_hunter,1.0,Phishing Address
0xa3a7482f777de3bbd1747f8efa98d906e3b8c90e,1,poison_hunter,1.0,Phishing Address
0xa3aa216082bfbcd7e6f42f0b65ce88fcff62de07,1,poison_hunter,1.0,Phishing Address
0xa3b133cdc2637a9ec0ebe3987a6c89cf22bd2f41,1,poison_hunter,1.0,Phishing Address
0xa3bf1b3c00ac832797ca4a4a139cfab74ac80128,1,poison_hunter,1.0,Phishing Address
0xa3c72dd7d65bbd929985d80ecdeb597f8608e90c,1,poison_hunter,1.0,Phishing Address
0xa3dff6a1aa47221bf3de1a6e54950ee2519f694e,1,poison_hunter,1.0,Phishing Address
0xa3e0e90eecac81f2136142261d2ef89874986630,1,poison_hunter,1.0,Phishing Address
0xa3e7fce299a54b4da0f6f7a31fee7e48ed2a1186,1,poison_hunter,1.0,Phishing Address
0xa3f0e9e062e890cedb50960e0336c6a7cce09a12,1,poison_hunter,1.0,Phishing Address
0xa3fada6afc718d299a62b8f1625b8edef6ae4b74,1,poison_hunter,1.0,Phishing Address
0xa3fb2e0cfc9c11dd546d01f932d780d3d9e3f780,1,poison_hunter,1.0,Phishing Address
0xa405baa4aea5f6722ade0d1af22772cb365a5c39,1,poison_hunter,1.0,Phishing Address
0xa4190400f8fe386ddac6aa7eaea650748a024f77,1,poison_hunter,1.0,Phishing Address
0xa41de8e3b2b179211611c8ffd69fdfe8b561d84c,1,poison_hunter,1.0,Phishing Address
0xa41e9be3091dfb689b951ed19232d79dfa334286,1,poison_hunter,1.0,Phishing Address
0xa423cd8fe1231473c2ad94b4b6ba98f22889b78f,1,poison_hunter,1.0,Phishing Address
0xa42a224c0fb10d5d4d9092612cfd19e3fc1b626d,1,poison_hunter,1.0,Phishing Address
0xa42e258ea69471c5a273c506de373ac94d7d1fea,1,poison_hunter,1.0,Phishing Address
0xa436be1bd25e0fc1c05e2f0adf433c835a149d5a,1,poison_hunter,1.0,Phishing Address
0xa4478d1881980365590df79012f4f82a97bcf41b,1,poison_hunter,1.0,Phishing Address
0xa4503546dc0ebffbf0e70cc39d607a2d642389ac,1,poison_hunter,1.0,Phishing Address
0xa45aafd8e42b4b600198104cb5578a6b6ce2f8e0,1,poison_hunter,1.0,Phishing Address
0xa466977873d27c8e4b85462b198c8ea26b85e12c,1,poison_hunter,1.0,Phishing Address
0xa467ea31be6426b5b2b7ab36d43cf3a70c645c06,1,poison_hunter,1.0,Phishing Address
0xa47270033fd2c10767e7182f073caa898df2d842,1,poison_hunter,1.0,Phishing Address
0xa4771b1ca8314d2b72f6f55e40100e871af73c2f,1,poison_hunter,1.0,Phishing Address
0xa4817fc79b8fc66fd60cf6e4f15bf88ab37ddacc,1,poison_hunter,1.0,Phishing Address
0xa48d11a6dcb0db7a2fb55cf85d5045e1bcb869ff,1,poison_hunter,1.0,Phishing Address
0xa4a61c589b87dbce1b181bd02d76f7a19002a1aa,1,poison_hunter,1.0,Phishing Address
0xa4b37ee24f62495cf0ebfee14276017fbd5e84f0,1,poison_hunter,1.0,Phishing Address
0xa4be1b0eee006da42d0dbbb20dbd6126665e5e01,1,poison_hunter,1.0,Phishing Address
0xa4bf642c923a5a6b775fa5f1c3889b85eecb729b,1,poison_hunter,1.0,Phishing Address
0xa4c58be6f9b4b2c49906ffad12a132cd83464e3d,1,poison_hunter,1.0,Phishing Address
0xa4e12e2ceb2146aa3e73ec4f2332a65ac4a23234,1,poison_hunter,1.0,Phishing Address
0xa4e92343a93fb55d70d07f46d1d473f19a79bee5,1,poison_hunter,1.0,Phishing Address
0xa4f3793b495d866ea9b5ec0f5c45e8fec347bb72,1,poison_hunter,1.0,Phishing Address
0xa4f68af951a923e456341e215da010c39f9541c1,1,poison_hunter,1.0,Phishing Address
0xa500836815db8b5ee69ee064884c47d1db9d96ff,1,poison_hunter,1.0,Phishing Address
0xa504c1c5d5805141b122260340fe720e2525615a,1,poison_hunter,1.0,Phishing Address
0xa508973dadd21918bfe83883e4d8d017e3ca7083,1,poison_hunter,1.0,Phishing Address
0xa50d3994755b6d4eeffd5dedb0927594d57a6c19,1,poison_hunter,1.0,Phishing Address
0xa50f38e42fb142bf08783cbc827132d590be86cf,1,poison_hunter,1.0,Phishing Address
0xa5132d1c5015e9d8e5c2f2a59cd0e811ae008837,1,poison_hunter,1.0,Phishing Address
0xa5199df9a009839235273fb1e52e3614974a723d,1,poison_hunter,1.0,Phishing Address
0xa51df00d0019247796d9e94092435378054e45f3,1,poison_hunter,1.0,Phishing Address
0xa524bd10e8ed1e1a76128d55542bfbbb073cdbde,1,poison_hunter,1.0,Phishing Address
0xa526b573618ec9fa711977b820671fa863ba8d15,1,poison_hunter,1.0,Phishing Address
0xa527242cb5b46fe45a527ba6ed51fe814940bbb5,1,poison_hunter,1.0,Phishing Address
0xa5277caba5745c023a5e6d0c7d60ef50eb07c85a,1,poison_hunter,1.0,Phishing Address
0xa52a8c4d685f989a29ae3b85df8cab362e3c0b3d,1,poison_hunter,1.0,Phishing Address
0xa53015761d5df61d329c8961805501e8a7305682,1,poison_hunter,1.0,Phishing Address
0xa537052599e9e1b8855bf2b23351a4f8982ccebc,1,poison_hunter,1.0,Phishing Address
0xa53e470bcf6ac8d3615e7bf5b0af1a911c1494d0,1,poison_hunter,1.0,Phishing Address
0xa54048f235cbb8c9254e088f634afe42720d0304,1,poison_hunter,1.0,Phishing Address
0xa5430fc471c5f14c25fa9240ae59cfadd102d92e,1,poison_hunter,1.0,Phishing Address
0xa55c9b6c32c8e44bbf6bd64582d8d6113d77ab99,1,poison_hunter,1.0,Phishing Address
0xa56680c0e03fc041830603e918eb3ed0b058fb74,1,poison_hunter,1.0,Phishing Address
0xa56a9a233f6aabe5b63ae101cc35ccaa6816cf26,1,poison_hunter,1.0,Phishing Address
0xa57f8fc14609795c729244104986586547b1a04d,1,poison_hunter,1.0,Phishing Address
0xa597397dbb7447bc18ce0f61c61982aa310f76ed,1,poison_hunter,1.0,Phishing Address
0xa59f4e8a9a7a030ae61c3d6a6c3089494ca9d1f6,1,poison_hunter,1.0,Phishing Address
0xa5ac63ffc086328afd3776f87f677fbcc84f2ee7,1,poison_hunter,1.0,Phishing Address
0xa5e927f35136e84f377638ceeb3be2a1aa3c4666,1,poison_hunter,1.0,Phishing Address
0xa5f748e0b3bb655e408dc3b37111753dadac8b6d,1,poison_hunter,1.0,Phishing Address
0xa6202c5424c560e569abb1ea7744b9d69e4a7bf0,1,poison_hunter,1.0,Phishing Address
0xa622dbc4d1375524f40c8cbc43af7348b9a2fe95,1,poison_hunter,1.0,Phishing Address
0xa628a44bd69ebf816ec4fb57c09e164f4d584664,1,poison_hunter,1.0,Phishing Address
0xa62cbfbe76bed7a3817dec5277eaed66694cf155,1,poison_hunter,1.0,Phishing Address
0xa644671032cc8131bef2ffe0ce3136457c33bd46,1,poison_hunter,1.0,Phishing Address
0xa64ab856501b9a897dd99c0abbdc7e9b415adb58,1,poison_hunter,1.0,Phishing Address
0xa65169c9b07c1ddd35d65f8bfddb87262e3859a2,1,poison_hunter,1.0,Phishing Address
0xa666aaedf031a4de7b1ea22fcd3a22a4a59e0c4c,1,poison_hunter,1.0,Phishing Address
0xa66cfaee0d583733b45867ce131dc493929b5744,1,poison_hunter,1.0,Phishing Address
0xa67290466df1daf8ef628bb91f83c5376e7166e9,1,poison_hunter,1.0,Phishing Address
0xa6751c39ce9faea20a484e235334891a67f986d1,1,poison_hunter,1.0,Phishing Address
0xa675a8c91a7619485ebc7e618798fb6563eeb627,1,poison_hunter,1.0,Phishing Address
0xa685283e9f5895390cdf1bce118571d44787d752,1,poison_hunter,1.0,Phishing Address
0xa68c1ddc69ebf8342086d012ecc498859afdfde2,1,poison_hunter,1.0,Phishing Address
0xa696e1706f29df5926975eb6310d5fa07b6f91c7,1,poison_hunter,1.0,Phishing Address
0xa6a6082ebc9da506c45b6d82713a19e853b51077,1,poison_hunter,1.0,Phishing Address
0xa6cdc4b77e2d9a8be08315573619640296291d5b,1,poison_hunter,1.0,Phishing Address
0xa6ce82c504e84eb8eeec70e6d34b9acb6ed4b0fd,1,poison_hunter,1.0,Phishing Address
0xa6cfce3c76c0c4497aa0ceed4b06143729ff4e39,1,poison_hunter,1.0,Phishing Address
0xa6e5389a18dfacbb3ade19dbc7839f713f433a3c,1,poison_hunter,1.0,Phishing Address
0xa6e8845066738fc8bf16a91980f882f33274152e,1,poison_hunter,1.0,Phishing Address
0xa6ec1a18de9a04b9d85bd68afd39cb0db60b7c98,1,poison_hunter,1.0,Phishing Address
0xa6fc65a503ecb21049f1fbf1220d20404c6685aa,1,poison_hunter,1.0,Phishing Address
0xa70447e15403bcc320404093846bef0f71610147,1,poison_hunter,1.0,Phishing Address
0xa70567e9f2e78f064f4a41ba29399772a6bcbac9,1,poison_hunter,1.0,Phishing Address
0xa7127316fad002f6f3b7c7b2afdb7d2a650f255b,1,poison_hunter,1.0,Phishing Address
0xa71436967c26d9fb929f57403895a0738e7f3780,1,poison_hunter,1.0,Phishing Address
0xa7268483704b18b24abdb8c8f52f0d46ca98e9d1,1,poison_hunter,1.0,Phishing Address
0xa72bc01617ba44cb45392ce8b66452781b574bb4,1,poison_hunter,1.0,Phishing Address
0xa743d563090490a7b77f7e39f1dd282c2b6bbf5a,1,poison_hunter,1.0,Phishing Address
0xa74fa5bffb29d902c5d163c3bf19f0fb80b9db89,1,poison_hunter,1.0,Phishing Address
0xa76ad38ab39b004ecb133db1248cf916fc77002a,1,poison_hunter,1.0,Phishing Address
0xa77af3541da27bf0b051e0e5222ed388c32cdc29,1,poison_hunter,1.0,Phishing Address
0xa77f522891cd15c3ee278462be87d908ce2cfc7f,1,poison_hunter,1.0,Phishing Address
0xa78234d8ed48e468cf40c2ccc763676336fc9c9c,1,poison_hunter,1.0,Phishing Address
0xa783f812ab0ce9cf0d850da698cf309ccef2e1fd,1,poison_hunter,1.0,Phishing Address
0xa78726f69a8ddf98e9adaea2bb62e1eba1b5ec6a,1,poison_hunter,1.0,Phishing Address
0xa78a89baf88e59d4b7632503454a6c8aba1e363f,1,poison_hunter,1.0,Phishing Address
0xa78e7c5ecf9e98e5158379269691c8ca6a82adb7,1,poison_hunter,1.0,Phishing Address
0xa799190ca3ad1bb59b89a125ec0d9f008e9978f2,1,poison_hunter,1.0,Phishing Address
0xa7a5a67ca04cb84346e798dd1244fabae96f8446,1,poison_hunter,1.0,Phishing Address
0xa7b324696e5ea807727e7fce56eddc208718eba8,1,poison_hunter,1.0,Phishing Address
0xa7b7f35504a4735b8588ea7cd679bfdff27c4f86,1,poison_hunter,1.0,Phishing Address
0xa7c31241feea059f9ebd0a5a6e20753fc9f48139,1,poison_hunter,1.0,Phishing Address
0xa7cb7d4e7e01e4eba3339fd104e65d363a553982,1,poison_hunter,1.0,Phishing Address
0xa7cd72d2e48d4a40b230874f513fecd53db52a25,1,poison_hunter,1.0,Phishing Address
0xa7cfbea4d6d22267a13b39a4630e24ad0d7bb15e,1,poison_hunter,1.0,Phishing Address
0xa7d688fcb6a956ad4282c7e11978d0a647120919,1,poison_hunter,1.0,Phishing Address
0xa7dc482e23d7ca9df24a623e673b807273bc5ed8,1,poison_hunter,1.0,Phishing Address
0xa7e9c7aec425a54544886d38f8b169eb14417da1,1,poison_hunter,1.0,Phishing Address
0xa7f4b6dd454f5228fc05f1c2913a7acc161ec4ed,1,poison_hunter,1.0,Phishing Address
0xa8201a36e97db9289b28f75dfcbdefe000994488,1,poison_hunter,1.0,Phishing Address
0xa8328ccf97747de2f8067cd799707fceb55ec09b,1,poison_hunter,1.0,Phishing Address
0xa83ba50a4ba8c241f7a6068770ba8da60333c09b,1,poison_hunter,1.0,Phishing Address
0xa846bac4d44305c75f799dbe646312643ae40128,1,poison_hunter,1.0,Phishing Address
0xa846bac64e3504f3259c03b8774d143edce40128,1,poison_hunter,1.0,Phishing Address
0xa85a321384eb0342ad10b8566d81069453edd752,1,poison_hunter,1.0,Phishing Address
0xa85bbc0d8f3b89eb1c3978dc5a98fad192b18c1e,1,poison_hunter,1.0,Phishing Address
0xa86ab096850b2e4b42e9f822027ce27c32f5329c,1,poison_hunter,1.0,Phishing Address
0xa87dccc563bf4baac299271d47cd88005d8c0aaf,1,poison_hunter,1.0,Phishing Address
0xa88902d631f05ff74156522aa8537324d5c90224,1,poison_hunter,1.0,Phishing Address
0xa8937c7a6779960f372912148a0ec6249c2aadd4,1,poison_hunter,1.0,Phishing Address
0xa89da85c46e596334acb50e3c7b8ff0435fc048a,1,poison_hunter,1.0,Phishing Address
0xa8a964ef34da203a550ff0c85ef0e5db1724ffbb,1,poison_hunter,1.0,Phishing Address
0xa8b059cdefe56c4d0050bffa01114554c8a9a230,1,poison_hunter,1.0,Phishing Address
0xa8b3a79a703117c15916a2eebb807c035823f474,1,poison_hunter,1.0,Phishing Address
0xa8b877a5ca2bc83ef35159638577b080e03e2b92,1,poison_hunter,1.0,Phishing Address
0xa8c19dc7ac01de1ef7e9b0a7c41e783408b76ece,1,poison_hunter,1.0,Phishing Address
0xa8c4dfcd0c189be234890ebc9ef562de3d3d9c09,1,poison_hunter,1.0,Phishing Address
0xa8cc4f07ee42f06793f5377b224a7a3895e7e743,1,poison_hunter,1.0,Phishing Address
0xa8e19d6650c33079fe327664dfc0f4dfb0de6ce7,1,poison_hunter,1.0,Phishing Address
0xa8f0e63bc88d6d6bac9fb1e345b5d6ed6a2802d6,1,poison_hunter,1.0,Phishing Address
0xa8fd247dbb3339913d164860038c65b8df1207e4,1,poison_hunter,1.0,Phishing Address
0xa8fd282f91a6269a2805f253c7396ea1cc29d61b,1,poison_hunter,1.0,Phishing Address
0xa90b3998e6adf66b5194a0f6efca6f565fb605a3,1,poison_hunter,1.0,Phishing Address
0xa9239ac1e1092dc549f93ea06d8802b1377b2175,1,poison_hunter,1.0,Phishing Address
0xa9290927e83b6cfc81b20bba8bcf6f1876bec2c8,1,poison_hunter,1.0,Phishing Address
0xa93576146cedf5cef16d2162538a3c15a4e84297,1,poison_hunter,1.0,Phishing Address
0xa93927cf12355caf2f57667b18f1264eaaa12b38,1,poison_hunter,1.0,Phishing Address
0xa94532b375e4df84e5c01856dc2b7c9977678e47,1,poison_hunter,1.0,Phishing Address
0xa94725d029f01f4ecf269514b1e127e4c8bdfdcd,1,poison_hunter,1.0,Phishing Address
0xa94ccd25b1d33764d5b9e5c797c2ddeb73a1c98e,1,poison_hunter,1.0,Phishing Address
0xa95115e6f4af6f686fea48e1fcff6855035468e2,1,poison_hunter,1.0,Phishing Address
0xa97de2622d86c0f3a6df0a0ba7ed8b25af8f9c1b,1,poison_hunter,1.0,Phishing Address
0xa99eae97415194ceec1c4e04787aba60077b68b6,1,poison_hunter,1.0,Phishing Address
0xa9a05616e6b1da975c5b0da28dc872eaaca00cf7,1,poison_hunter,1.0,Phishing Address
0xa9a0c266a36758622fdd6d3d14b8fcbb7502b452,1,poison_hunter,1.0,Phishing Address
0xa9a86443e0f5fd12d6e8e37ab142d98bf168d974,1,poison_hunter,1.0,Phishing Address
0xa9b63b50bd5083d23e899815cb678b15f1cc2857,1,poison_hunter,1.0,Phishing Address
0xa9b8653f6aa2fdfec17a506bf9290edaeb77db4b,1,poison_hunter,1.0,Phishing Address
0xa9bad25718408daa36ef37c9310a5080aac9f23c,1,poison_hunter,1.0,Phishing Address
0xa9c60ca3e1e44783a4a3732f744e4bc19e4b84a2,1,poison_hunter,1.0,Phishing Address
0xa9d3b3abb7b0d444710fe947dd66540ec8ccf90b,1,poison_hunter,1.0,Phishing Address
0xa9d41fabdfdd15e4bd5ddbebfb2b1af2f4ff84f5,1,poison_hunter,1.0,Phishing Address
0xa9db97237f313687336fbd92b4d225fef5c7be1d,1,poison_hunter,1.0,Phishing Address
0xa9dc917519d74e252351d1f54a3265248598b0e4,1,poison_hunter,1.0,Phishing Address
0xa9e414997505cf50ad012eec682f51bd1e9adf5c,1,poison_hunter,1.0,Phishing Address
0xa9e591dee09ec066f1314764e1210712cc576efe,1,poison_hunter,1.0,Phishing Address
0xa9ead522df17f62cc507a91c3dd822909efd4363,1,poison_hunter,1.0,Phishing Address
0xa9f85ae8bf0a8a07496bd546ca7b3db5e13a4a8f,1,poison_hunter,1.0,Phishing Address
0xaa1338f36acd38ee4ae575327a20214ea3e3cff0,1,poison_hunter,1.0,Phishing Address
0xaa298992bfd39295e75b69427b6aff97cc86f67c,1,poison_hunter,1.0,Phishing Address
0xaa441fe6d548209e0dbf399966a19b80a6ba22d3,1,poison_hunter,1.0,Phishing Address
0xaa5722ec4be572504e960b1885161cffa6d2ec9f,1,poison_hunter,1.0,Phishing Address
0xaa5f8234f9c94ddfef5e39ff6bbb67d3c74a2223,1,poison_hunter,1.0,Phishing Address
0xaa60013fa2a79cabba103322b34ad6923b3a7605,1,poison_hunter,1.0,Phishing Address
0xaa66558372f214cec7b9a4f696cab13ca75739ea,1,poison_hunter,1.0,Phishing Address
0xaa77552f86f28039bd6b51630282d5b5f50a5763,1,poison_hunter,1.0,Phishing Address
0xaa7869a5cb971c06397b759c2cc301812a01a541,1,poison_hunter,1.0,Phishing Address
0xaa8da43860100db49d026dc990a9b3577602c3e9,1,poison_hunter,1.0,Phishing Address
0xaa913a316fe65a6f1eda7d235837c6045f1662f2,1,poison_hunter,1.0,Phishing Address
0xaaa27b61ccc78a031f126a55455ca50444826e3e,1,poison_hunter,1.0,Phishing Address
0xaaaeb2183b183c40505f680c0f713470bbc56a10,1,poison_hunter,1.0,Phishing Address
0xaabc2e7e5547f0fb18917e9b748211a7e078ced2,1,poison_hunter,1.0,Phishing Address
0xaac7bd5f6c81eba6c287abe06027867abd9dd7ee,1,poison_hunter,1.0,Phishing Address
0xaaca1c6241352650f34c7f0b8464c733cf78f89d,1,poison_hunter,1.0,Phishing Address
0xaad5ae975025003c16a87889e73ed4c8408d34d3,1,poison_hunter,1.0,Phishing Address
0xaae16c071128d9cc7026867c4b3fd945a14389ae,1,poison_hunter,1.0,Phishing Address
0xab1b624e52988843258ec0c843adc66c69ce5424,1,poison_hunter,1.0,Phishing Address
0xab1c869c492bc9a761e849906046eb203bc55b46,1,poison_hunter,1.0,Phishing Address
0xab1d3416107a75d019a7a688547e38c868de6d9a,1,poison_hunter,1.0,Phishing Address
0xab29671b74fd712e42fb3f5673723ed29e02e4db,1,poison_hunter,1.0,Phishing Address
0xab3a23caa6ba87bfd205639705677bed9de88378,1,poison_hunter,1.0,Phishing Address
0xab4c1868b102dc291ec3e184751e0452b9c9be05,1,poison_hunter,1.0,Phishing Address
0xab547ad6c3f4450088939d7b846b3d8cfdc95ebd,1,poison_hunter,1.0,Phishing Address
0xab5558fc35aefb440221d060fde6e7874e74e512,1,poison_hunter,1.0,Phishing Address
0xab568fd86700e62e2a3ee3f955d2f3892d6f23fc,1,poison_hunter,1.0,Phishing Address
0xab815978f2e0af7785056f45497bf583eea029fa,1,poison_hunter,1.0,Phishing Address
0xab94d81ee6cbdea2d7b36173384803c0aed3ad29,1,poison_hunter,1.0,Phishing Address
0xab9cb91c2175443455727301cc08af246030746c,1,poison_hunter,1.0,Phishing Address
0xaba5cb5a41a426c0ef842367df433e03f364af7c,1,poison_hunter,1.0,Phishing Address
0xaba65e482258ddf31ed8cda6e512fc622d1fa57c,1,poison_hunter,1.0,Phishing Address
0xabb223134a7294fe99be8bf2fb7b5bf113d5986d,1,poison_hunter,1.0,Phishing Address
0xabdf916f5696fdcf5ff10fc0496483ad17e94ad8,1,poison_hunter,1.0,Phishing Address
0xabe303811c7a5292f09b0718f9aaf1a795e9e871,1,poison_hunter,1.0,Phishing Address
0xabe6c8019fd16265477b31279cc00c72206ed620,1,poison_hunter,1.0,Phishing Address
0xabeaeda9ce8dfef2bd7f5ea51a43592442509693,1,poison_hunter,1.0,Phishing Address
0xabeda82d77e8b2f13bb8edc171b8293ea5ee270b,1,poison_hunter,1.0,Phishing Address
0xabf84b08f42b6dbd983e569f26bcc3dd61828546,1,poison_hunter,1.0,Phishing Address
0xabffae9b8ae42bd18125b4733daac8a8e3c4021b,1,poison_hunter,1.0,Phishing Address
0xac00d0b78826ac489538b0c4ab47553bdc015801,1,poison_hunter,1.0,Phishing Address
0xac0ba9b6092c89359bab299bb044151cce868b7b,1,poison_hunter,1.0,Phishing Address
0xac0fe23b2f13533c812a2a588781911a679ab5c2,1,poison_hunter,1.0,Phishing Address
0xac1f9033e4aeadb5c37e5d92dda1b2450836c793,1,poison_hunter,1.0,Phishing Address
0xac237c34bb00f39ddb71c3b014467c94c2cde33f,1,poison_hunter,1.0,Phishing Address
0xac26165754a2741eb2c5b771e90f140f76f1a577,1,poison_hunter,1.0,Phishing Address
0xac338d9fc9d34fb9ccd53f026d83d2b544e2698a,1,poison_hunter,1.0,Phishing Address
0xac34ec64f819f78d417d90e470ed97fce66e8e67,1,poison_hunter,1.0,Phishing Address
0xac4b548a0306edec5668b90cf0b7dc23078ef89b,1,poison_hunter,1.0,Phishing Address
0xac4b7e526b77cf216096a9a505a6a4bb3e60c442,1,poison_hunter,1.0,Phishing Address
0xac6a57998310c3d1571d19dbbbea7a59c5a38ed6,1,poison_hunter,1.0,Phishing Address
0xac6f53e6197048e3b0273ad48badc17810f25fb8,1,poison_hunter,1.0,Phishing Address
0xac710cec83183dab73c2bbf1c7ed9cb12b49c919,1,poison_hunter,1.0,Phishing Address
0xac7729b9d96ccd55a69f745e96a0a72bd59099e3,1,poison_hunter,1.0,Phishing Address
0xac88c45614e60b25f778c936b747b15bc7c4933a,1,poison_hunter,1.0,Phishing Address
0xac95050ffaf5ef301c087d5295985075d1a4ab04,1,poison_hunter,1.0,Phishing Address
0xaca096d2e1f216ce032ea6327f9bd26bfac72dd4,1,poison_hunter,1.0,Phishing Address
0xaca0a93bb985e0930164f79e4afc61b3411dacfd,1,poison_hunter,1.0,Phishing Address
0xaca2717a4cf6c00d39d107e8172babf744685892,1,poison_hunter,1.0,Phishing Address
0xacaf7be724fec54b9cfd47d747cce946b243be67,1,poison_hunter,1.0,Phishing Address
0xacc35d600a1a57e05d582bb08051994b6336e234,1,poison_hunter,1.0,Phishing Address
0xacc544481365d68c399ccdc9663bceae608d53f9,1,poison_hunter,1.0,Phishing Address
0xacda2082a89560fdc5efd856a29e21366b2dc315,1,poison_hunter,1.0,Phishing Address
0xacedeff44e9b9d90b69078c5b34db101272b5665,1,poison_hunter,1.0,Phishing Address
0xacf8ede985321715c02f80a971d27f07aa016142,1,poison_hunter,1.0,Phishing Address
0xad213450fc932d0947ba1eaaa8bb3dc62acad420,1,poison_hunter,1.0,Phishing Address
0xad269efd92e5ef4b72e56f14b3bd410af408e44b,1,poison_hunter,1.0,Phishing Address
0xad39d8b054925df8311b082ef0c76ea1a6bfc185,1,poison_hunter,1.0,Phishing Address
0xad3b170754822dda0912fab9b055451d57add11e,1,poison_hunter,1.0,Phishing Address
0xad3e5621898240b2d6a2ec67bfc0fdfd3204645a,1,poison_hunter,1.0,Phishing Address
0xad3fde00531702ecc9de79fef3e9fc23c52fb535,1,poison_hunter,1.0,Phishing Address
0xad4a6dfdb78c30a62699463e6d74796971484f0b,1,poison_hunter,1.0,Phishing Address
0xad4b385eff0f39326fd6f162b8c1625b0f5756a1,1,poison_hunter,1.0,Phishing Address
0xad55539499759264643dd9f91a926b16b8e44e79,1,poison_hunter,1.0,Phishing Address
0xad567877c8cb26a597f1f1f02d2a8a5a4270dd71,1,poison_hunter,1.0,Phishing Address
0xad5d32afb64f553f572308be6d7d7e3f4f8c0e3d,1,poison_hunter,1.0,Phishing Address
0xad90ad1cdb86ea6c76b896a5e9c8189d815f386f,1,poison_hunter,1.0,Phishing Address
0xad9ee0eabad2dcd7224eea3321911cfda2cff774,1,poison_hunter,1.0,Phishing Address
0xada1b9a530d6dd55f0cd094731b79278b86890c7,1,poison_hunter,1.0,Phishing Address
0xadad6117911dda209d2d14058283871830a879e8,1,poison_hunter,1.0,Phishing Address
0xadbc44664cca06ba1e2f6ba805bf282f283071cc,1,poison_hunter,1.0,Phishing Address
0xadea9d4e3a7dd33ca5af34ab401cfa93418a448f,1,poison_hunter,1.0,Phishing Address
0xae1bac9e74caa3f21b9b380070095d6604712ba1,1,poison_hunter,1.0,Phishing Address
0xae22769f34bc8a8a1496af8e74976bafb61af756,1,poison_hunter,1.0,Phishing Address
0xae22ff73346c7ec665978cfb30d518cef9b3f756,1,poison_hunter,1.0,Phishing Address
0xae326ff588388c2d39edd7077e5b484d5847b122,1,poison_hunter,1.0,Phishing Address
0xae3c8629f736a6a6cb000b13d298acef0fcd3fe1,1,poison_hunter,1.0,Phishing Address
0xae45ea04143ed22021a966129cdff380933b1aed,1,poison_hunter,1.0,Phishing Address
0xae4978c06fcd4c01ca35ac78807010702532e9ac,1,poison_hunter,1.0,Phishing Address
0xae4aa640753dccec741d48f5f3d2ba6edd54b27b,1,poison_hunter,1.0,Phishing Address
0xae54d49ab8f5dd73aa52808d02bca22c55544cf2,1,poison_hunter,1.0,Phishing Address
0xae5c8c23f6b6164e0c23d2a8404d24bda71188e5,1,poison_hunter,1.0,Phishing Address
0xae6341756790e4e1a65c5dcb4ac80ea3dcbee4cb,1,poison_hunter,1.0,Phishing Address
0xae691ce25fb59d4fc8b7b2a96240003fd98d295d,1,poison_hunter,1.0,Phishing Address
0xae99be35fefd661cae33047898d192eb4c59b084,1,poison_hunter,1.0,Phishing Address
0xae9dcd8b00d49de6bd00e1c75191a46b578bb70a,1,poison_hunter,1.0,Phishing Address
0xaeac3b4f1bcff5a1757c6f745eb697c390ddb7ed,1,poison_hunter,1.0,Phishing Address
0xaeae8584043c45b6598da4059d616f66d3d7bf37,1,poison_hunter,1.0,Phishing Address
0xaeb30049cdb2aaaca49e80e2376aaf9d8c27ea94,1,poison_hunter,1.0,Phishing Address
0xaeb70d4dbfbd3a7f859c7916156efdbffbbbf093,1,poison_hunter,1.0,Phishing Address
0xaece28ed673fc8bd4acd215e57fd8baabd58242b,1,poison_hunter,1.0,Phishing Address
0xaeda9a22d5cc017edc992751354d92333210f17c,1,poison_hunter,1.0,Phishing Address
0xaee1cd51630fffa97aaf0d37f4c8c16f562c2caf,1,poison_hunter,1.0,Phishing Address
0xaee75446ea9413489d9da2092b7f1ae2e996e061,1,poison_hunter,1.0,Phishing Address
0xaef820b8f08a7de344280e3ff409fd730ad4c26a,1,poison_hunter,1.0,Phishing Address
0xaf05d5e954e76684104c92a4f69a3f8bba0386b1,1,poison_hunter,1.0,Phishing Address
0xaf0ad3c7323db5e6596779c24162b87897a7df65,1,poison_hunter,1.0,Phishing Address
0xaf0d2b9f126f921fa16b334a6be2fa9b3cf3ef2a,1,poison_hunter,1.0,Phishing Address
0xaf0fcac6f1f66403d6b5e4155d36eb9f2a1d20aa,1,poison_hunter,1.0,Phishing Address
0xaf1069de9af3396e1f889f1a4494a7e4c8466714,1,poison_hunter,1.0,Phishing Address
0xaf1286fa611cbde3276ef0bb5fa766abb3149f6d,1,poison_hunter,1.0,Phishing Address
0xaf22b335362cdb6a7d6639d94a30699307cade97,1,poison_hunter,1.0,Phishing Address
0xaf34d22cd430225e264517e8e74b8750a1e52850,1,poison_hunter,1.0,Phishing Address
0xaf350d6e588a38b26203b465bbbe958c6c521167,1,poison_hunter,1.0,Phishing Address
0xaf36a535d8bd8ddee335f4488c68a87f8dbbb471,1,poison_hunter,1.0,Phishing Address
0xaf38ca1deb048c2df4c249d85e17517c71b50a85,1,poison_hunter,1.0,Phishing Address
0xaf507e7dced17758ebd1cae2ce617451758963f0,1,poison_hunter,1.0,Phishing Address
0xaf5722f15f2db0358dc8e6d43338993bc310bcd3,1,poison_hunter,1.0,Phishing Address
0xaf5da7bca6fab0ad3697d2ea21fb4afe392a9e87,1,poison_hunter,1.0,Phishing Address
0xaf6dbd75d3e90002ec7a56bf1592fe181924d6ee,1,poison_hunter,1.0,Phishing Address
0xaf76c444bedb1d9a75916dfd7365205d49ff63f1,1,poison_hunter,1.0,Phishing Address
0xaf7f6f7697c3d75f00d3f09e740bee68cfcec073,1,poison_hunter,1.0,Phishing Address
0xaf9d6429499319dda678e1561640d64fb99ea6b2,1,poison_hunter,1.0,Phishing Address
0xaf9f54581097e722d0776fd982eab566ea6b9f0d,1,poison_hunter,1.0,Phishing Address
0xafa86c4013fc2b46db8ae69cec91f61cfe00ffa1,1,poison_hunter,1.0,Phishing Address
0xafa98808ce8041b96aa73e3f5193a492455ec446,1,poison_hunter,1.0,Phishing Address
0xafae21519a9afc9cf731fa4be7f1e0342ae89617,1,poison_hunter,1.0,Phishing Address
0xafb77177cebda4b410646f9cc70d29396c91243f,1,poison_hunter,1.0,Phishing Address
0xafcc1d62a3142a0f5568a8d2d312a4758b64c4ee,1,poison_hunter,1.0,Phishing Address
0xafcc7d12d4093db074e616c04050440ccf1d3f3b,1,poison_hunter,1.0,Phishing Address
0xafde9d6ff056a686b80349aa5469a26e22fc30ee,1,poison_hunter,1.0,Phishing Address
0xafe092015ee6a5007ee1e0d73ef5c1f0559398a3,1,poison_hunter,1.0,Phishing Address
0xafe7c1c49f7e28c6c6107e873b267aa30601d94c,1,poison_hunter,1.0,Phishing Address
0xafeeb52956515e274e1167aada4360d1554c19ab,1,poison_hunter,1.0,Phishing Address
0xaff1b0a6153707f33d24a95af4d281b1a4b400bd,1,poison_hunter,1.0,Phishing Address
0xb0094753906e66c1e8e6d616ed14c4f93fce92ee,1,poison_hunter,1.0,Phishing Address
0xb0541d227ba450e7121773b8bc9e8e145638def0,1,poison_hunter,1.0,Phishing Address
0xb063cb0a2694c03113b42b6f523f09260643949a,1,poison_hunter,1.0,Phishing Address
0xb0701e5087f4191ad9173544e773a8e461ab03bf,1,poison_hunter,1.0,Phishing Address
0xb07e0a378f8b75c1dc9572c18e1bd23e7de6ac96,1,poison_hunter,1.0,Phishing Address
0xb07f2d07893b46cbfeb2060a06f2c1da32517178,1,poison_hunter,1.0,Phishing Address
0xb08dbe5e5f997bca43bfc2bfca45a9e3a3bd543a,1,poison_hunter,1.0,Phishing Address
0xb0924c0879bf95d2b0065e44dfd6b96ccdc1ccb6,1,poison_hunter,1.0,Phishing Address
0xb09a9b5a2ca4ba793b80450eef1753563cc502c7,1,poison_hunter,1.0,Phishing Address
0xb0a92a6356b2ca92452ee1818a5549d1d7803b77,1,poison_hunter,1.0,Phishing Address
0xb0a98926774c415a42c589b8d5f4c29b54803b77,1,poison_hunter,1.0,Phishing Address
0xb0ae1574b8a089c7ced1134ff14639d1778cfaa4,1,poison_hunter,1.0,Phishing Address
0xb0d1070584acc6466f823d5a2df2b573fce10b57,1,poison_hunter,1.0,Phishing Address
0xb0d4c13cb34c84b79bffd3b256f61739b1e4999c,1,poison_hunter,1.0,Phishing Address
0xb0f4272c9c85a6a604070b2546df6c0bc61738f5,1,poison_hunter,1.0,Phishing Address
0xb0f68bfc6550b71a7e99d1818356ecf0cbff60b4,1,poison_hunter,1.0,Phishing Address
0xb0f83f02912e338431a3e6eca78bab56a918bb64,1,poison_hunter,1.0,Phishing Address
0xb0fd542ad845cba96374c3e997f9ef66dd0f4582,1,poison_hunter,1.0,Phishing Address
0xb104cfc5f28d2b9e544f474065e1f9693d67b103,1,poison_hunter,1.0,Phishing Address
0xb1099e52c1ce5b6508e536780a9817cc0502ef49,1,poison_hunter,1.0,Phishing Address
0xb1307e586376e5f4bd441d561586f8cb44910f1a,1,poison_hunter,1.0,Phishing Address
0xb13247fef250ca97437e9d86c2101d701994f31c,1,poison_hunter,1.0,Phishing Address
0xb1404593cd9f97341f9412d56656d662660755bc,1,poison_hunter,1.0,Phishing Address
0xb143c56a8cd5fe383fccd7b569d90ec3a4b9c2d0,1,poison_hunter,1.0,Phishing Address
0xb16086db0cce1bd726868b37c8429525ce2443ac,1,poison_hunter,1.0,Phishing Address
0xb16381333101e983381ea1701c24cc64fe6b66ce,1,poison_hunter,1.0,Phishing Address
0xb18257733b1387877d9dd618c104206bd519cb91,1,poison_hunter,1.0,Phishing Address
0xb18cd74a3d4d31da21b20f46640f56c045b5f999,1,poison_hunter,1.0,Phishing Address
0xb18e1dd753021beb11502cc6542a2edf4ff5aa2c,1,poison_hunter,1.0,Phishing Address
0xb19571b032af1f375678bbd50a09d31080c1f474,1,poison_hunter,1.0,Phishing Address
0xb19950197f9c0bc7d8d0bf159f9de80a6e06cf1f,1,poison_hunter,1.0,Phishing Address
0xb19b958b500eb8897be6ecbf3d183a1a7467c84b,1,poison_hunter,1.0,Phishing Address
0xb19eb974a3c8aa7e162d0058800456b118b2c779,1,poison_hunter,1.0,Phishing Address
0xb1a726443fb4ae2a67d08991b08e46c3702817ec,1,poison_hunter,1.0,Phishing Address
0xb1af317b25bfcbbec8539123895c983f652bdb00,1,poison_hunter,1.0,Phishing Address
0xb1b0b9af64574f99737f0479b0518461b6862afb,1,poison_hunter,1.0,Phishing Address
0xb1b1dc69eb4a4f7c18c2f6e0771141846fbc06c3,1,poison_hunter,1.0,Phishing Address
0xb1c74b3bb03465c85ce1a7bee57377803b457dfc,1,poison_hunter,1.0,Phishing Address
0xb1cc2b9ba18b01c19b8b89cc494d1b93ab0b1a57,1,poison_hunter,1.0,Phishing Address
0xb1ccf690e33c3e3246bafee01ad5549e960e1a57,1,poison_hunter,1.0,Phishing Address
0xb1dde4370f853e71f1d5a6bf10a2fb0c5891f2a3,1,poison_hunter,1.0,Phishing Address
0xb1e70c40cfdb3d55c1f04a0425b9d7dc302ef67b,1,poison_hunter,1.0,Phishing Address
0xb1fec96f9db3d76e585f32d515a010ace8bca9e6,1,poison_hunter,1.0,Phishing Address
0xb22e5139778026b6f64b0c476e4fd625440b70b6,1,poison_hunter,1.0,Phishing Address
0xb237ed0540083106cd028ba13588430b511e26ae,1,poison_hunter,1.0,Phishing Address
0xb243e651d4b91d16281670dae6b43aa550f3dede,1,poison_hunter,1.0,Phishing Address
0xb27ac30c77be4912cce36cf1ef438ed2ebce33c7,1,poison_hunter,1.0,Phishing Address
0xb28ca124a7bae3f6c9e26e42a757e05fae7e7b45,1,poison_hunter,1.0,Phishing Address
0xb28f00b5ca88b60d45644a18eb15c0ba3b61ec04,1,poison_hunter,1.0,Phishing Address
0xb2ac4f0bd9d4195c493bfcf233c95e6e0dc178c4,1,poison_hunter,1.0,Phishing Address
0xb2adcdf763807a156cb8f75b9ad0e6cd89be323e,1,poison_hunter,1.0,Phishing Address
0xb2b03518781ec493f83f44c3ec6a6938b0840ba2,1,poison_hunter,1.0,Phishing Address
0xb2b261d5e64ba05563527e9d62f491933f55556e,1,poison_hunter,1.0,Phishing Address
0xb2dc4234b96d2ab7fe4f938409c94bb7e5a9812c,1,poison_hunter,1.0,Phishing Address
0xb2dd1bc7de6afa73b42e4acb5828dee534355f2b,1,poison_hunter,1.0,Phishing Address
0xb2e287cda1df4c59df31494e952ae0bbd1ea225d,1,poison_hunter,1.0,Phishing Address
0xb2e60df20463b9b5b3c23c76c5d31a7758248c07,1,poison_hunter,1.0,Phishing Address
0xb2ed09e807f7e9aba2670d92961973056b3d9b8a,1,poison_hunter,1.0,Phishing Address
0xb2f191f6b1b97aade0197773c692e8d653d6fb32,1,poison_hunter,1.0,Phishing Address
0xb2fd3451afd93ef8ae940e27a7d6f7456b83ef9f,1,poison_hunter,1.0,Phishing Address
0xb2fd3edef2ac4c88f56895b828560def51c7b717,1,poison_hunter,1.0,Phishing Address
0xb303d3850e82daa2f2435fbce5a8c916f7f198cb,1,poison_hunter,1.0,Phishing Address
0xb304105bd31113406ed54d352178062c6c374fe9,1,poison_hunter,1.0,Phishing Address
0xb31a7f098e20e3770410d41976d33a202808cb45,1,poison_hunter,1.0,Phishing Address
0xb32c9877ee1abec6ef80bde8767aa3033d0f5bd8,1,poison_hunter,1.0,Phishing Address
0xb3498ae174cf59af41a2e1679536d045a50aebc8,1,poison_hunter,1.0,Phishing Address
0xb34c3d32b662806bd8e5c208ee86278947b9d35b,1,poison_hunter,1.0,Phishing Address
0xb34e45ddeb55e2b6d7aaae34020e82b2bf151999,1,poison_hunter,1.0,Phishing Address
0xb34f5823ae51882e7d23f55f53b5e3886a378e02,1,poison_hunter,1.0,Phishing Address
0xb377ba6aa9c19366d611f542a846af011b586309,1,poison_hunter,1.0,Phishing Address
0xb37f0ca4840d7eb26811d2a34379a6c4d5252593,1,poison_hunter,1.0,Phishing Address
0xb3835cb5a30096a72ae0156b56ec04649bb3495d,1,poison_hunter,1.0,Phishing Address
0xb386fd8b802921d023a8c6ec409deb7e0854cd74,1,poison_hunter,1.0,Phishing Address
0xb3ab91c8a0c956dceedd26e0e21c85a982679971,1,poison_hunter,1.0,Phishing Address
0xb3b3c96529410a67dc22b5cf14fa91aad3a4712f,1,poison_hunter,1.0,Phishing Address
0xb3c3f90da76b889c5f5f639b57f8f3c44ba71183,1,poison_hunter,1.0,Phishing Address
0xb3d0048b15a24b303d2c88149e832430db0ae611,1,poison_hunter,1.0,Phishing Address
0xb3d0af1843890ec5200fdcd658d4b5bfd8ca693b,1,poison_hunter,1.0,Phishing Address
0xb3d1b64f8239e6bfd4ac1065f3dca6c812570077,1,poison_hunter,1.0,Phishing Address
0xb3d6d8a9cb38584c672f3548af7cb3429a9750c1,1,poison_hunter,1.0,Phishing Address
0xb3dc404d7b10e88530bf695d12ae3d7bb81dbd9a,1,poison_hunter,1.0,Phishing Address
0xb3ece33300b247efff8ec114ad95d3f63113b513,1,poison_hunter,1.0,Phishing Address
0xb3edf757a0c4ace1acde5c908e918a227d73ddf6,1,poison_hunter,1.0,Phishing Address
0xb3f923eab7cb310e8f7187e9cdf408d851ddef5b,1,poison_hunter,1.0,Phishing Address
0xb3fe1649ffc27690223c41b09a68d0c9820eafa9,1,poison_hunter,1.0,Phishing Address
0xb4047e13e8c529295523ee927f59ba44ef39179c,1,poison_hunter,1.0,Phishing Address
0xb406c084168066c661db617636d008f46f946ca8,1,poison_hunter,1.0,Phishing Address
0xb40f13037e24a6fc4742829781e3e8f67ebce595,1,poison_hunter,1.0,Phishing Address
0xb40f55836fedf156171deec067d9a9ceecd2a9ce,1,poison_hunter,1.0,Phishing Address
0xb420da35e0d40dcb4476fa858f1765b78e9e2db0,1,poison_hunter,1.0,Phishing Address
0xb423a5326a212a1c4eb67f1b621262cc56f8c823,1,poison_hunter,1.0,Phishing Address
0xb42db4f191ec51d2e3c21f4ca3135b1387bdc36b,1,poison_hunter,1.0,Phishing Address
0xb436d0dba179ca0742bca017f068b32182d0cbd2,1,poison_hunter,1.0,Phishing Address
0xb43daec350efcb6f5e60592ffbcf684864f67094,1,poison_hunter,1.0,Phishing Address
0xb454a0bd9e6b409c5f0d34c1a09733e52a8e7078,1,poison_hunter,1.0,Phishing Address
0xb45eb2de756a228a5ffb2a8ff67ff70a7e827a08,1,poison_hunter,1.0,Phishing Address
0xb45faa9f10b1e3be802bad01d602d4dc1f23a08a,1,poison_hunter,1.0,Phishing Address
0xb4679e92e8ba4918367645f6103a50dc8dee5224,1,poison_hunter,1.0,Phishing Address
0xb474071138981dbbc54ef74f793e42f0a41ea5f5,1,poison_hunter,1.0,Phishing Address
0xb47a9b6f0b1c337cd240a93da5c8297f52f840f2,1,poison_hunter,1.0,Phishing Address
0xb47c6ebf6410f07c7ffa84d5fc87f93ba9021839,1,poison_hunter,1.0,Phishing Address
0xb48756279e22e542236866afad9f8074bbb76cbd,1,poison_hunter,1.0,Phishing Address
0xb489be4586a9e11e732f73947308570bb91da9e7,1,poison_hunter,1.0,Phishing Address
0xb48fe130e74364d97181bd29af3303e7b71653b3,1,poison_hunter,1.0,Phishing Address
0xb493b09b089ac04c242d36153be7e7620532d463,1,poison_hunter,1.0,Phishing Address
0xb49a3435dc5e0bf6156b6dd0fb3a7a840034cb0e,1,poison_hunter,1.0,Phishing Address
0xb4b6a9d7ece623fe76f8072c372dbc159e82232b,1,poison_hunter,1.0,Phishing Address
0xb4b90374de7ea21a00bb0927d6c3131ac2c5b265,1,poison_hunter,1.0,Phishing Address
0xb4bc1b312aa39bcabeb6948da75917655563aa53,1,poison_hunter,1.0,Phishing Address
0xb4bd15ab1f726db403524ee74b521727aa59bf61,1,poison_hunter,1.0,Phishing Address
0xb4c0a26435ba1cd131bc5e2c7238eab965baec8c,1,poison_hunter,1.0,Phishing Address
0xb4c5609960dce06f95f637f93a1984daef96d770,1,poison_hunter,1.0,Phishing Address
0xb4f261eb4d6d8954ec5cd6de1d2b2c2ace0b0336,1,poison_hunter,1.0,Phishing Address
0xb4f3ebd85690f61b73e88eb0aa9397c0c7e74a37,1,poison_hunter,1.0,Phishing Address
0xb4f4f22aedf1c83ba3b421fd87fde8e27acc0d54,1,poison_hunter,1.0,Phishing Address
0xb5006fa67643c18b9a4267b619a4362376cca571,1,poison_hunter,1.0,Phishing Address
0xb5011dfe5278e2e072f70c33182069e26ef087af,1,poison_hunter,1.0,Phishing Address
0xb5070b9dfec6b6c8e624fbba224cdd4d11a45d4d,1,poison_hunter,1.0,Phishing Address
0xb516fd16fac437a19b7e029d8bfe3bbf86a70695,1,poison_hunter,1.0,Phishing Address
0xb519552969e1728b30636545d506b1a9a141511c,1,poison_hunter,1.0,Phishing Address
0xb522851f9087370ba3effbdc5c23865edff872c5,1,poison_hunter,1.0,Phishing Address
0xb52aceb8ef2d5f1a83f4d51885915fa24351bf5f,1,poison_hunter,1.0,Phishing Address
0xb55567dbaf939d0f3629f778e8daba17a67b34d9,1,poison_hunter,1.0,Phishing Address
0xb559f8b5a48f839c4ee2c49705a8a3ab6963de9c,1,poison_hunter,1.0,Phishing Address
0xb56f96e669d51fa5ed928c8268b10a6383c648c0,1,poison_hunter,1.0,Phishing Address
0xb583c0dd2a18d249626a931f8de16f135a913d89,1,poison_hunter,1.0,Phishing Address
0xb5853a61b3ad05ead6e047b20e2fa4b6a78f8e38,1,poison_hunter,1.0,Phishing Address
0xb586be0d6b6046cfa669bcaf6eec5d73a0ef27d1,1,poison_hunter,1.0,Phishing Address
0xb58743b219033ba6dee512078f261ff752e513fb,1,poison_hunter,1.0,Phishing Address
0xb58b5b4c04067049c43b187af51df6cbbec1ee91,1,poison_hunter,1.0,Phishing Address
0xb58d7129db67aad8ed3061b9242af3177d0d00c0,1,poison_hunter,1.0,Phishing Address
0xb590e8c31a167999083e0e2a2c2694c6f4b09d76,1,poison_hunter,1.0,Phishing Address
0xb5a0ead32d06cd3da1acccfe05f82ae353f68e8d,1,poison_hunter,1.0,Phishing Address
0xb5acdb5b5bdbae2addb47b2695b68ab6699e316a,1,poison_hunter,1.0,Phishing Address
0xb5b5b5be368f7b2334669b03bba8a6d272513f1a,1,poison_hunter,1.0,Phishing Address
0xb5be86158eb8eb83854e29540ed413bb0743c907,1,poison_hunter,1.0,Phishing Address
0xb5bf4a8da34bc8140d9a6fb79e46d008453f46b9,1,poison_hunter,1.0,Phishing Address
0xb5e49e1095b602b6922973cf2d04925c30fdf7b4,1,poison_hunter,1.0,Phishing Address
0xb5e898291f852f260fa6d9f1db5b8c619b601bdc,1,poison_hunter,1.0,Phishing Address
0xb601a339e62aeeca48a76ad7af8aa49c1492133f,1,poison_hunter,1.0,Phishing Address
0xb6146e44c5a4dd54dc68854f9fecefa6ec62281b,1,poison_hunter,1.0,Phishing Address
0xb617eef58941539eb97ef1d676cd3517e33dac76,1,poison_hunter,1.0,Phishing Address
0xb6207c44cc6adf3c74ddc524130d449486501b21,1,poison_hunter,1.0,Phishing Address
0xb6326cb72692b7579009820075054dd22ba91eef,1,poison_hunter,1.0,Phishing Address
0xb640238f4e6fc73fcbc581293ecf7a5b83102e12,1,poison_hunter,1.0,Phishing Address
0xb642bd04f37aa374630ba1eae3732e569c8231ab,1,poison_hunter,1.0,Phishing Address
0xb64d457eff872c791b8fb5b0b8c33e1a6edd0947,1,poison_hunter,1.0,Phishing Address
0xb64d857703c21ebb687f99c4fd1a36a37f346961,1,poison_hunter,1.0,Phishing Address
0xb64ddc44a52c0b598025f11bddeb301dd734153d,1,poison_hunter,1.0,Phishing Address
0xb670091cec6e6d2ed6bbf6db86a05396c204e8e9,1,poison_hunter,1.0,Phishing Address
0xb684269d1cf6cd3bf88a5b0c879fc07882fc6a77,1,poison_hunter,1.0,Phishing Address
0xb68ed0b5036d27f84482032d5c630b6a4e0ebabd,1,poison_hunter,1.0,Phishing Address
0xb69bd3d5d96e29f14152cbe492f2601474972010,1,poison_hunter,1.0,Phishing Address
0xb6af0271081322cb7c6a9e44f87f10e906a0c6f7,1,poison_hunter,1.0,Phishing Address
0xb6b05262c4c63cdf2166aa52a7a8f92a74487bd2,1,poison_hunter,1.0,Phishing Address
0xb6b262a18c77c66a78698b986bbfcd0b654b5b1b,1,poison_hunter,1.0,Phishing Address
0xb6bbb61662fd3dc18aa5c359ce14ae318671ba82,1,poison_hunter,1.0,Phishing Address
0xb6c1ddcc84f89f7d5950ae7be7972746ea1a5ea3,1,poison_hunter,1.0,Phishing Address
0xb6d0f3e651d5bb881bd4be0a8ebc9e14cecdcf13,1,poison_hunter,1.0,Phishing Address
0xb6dd9c05c58f167f3528d1fc0c6c67dd1d560145,1,poison_hunter,1.0,Phishing Address
0xb6effc844ecf3b518b6f4e3fcc6af47a5b1a8ca1,1,poison_hunter,1.0,Phishing Address
0xb6f931a7dc8e3d0e0c17eec88a3c3b8fd2df32a9,1,poison_hunter,1.0,Phishing Address
0xb6ff8664d2bba684d53f4e9fa97c1fd65ae57b36,1,poison_hunter,1.0,Phishing Address
0xb71be83ff74850a8074ff92e89d48de7a72c59ba,1,poison_hunter,1.0,Phishing Address
0xb7221795591093c216abc068fc7872d43bc7cc22,1,poison_hunter,1.0,Phishing Address
0xb72f65d4b89576c38b1d2d666f0d886c93a7b7f8,1,poison_hunter,1.0,Phishing Address
0xb73236c0154eb2e42dd28ce0d9d59dccbcaf7904,1,poison_hunter,1.0,Phishing Address
0xb734921fa5aa07b41ec189e32c2268ff2e624522,1,poison_hunter,1.0,Phishing Address
0xb740b27faa522a4aee188167ead48c22baab02c4,1,poison_hunter,1.0,Phishing Address
0xb74f9531c912ae3c8e140a8a35e8e5c21ba9f9a8,1,poison_hunter,1.0,Phishing Address
0xb7559d2dd308d6a8a70852014d0475af461796cc,1,poison_hunter,1.0,Phishing Address
0xb75db861051d7ea268216fe8c72d36f49bda6598,1,poison_hunter,1.0,Phishing Address
0xb763f70d00e7f44b62869a2a7877d37d8dddc909,1,poison_hunter,1.0,Phishing Address
0xb77a2dece66145de9e2fdaf155e6e160671b3e3b,1,poison_hunter,1.0,Phishing Address
0xb791dba2a4b21764af0acfc709026174a27376c4,1,poison_hunter,1.0,Phishing Address
0xb7a5f8d37bb3b3233d9582359dce4447005f1911,1,poison_hunter,1.0,Phishing Address
0xb7a750e945db842f8dd4807b1d198a5d69cfdd26,1,poison_hunter,1.0,Phishing Address
0xb7aca49ac33acca0cf9eed719a5af577734063e4,1,poison_hunter,1.0,Phishing Address
0xb7b658eac4a0bdc6a09e3316d9933ba6185401ac,1,poison_hunter,1.0,Phishing Address
0xb7baa349f88a9f9592ae91dca83fbcc07a55e54d,1,poison_hunter,1.0,Phishing Address
0xb7bb3741936caea90fdfd0d87bac59c867836422,1,poison_hunter,1.0,Phishing Address
0xb7cb772a83a9500756beccfcb14e97648e2c7d28,1,poison_hunter,1.0,Phishing Address
0xb7ded2e7035ff421093a2db72a6c1f5acdf5bd05,1,poison_hunter,1.0,Phishing Address
0xb7df9512d0201cfb35531a53ef9282b2f2e8fe9f,1,poison_hunter,1.0,Phishing Address
0xb7e20dbf1e8a483d1578ad818296ab167f358a3e,1,poison_hunter,1.0,Phishing Address
0xb7e39e7c8fce09081dbb6a9efe200918dad3454c,1,poison_hunter,1.0,Phishing Address
0xb7e4234f135f0286a937f5062043110d4a328bec,1,poison_hunter,1.0,Phishing Address
0xb7e74277d32075edf173c7dfacda7ccf8e5cf563,1,poison_hunter,1.0,Phishing Address
0xb7e769bcd472e8a16dec65a0630d2900fd0e5553,1,poison_hunter,1.0,Phishing Address
0xb7f6e1ea6e0b660b2dd94bd6769f39096efbd7bf,1,poison_hunter,1.0,Phishing Address
0xb8001c3e49bd8b562797e49df3b0e73318361ec1,1,poison_hunter,1.0,Phishing Address
0xb8007774c948754af899f9e27035e56f720c758f,1,poison_hunter,1.0,Phishing Address
0xb80cac74a465b11ff589cd37382598c54deab214,1,poison_hunter,1.0,Phishing Address
0xb816f44c4d97137d82b6a5d8860893ec9900cd54,1,poison_hunter,1.0,Phishing Address
0xb81f8f4ef438e875c9da5c68e0a4af804e06c3f4,1,poison_hunter,1.0,Phishing Address
0xb822c8c8f017dd58480c66b19081911236054255,1,poison_hunter,1.0,Phishing Address
0xb827104623d4cb7df6af4a36c40452ceb07ba92f,1,poison_hunter,1.0,Phishing Address
0xb839317947d401c5c40728b3f48f628cbbfff8f9,1,poison_hunter,1.0,Phishing Address
0xb83f1f7e7366f35ad6542cc7c8fc4c8a8bdd4e99,1,poison_hunter,1.0,Phishing Address
0xb8431f7fc29468fc390900e2c01ab2a63b295c08,1,poison_hunter,1.0,Phishing Address
0xb85a7db322e85bc8077b9add87d62104f536df18,1,poison_hunter,1.0,Phishing Address
0xb866ecc5b0dee8ecaf28fd7f8b485a8f84e22e65,1,poison_hunter,1.0,Phishing Address
0xb867134c73539c3fd8ed90e14d6cf71584ae6999,1,poison_hunter,1.0,Phishing Address
0xb8682a2a54dce4023793f726fe901be5ebaef003,1,poison_hunter,1.0,Phishing Address
0xb876ad514f5c5742965744a2635a734b346e420b,1,poison_hunter,1.0,Phishing Address
0xb884471c19aa67ffbe567fda060d9d8090038190,1,poison_hunter,1.0,Phishing Address
0xb88df73c16fcdd51480edfb9e8aee04b65fd0134,1,poison_hunter,1.0,Phishing Address
0xb8986524c5662d920d674676f9af5d8885350cb9,1,poison_hunter,1.0,Phishing Address
0xb89bac200867aa68fbf974aed61b5205901ca06c,1,poison_hunter,1.0,Phishing Address
0xb8a0eb8c52d566c9c8c4547ec04a928b58e4c457,1,poison_hunter,1.0,Phishing Address
0xb8af9c883e8480e840d32d14cb307962338b248e,1,poison_hunter,1.0,Phishing Address
0xb8be5fed36c9e565d3cc4ecd82a290adce12ac82,1,poison_hunter,1.0,Phishing Address
0xb8dbdee45af23f02e12e8e5ca5670aa2cb8b349c,1,poison_hunter,1.0,Phishing Address
0xb8ec43fb66bd8dfcb10d2fc674105544794cbb59,1,poison_hunter,1.0,Phishing Address
0xb8ee1fcd9a181f411d90c9eb7b3f5ead7c599d37,1,poison_hunter,1.0,Phishing Address
0xb8f071378c881d8dd768811eb9cf79b70d9192ec,1,poison_hunter,1.0,Phishing Address
0xb8f84ca1bacb9cb010c304e6f42afa954a36b670,1,poison_hunter,1.0,Phishing Address
0xb902a24191e7e4573d981a7a93b74f9e90fbdf01,1,poison_hunter,1.0,Phishing Address
0xb9135d44b2955354a6bad272ca4ba2b79868585e,1,poison_hunter,1.0,Phishing Address
0xb91a65bb13815312f1f9d50aa7800c8f68a4085d,1,poison_hunter,1.0,Phishing Address
0xb925ed82f99ad716670f42192f5fb217e501878d,1,poison_hunter,1.0,Phishing Address
0xb933b5264429ed7d88c4af4673702df6c36d6d50,1,poison_hunter,1.0,Phishing Address
0xb943f3d85691e3c84499a6e3ae1f0f4b158fda54,1,poison_hunter,1.0,Phishing Address
0xb95dcdfb05e9bb51f485ab94f77254cdfae0e211,1,poison_hunter,1.0,Phishing Address
0xb9663171fc3b4d204f14e9547e34c4d46bd009a0,1,poison_hunter,1.0,Phishing Address
0xb967f7bbedad5a3d4d8bef73fed8ffc8d95d5ca2,1,poison_hunter,1.0,Phishing Address
0xb969b96447596e6f57d013a033cbae4a5208b289,1,poison_hunter,1.0,Phishing Address
0xb976d79fdb3e1fb724151f9d45b4de538c5f167f,1,poison_hunter,1.0,Phishing Address
0xb97b3c8d7db4b8d3d9c971a27b5ad169187f1fe4,1,poison_hunter,1.0,Phishing Address
0xb97e70c8fcf21b384e46c7c1a1190df8d5c269c0,1,poison_hunter,1.0,Phishing Address
0xb98627e467a15674300cbbaeabb8b5279fd6bf53,1,poison_hunter,1.0,Phishing Address
0xb99d1669baf713770d85c7a1c5762c0188315e14,1,poison_hunter,1.0,Phishing Address
0xb9c1c01af45c554cbb9516151f59d6083307dedf,1,poison_hunter,1.0,Phishing Address
0xb9ccdad97167dc1bba042e2558e1d51e3601e756,1,poison_hunter,1.0,Phishing Address
0xb9d059c808e3c1e8c22ed7ea9431090cea7579a9,1,poison_hunter,1.0,Phishing Address
0xb9ee60240eb090f3db748c82e77a04ddc2935088,1,poison_hunter,1.0,Phishing Address
0xb9ef4d3db02563a50465be809fadf17ecbcb2e9a,1,poison_hunter,1.0,Phishing Address
0xb9f4aac2194a3d386acd2d07264b7d8b6f9e2b1b,1,poison_hunter,1.0,Phishing Address
0xb9fd0f53cbb3966e4343d6f836c5e335c8c25e5a,1,poison_hunter,1.0,Phishing Address
0xba0e43c272ec2ab4b825528c2f7d6a13211eddea,1,poison_hunter,1.0,Phishing Address
0xba1fbcd9ab64e17fc94c89000d258135cfc97675,1,poison_hunter,1.0,Phishing Address
0xba295276d933eedc12b1477b1dcb4947782a125a,1,poison_hunter,1.0,Phishing Address
0xba3434bb776601f437c3f8f8caef04c360ed073e,1,poison_hunter,1.0,Phishing Address
0xba4f105a8201d4af8295159fd72ce3d0a71ba852,1,poison_hunter,1.0,Phishing Address
0xba5bfc2c0124f49634082b6832633b2dca0e24dd,1,poison_hunter,1.0,Phishing Address
0xba7ad8eb64ffd59818afcd1e013eb5c3c351c559,1,poison_hunter,1.0,Phishing Address
0xba90e2afecfdbced94c590f21f5b9c03973a77bf,1,poison_hunter,1.0,Phishing Address
0xba9cafd5cedc83972b92b5ba243d41761e6e060f,1,poison_hunter,1.0,Phishing Address
0xbaa836c52235dd97432de211d36e3783bbfc5330,1,poison_hunter,1.0,Phishing Address
0xbaa836c5797739d8b2b429487cd1f03e7afc5330,1,poison_hunter,1.0,Phishing Address
0xbab04a40c9b26d4e08adf99d038d39bf95b99249,1,poison_hunter,1.0,Phishing Address
0xbab5867cf45ee7e7dedb4d2dd90f710128e62261,1,poison_hunter,1.0,Phishing Address
0xbace9092eb5ff72d6098c39a980ad5428ba6289e,1,poison_hunter,1.0,Phishing Address
0xbad88059604e738ccd440b2d61bb2976d9fef3e1,1,poison_hunter,1.0,Phishing Address
0xbae0d8cc526f5309c630e3a549db26690c1ade5d,1,poison_hunter,1.0,Phishing Address
0xbae7254157270619471fa829747e68065f25de5d,1,poison_hunter,1.0,Phishing Address
0xbaeb352cf4450a82432c629b33cf347fb947e3d4,1,poison_hunter,1.0,Phishing Address
0xbb0634b33b67b65042195300d159990e66a6a877,1,poison_hunter,1.0,Phishing Address
0xbb13161d3dff92a85b825ba1a12f6421f7870ddd,1,poison_hunter,1.0,Phishing Address
0xbb14711a1ccd967b3f4fdda687b5970c14502fa8,1,poison_hunter,1.0,Phishing Address
0xbb14711a30d04addf79c362677754e1e24502fa8,1,poison_hunter,1.0,Phishing Address
0xbb333e74a7fab88b5d125e7ac323130bc182a1f0,1,poison_hunter,1.0,Phishing Address
0xbb37d5099c613601d8d63b9d86f5ca8b19cb4b05,1,poison_hunter,1.0,Phishing Address
0xbb40e8827a9d71d06af22880fc4134f59400e8d1,1,poison_hunter,1.0,Phishing Address
0xbb4b09be10658b1ecbe3a935d03d62ae506574c1,1,poison_hunter,1.0,Phishing Address
0xbb51172d0fabe2f599c92590b5bbfa1981d7e8df,1,poison_hunter,1.0,Phishing Address
0xbb59c9b2440f8ff78fcca166e37597559725c8a5,1,poison_hunter,1.0,Phishing Address
0xbb80dad32a3c3a6be3f3c01b5da1a573931f7242,1,poison_hunter,1.0,Phishing Address
0xbba176cabe5f51ea683a0a80ea02dd3a13554a14,1,poison_hunter,1.0,Phishing Address
0xbbaa99cca3e2a5647564e230ce4ee1e53efcb95b,1,poison_hunter,1.0,Phishing Address
0xbbdac59109b246ec5e2fa1aed8ddb5631f13b7fe,1,poison_hunter,1.0,Phishing Address
0xbbdc37a7955dc847cb26505943728d42a4b70a7b,1,poison_hunter,1.0,Phishing Address
0xbbe712b2a4310a2ea2ee61901156ec38e733ea36,1,poison_hunter,1.0,Phishing Address
0xbc0073d5bfd881585bfc902a8ccc8160fd90d05f,1,poison_hunter,1.0,Phishing Address
0xbc16489829ea14be9cf04be9afe2e161707e7c0d,1,poison_hunter,1.0,Phishing Address
0xbc177671e43c8be97e8431f9d95c5037a026eac3,1,poison_hunter,1.0,Phishing Address
0xbc184a41d58e654d9a29f8b70bf44b2424f0b987,1,poison_hunter,1.0,Phishing Address
0xbc1cc2e0abb2df57658f65dbbf4676f72700033c,1,poison_hunter,1.0,Phishing Address
0xbc1f5e0996beb2a23e422ea547832d100989dc22,1,poison_hunter,1.0,Phishing Address
0xbc1ff551837e7220ab3989f20852f20ed2bf6b1d,1,poison_hunter,1.0,Phishing Address
0xbc2708023b466a9df5d590c2ad25dc6d83dfb37b,1,poison_hunter,1.0,Phishing Address
0xbc2d14aacb3b3056c34c3f12b9fc66afd77b12da,1,poison_hunter,1.0,Phishing Address
0xbc2df8c1d0da75bcebdd339fec3a2724b68b185c,1,poison_hunter,1.0,Phishing Address
0xbc34c1635cd677518801e4be6e581e398ef0aa3c,1,poison_hunter,1.0,Phishing Address
0xbc4e4069b6b708c6df8a580ca0bb1adddde05a4d,1,poison_hunter,1.0,Phishing Address
0xbc4f656bf0a0f7d939ff14644ac83d7c8d344249,1,poison_hunter,1.0,Phishing Address
0xbc50222349f25d9bd4b3b1847b23ffee9efa01ce,1,poison_hunter,1.0,Phishing Address
0xbc5bd3e4ce7652590ae259b83b9e7d7309978589,1,poison_hunter,1.0,Phishing Address
0xbc60f91fa71efb3521ec41f1104c9ad5509e3025,1,poison_hunter,1.0,Phishing Address
0xbc7c2a178c87c188d139de9e40235c403f48faf1,1,poison_hunter,1.0,Phishing Address
0xbc8897f747dff74d8d733c57a4d3b78caaa2b6ca,1,poison_hunter,1.0,Phishing Address
0xbc9878c4672daaf1985856ac7dc82928b7efe531,1,poison_hunter,1.0,Phishing Address
0xbcb58e8a9d015318bee47ed3c64460c56b930e70,1,poison_hunter,1.0,Phishing Address
0xbcd06c134d4d36c7c3fcde1fd9bb3f95f4b28d10,1,poison_hunter,1.0,Phishing Address
0xbcd4ff29ac94c6235e002a92add7b445e834386b,1,poison_hunter,1.0,Phishing Address
0xbcda78af4a247e2e88e1c0746c0c68f20e4270f7,1,poison_hunter,1.0,Phishing Address
0xbcdb5430087d74ad9bf3375f887576e0f6519a6d,1,poison_hunter,1.0,Phishing Address
0xbcdcc3d467b891ccd586e76789a0fc9272a46465,1,poison_hunter,1.0,Phishing Address
0xbd0066a46b891fa5c9ab0d410b77be31808be7e2,1,poison_hunter,1.0,Phishing Address
0xbd0d4f9e10790a95f8f74030df81214342e90abb,1,poison_hunter,1.0,Phishing Address
0xbd0d6da9b8aa6d550024f6ddf383147c98997656,1,poison_hunter,1.0,Phishing Address
0xbd177906fba068d83f2b4ce774646337f9f19ada,1,poison_hunter,1.0,Phishing Address
0xbd1a056bfe4d2a42342ae3b993b41e6f617e5f3f,1,poison_hunter,1.0,Phishing Address
0xbd1c5ee31df363c2a81a590d65c435709bea7cc6,1,poison_hunter,1.0,Phishing Address
0xbd2a4839383ced44a132c8ba30f8b367babb192d,1,poison_hunter,1.0,Phishing Address
0xbd3fd8c428a40a57d046ceb843815526baa6f199,1,poison_hunter,1.0,Phishing Address
0xbd62e0b3f54214e03c79a056877e7a83daa3fbe6,1,poison_hunter,1.0,Phishing Address
0xbd66a49d6d0535dfd1941d0f382f67fb8122e681,1,poison_hunter,1.0,Phishing Address
0xbd73cf7ffd28ed180e9e7bad5a4d33f1e58f5b05,1,poison_hunter,1.0,Phishing Address
0xbd752991caa669f9d1242506bfac93a02e4841f0,1,poison_hunter,1.0,Phishing Address
0xbd75a0049a5c177135f0286dc519644be015fe5f,1,poison_hunter,1.0,Phishing Address
0xbd7fb958b0b04950f6b90e7199a6457a089c0966,1,poison_hunter,1.0,Phishing Address
0xbd8c7a98250b09882b40e9e871e76fb505300684,1,poison_hunter,1.0,Phishing Address
0xbd8f5080b7446a6476c490dc84eeff71f48478b6,1,poison_hunter,1.0,Phishing Address
0xbd921c934f5e1136bf91de26ac3f3117bf060d4e,1,poison_hunter,1.0,Phishing Address
0xbd92b5a5f0598a4eccfac957f556c8fdd943de8f,1,poison_hunter,1.0,Phishing Address
0xbd931bcd983922e142df628c44d6150499a2562d,1,poison_hunter,1.0,Phishing Address
0xbd9865fe9e3a2cb9b04b187e4ba8e7ac5767e0df,1,poison_hunter,1.0,Phishing Address
0xbda67799d61a7123d67e33d2352bfb74437318f4,1,poison_hunter,1.0,Phishing Address
0xbdc574100ddc328983d98ffaeca2da830927e0d6,1,poison_hunter,1.0,Phishing Address
0xbdc7b3526dbe175d66029761c7e546637507a941,1,poison_hunter,1.0,Phishing Address
0xbdd3184db36e3afdbbf66faa89357e38b91fdb4b,1,poison_hunter,1.0,Phishing Address
0xbdd62265f222dbc6e24f1eacac527fcd0af15c1b,1,poison_hunter,1.0,Phishing Address
0xbddf3ee4db44546aa5c0ad0da4b316ffa9b08d44,1,poison_hunter,1.0,Phishing Address
0xbde00ae3908ebcc3b127f41d226a34c98471f5ed,1,poison_hunter,1.0,Phishing Address
0xbde0cd4ee3522849235ce67505d8dd8c0f86e998,1,poison_hunter,1.0,Phishing Address
0xbe0037d7d071cb665a760c64547d17c3cc1f6a33,1,poison_hunter,1.0,Phishing Address
0xbe076962296eb6383639b2ba3e3f2fedb3b1c76a,1,poison_hunter,1.0,Phishing Address
0xbe30c4f06434f8e9a7479ac8102123c0764d2be6,1,poison_hunter,1.0,Phishing Address
0xbe316b3fd02cb49a1f0feb1d1ef0456d0c06531f,1,poison_hunter,1.0,Phishing Address
0xbe3c73c59ac0f4b8d43244f0e144d0c02916eef6,1,poison_hunter,1.0,Phishing Address
0xbe424d9a34531395ca6c920b2dd637a9e9becbf6,1,poison_hunter,1.0,Phishing Address
0xbe589d2d9608aced124cc1a0719e6ffc30a841b8,1,poison_hunter,1.0,Phishing Address
0xbe74308b0cc661946f9d88bf93be6cac96ef4fea,1,poison_hunter,1.0,Phishing Address
0xbe79a38c38577b7711714ac8f796794057cea98e,1,poison_hunter,1.0,Phishing Address
0xbe7cbfa7e38ac15b1b7cc347bb2d6113bd89873a,1,poison_hunter,1.0,Phishing Address
0xbea3ca8c7bffd2f885d24b191260101f4b8f3576,1,poison_hunter,1.0,Phishing Address
0xbecccb9b21b6c3918455b274417192dd07412e43,1,poison_hunter,1.0,Phishing Address
0xbed0dc06081cbd2896ce0e2c289ab8e159715bf4,1,poison_hunter,1.0,Phishing Address
0xbed4a3e86d93bd447778713c3b4640628905593c,1,poison_hunter,1.0,Phishing Address
0xbedf23b00309e268e423cf8b92207e8ea4d90d1f,1,poison_hunter,1.0,Phishing Address
0xbee2e792ff52a34a9ecca02ba42ccaff70e567c5,1,poison_hunter,1.0,Phishing Address
0xbeea00e09de724933612cf42daa15e9f36fc38de,1,poison_hunter,1.0,Phishing Address
0xbeea00e0bc89fe2aef05814b245110473ffc38de,1,poison_hunter,1.0,Phishing Address
0xbeec086ab56c01a50565cb3aec7e8db342c5d72e,1,poison_hunter,1.0,Phishing Address
0xbef879e17c308a0f3cf16ae7e4f95c3718dcdb0a,1,poison_hunter,1.0,Phishing Address
0xbeff8e39e4ca26f50f4d4a8eaafd56fbb95e782a,1,poison_hunter,1.0,Phishing Address
0xbf1335f44b7979419ce202521790dce2d09f3b33,1,poison_hunter,1.0,Phishing Address
0xbf13615a737f84a8b80160f082521d12ee5ddd35,1,poison_hunter,1.0,Phishing Address
0xbf3267f1ceed3497eee74da12d57764109858fb2,1,poison_hunter,1.0,Phishing Address
0xbf3a0ff2dfde2d32a70b18f59f9a0d87f33a34d5,1,poison_hunter,1.0,Phishing Address
0xbf4005e5dd7a95b8b47444b7774ab3b9b03e66a7,1,poison_hunter,1.0,Phishing Address
0xbf40380881dfb8c146fc2a902bcf0bf3c1c0f79d,1,poison_hunter,1.0,Phishing Address
0xbf52d9f4ad8f134f3daa8f35279774040ae0030b,1,poison_hunter,1.0,Phishing Address
0xbf6443a01474ab54d5c42ac4774420abeb8eb982,1,poison_hunter,1.0,Phishing Address
0xbf9ba48bdcee9a0531ebb724847d3852cea79912,1,poison_hunter,1.0,Phishing Address
0xbfadd9e090af76080ecce9bcb6eeddde86345d9d,1,poison_hunter,1.0,Phishing Address
0xbfadd9e0fba74ad439eed0957498466d81345d9d,1,poison_hunter,1.0,Phishing Address
0xbfbbd0b91292a0deb589046edef6a9a53c10bef7,1,poison_hunter,1.0,Phishing Address
0xbfd667d68e1efee94e70f4f68d3302cdf6dfd9d7,1,poison_hunter,1.0,Phishing Address
0xbfd7c659b3d37155f0ce1aecd3295a299b1d0d26,1,poison_hunter,1.0,Phishing Address
0xbfd89ee0c2d75e31acf6b43c7ce7280740a2bfdd,1,poison_hunter,1.0,Phishing Address
0xbff2c444f6aa299e172613145ffc2082d63df27b,1,poison_hunter,1.0,Phishing Address
0xbff4d785d46c9496f003a2f190b8c690ead749d1,1,poison_hunter,1.0,Phishing Address
0xbff5e3ac6d6fae21f1a61f0d7384965e638cbd4a,1,poison_hunter,1.0,Phishing Address
0xbff6c473ced858e7d2518216591a14c09c51178a,1,poison_hunter,1.0,Phishing Address
0xc0020c27fbc51f2212308f506b7c9797eb595e26,1,poison_hunter,1.0,Phishing Address
0xc007fb89167068f69572a88049394306c29a63cc,1,poison_hunter,1.0,Phishing Address
0xc017ddd33330e7a917715a8575c09f38d9f98d9a,1,poison_hunter,1.0,Phishing Address
0xc02209361bb113e145b28aa438f1b7bc04e5ec73,1,poison_hunter,1.0,Phishing Address
0xc0486f5eecfe3495cfd70b41980ca4d6654ab688,1,poison_hunter,1.0,Phishing Address
0xc04f8832306bac628987a1439572b6eca4b11ae1,1,poison_hunter,1.0,Phishing Address
0xc055ab0dee9bde26e85a86540ef48922c37544f8,1,poison_hunter,1.0,Phishing Address
0xc06a30c652b7e79baa81bc1c50e51e1cc5912ef1,1,poison_hunter,1.0,Phishing Address
0xc073ef0df667de564edf7ff8105ec69d65eb1776,1,poison_hunter,1.0,Phishing Address
0xc07aa8a6341c2cb95f17c3d8660c8aa988046b9d,1,poison_hunter,1.0,Phishing Address
0xc0802e308465ff2c3c1dec68ad5bac7b8bd562b6,1,poison_hunter,1.0,Phishing Address
0xc08511e0176b4a08f0335fad7e96da29c03b960a,1,poison_hunter,1.0,Phishing Address
0xc08ebca279d0287bafcd7f62603efe4c3726134c,1,poison_hunter,1.0,Phishing Address
0xc09cfc718ad134ad081569cb2e815292bef9a4d9,1,poison_hunter,1.0,Phishing Address
0xc0a1e3930de61fedfa7443794422be7cb6e0f2b2,1,poison_hunter,1.0,Phishing Address
0xc0a4dcdb067f524c7e4e4b8358ede7265ed65726,1,poison_hunter,1.0,Phishing Address
0xc0ac6dd795d3c69c66bf76ccc57a61caf14ae0a0,1,poison_hunter,1.0,Phishing Address
0xc0adf01e5be0bb0360843dad6bb543c50ea41634,1,poison_hunter,1.0,Phishing Address
0xc0cd1ef2c760b2815f862332b1b15fa74fbe8058,1,poison_hunter,1.0,Phishing Address
0xc0dccafe23f900e88c5b39e3da75c23c92992188,1,poison_hunter,1.0,Phishing Address
0xc0ded5d85376a9aac118821fcce9c0588d34de3e,1,poison_hunter,1.0,Phishing Address
0xc0defd4eaa0827debd415c70b8ba8d3fd11f69fe,1,poison_hunter,1.0,Phishing Address
0xc0ee92ab399db51712df4d69229fc1ca23190b40,1,poison_hunter,1.0,Phishing Address
0xc105a696e318e4554046c49c863525ee4e9fb536,1,poison_hunter,1.0,Phishing Address
0xc1092a16f68aa8eaed94fed78ada96e2dc4d9532,1,poison_hunter,1.0,Phishing Address
0xc12fb396209e7f6a3346eee4b545d6ac11f57710,1,poison_hunter,1.0,Phishing Address
0xc13dad9fb79cf419f40f8dee6ae6487e974325be,1,poison_hunter,1.0,Phishing Address
0xc1424ea43c0c4a871a453a1e0aab959d6eed2d30,1,poison_hunter,1.0,Phishing Address
0xc1561fb13f50b0c711d70d8b6ce38c22cfa1e8c2,1,poison_hunter,1.0,Phishing Address
0xc16bde83184d562a09402729a168493b7d1f8dd4,1,poison_hunter,1.0,Phishing Address
0xc18574036230f47f1b7ae4831d171d92dce2649b,1,poison_hunter,1.0,Phishing Address
0xc185a707966d603716ff4015f71f92913071fea9,1,poison_hunter,1.0,Phishing Address
0xc18d72f497ce652b0c87866b28acb7a27c5dc176,1,poison_hunter,1.0,Phishing Address
0xc191dc25c9fdc3533be2e0b9ad9a06ce8f71b0eb,1,poison_hunter,1.0,Phishing Address
0xc194ed61ae603f73cfa148ce9fa42a7938434352,1,poison_hunter,1.0,Phishing Address
0xc1a4e03650a1bbce1702c424df9eea0d3032b100,1,poison_hunter,1.0,Phishing Address
0xc1abdd18e91f25c10532f0ff8246dab7b274e94c,1,poison_hunter,1.0,Phishing Address
0xc1ac2a30e92b9d9609297997b798cc2571b55729,1,poison_hunter,1.0,Phishing Address
0xc1c5ab7f80de0aa30a49ff40afb43c0186f4c075,1,poison_hunter,1.0,Phishing Address
0xc1cb27e5f1af7453c688010c2000d1929a26dca0,1,poison_hunter,1.0,Phishing Address
0xc1d23efca7fc03b00b6a7b0429533b788c46375a,1,poison_hunter,1.0,Phishing Address
0xc1e34a17e2c6a168e563cd92040a1db7fd363582,1,poison_hunter,1.0,Phishing Address
0xc1e61933928dcb2e19ce331faa86da01e3376333,1,poison_hunter,1.0,Phishing Address
0xc1ee9040a1387d8619e4e677c21c33fdfe1694a9,1,poison_hunter,1.0,Phishing Address
0xc1efae3a7c9739b80d90d8aeed80012cd894bc07,1,poison_hunter,1.0,Phishing Address
0xc20f3c89b04de5a64a15deda993c15bd8de44e10,1,poison_hunter,1.0,Phishing Address
0xc21acdd309e923cc47f11e1cd96145f0773c8f64,1,poison_hunter,1.0,Phishing Address
0xc234747988c0a1772e67865e9c02cf13d28df58f,1,poison_hunter,1.0,Phishing Address
0xc239d4ea8a68a612c59dbb42eb3143279b7d104f,1,poison_hunter,1.0,Phishing Address
0xc256627b6fabff5ac1936929f927e073dd023280,1,poison_hunter,1.0,Phishing Address
0xc2597c3d240dc7c08762d4d4abfaf09db4397c8d,1,poison_hunter,1.0,Phishing Address
0xc25a59cddcd424102141296176782db253461081,1,poison_hunter,1.0,Phishing Address
0xc25d18cf810b9eb09a8aaeeca38dbf693b4c2752,1,poison_hunter,1.0,Phishing Address
0xc2933dac4ab064f49d05c4f560bba80179d23512,1,poison_hunter,1.0,Phishing Address
0xc29c611cac1b89b87635d7fef11c6ac0c27e1a46,1,poison_hunter,1.0,Phishing Address
0xc29c611cd32f36fdb8fbb1dd23a3fb1d1f7e1a46,1,poison_hunter,1.0,Phishing Address
0xc2a02dc48825ef62476df3c80cc2fc96a929bc64,1,poison_hunter,1.0,Phishing Address
0xc2a1af692a9c2e3e83569c16974837ef721fa529,1,poison_hunter,1.0,Phishing Address
0xc2a96544efe0eb2c8f75d957e095df3da2344091,1,poison_hunter,1.0,Phishing Address
0xc2ab2b1ea59c6f74df2e35348b94dde837ebe189,1,poison_hunter,1.0,Phishing Address
0xc2ab552bc675bc182777ac6aed331d6ed161d84c,1,poison_hunter,1.0,Phishing Address
0xc2c98ce355d4068c3b598fc1b4071236c8301579,1,poison_hunter,1.0,Phishing Address
0xc2f45c79f85f6952e8411b8cdfbd4b2188afcc6b,1,poison_hunter,1.0,Phishing Address
0xc2f98275c761da3d3d14caa13c67064d8d6bc996,1,poison_hunter,1.0,Phishing Address
0xc30d93bc05cd56324ccb7d22a68cf659cd8781b5,1,poison_hunter,1.0,Phishing Address
0xc30fb9d1449491d0fc00628e531bce1822ae2d65,1,poison_hunter,1.0,Phishing Address
0xc3157d89bae36f914fdc8c7ec638df55b6d4054d,1,poison_hunter,1.0,Phishing Address
0xc3184a88986af0db4c43ea9bb0e97f97bd229e2a,1,poison_hunter,1.0,Phishing Address
0xc3188a82560afd4bcddcecd36b9ccd673c919e2a,1,poison_hunter,1.0,Phishing Address
0xc31e0dbae0d5eaac2b3fa891182437218215e2f0,1,poison_hunter,1.0,Phishing Address
0xc320b88dcf7dc06d3aecf9c68b6687a05edb5721,1,poison_hunter,1.0,Phishing Address
0xc3309f753998bd2e17e379f02476065411dd70ee,1,poison_hunter,1.0,Phishing Address
0xc331caa1ec124b0c3fe6ed5d2294ef7ba0909ebf,1,poison_hunter,1.0,Phishing Address
0xc33a417da9df7588a056049282537e6d8acac020,1,poison_hunter,1.0,Phishing Address
0xc341a49e72938e9a6914ec0099ce3316e6a03b1f,1,poison_hunter,1.0,Phishing Address
0xc34244a504e103f846602402ac034d3b14624285,1,poison_hunter,1.0,Phishing Address
0xc3584af442863527f1317a36b3b893963bdd5baf,1,poison_hunter,1.0,Phishing Address
0xc379cd045d45fa2d82a315edd97e9295486dab3d,1,poison_hunter,1.0,Phishing Address
0xc38f3bf34aa482a80e437d21b7f54ce4a45e1ae2,1,poison_hunter,1.0,Phishing Address
0xc391151e8a0acc71e732ab652d1150a2c5d9e107,1,poison_hunter,1.0,Phishing Address
0xc39944ea632cc4cbe475312056935e86f6f7427f,1,poison_hunter,1.0,Phishing Address
0xc39e13cd50b6303fd1dd350e2c393588dcc8fec5,1,poison_hunter,1.0,Phishing Address
0xc3b747c01ac663a0a93c494602929df34e4e5aa6,1,poison_hunter,1.0,Phishing Address
0xc3c6b309bdf75c8006ffccc9622040b50bfdb969,1,poison_hunter,1.0,Phishing Address
0xc4020253ff454ff49c37f0a4e5463e04c8d6b7bb,1,poison_hunter,1.0,Phishing Address
0xc40600827776f968107be6b2139370a94408e513,1,poison_hunter,1.0,Phishing Address
0xc40f73dc39deb22cd4d38a51cda603208e432f6a,1,poison_hunter,1.0,Phishing Address
0xc412e9983ab3f8eeb050de019334d9c59df1dd7a,1,poison_hunter,1.0,Phishing Address
0xc41c1c87325ccefc2081aa4a166f771088b0b588,1,poison_hunter,1.0,Phishing Address
0xc4371b64d046b607ed4bb72418967d8389409816,1,poison_hunter,1.0,Phishing Address
0xc437f793445e2dd15b133110d1ac6b19aefe30e3,1,poison_hunter,1.0,Phishing Address
0xc442405c5cc66746c60d07c7a90b906b946703c4,1,poison_hunter,1.0,Phishing Address
0xc453c34089906230e779cc074866de0117005778,1,poison_hunter,1.0,Phishing Address
0xc46960f58a671c4ae536eaa20ffc84e55369c06e,1,poison_hunter,1.0,Phishing Address
0xc469c2d495ff8a05ae4b4d63fbd45869b2502692,1,poison_hunter,1.0,Phishing Address
0xc46bd44e6b201bf5820f5e4928be80ec0375d48e,1,poison_hunter,1.0,Phishing Address
0xc4729c093db6ab4087484f354d0d291432bec83d,1,poison_hunter,1.0,Phishing Address
0xc4850bb4d1522d86af6d60e1010a908a356956a7,1,poison_hunter,1.0,Phishing Address
0xc4a5c8e9cb05fe80af5a56126dd0797e435c0b53,1,poison_hunter,1.0,Phishing Address
0xc4c4eb2256dfb62575afe279a1f64522c6603deb,1,poison_hunter,1.0,Phishing Address
0xc4c4f6787f3c1b5545a37f45766723635a462183,1,poison_hunter,1.0,Phishing Address
0xc4c508310bd09530df38c0abc7fb03f299444ebd,1,poison_hunter,1.0,Phishing Address
0xc4cf16c4a3215b6e8ab52a38f97023e86e007b10,1,poison_hunter,1.0,Phishing Address
0xc4e7f82e1389a31edd5536992527b9c0e761acf9,1,poison_hunter,1.0,Phishing Address
0xc4ea61e8ee712d9cd5da3c53f689be5b72374259,1,poison_hunter,1.0,Phishing Address
0xc4ebb21e01aec3366212bc22cf0a9baebca842ee,1,poison_hunter,1.0,Phishing Address
0xc4f814a065808e4cc5095d5be241794074ea4fc7,1,poison_hunter,1.0,Phishing Address
0xc52a489c306118651bb41908b623015b8ee16674,1,poison_hunter,1.0,Phishing Address
0xc52b01623d0ae763844a7cf0939573393289f046,1,poison_hunter,1.0,Phishing Address
0xc532621eb1bbf91e8c61618a47dab5ec5b45b99b,1,poison_hunter,1.0,Phishing Address
0xc532a8ca646bf8d8d2aa56a9850879905ef81592,1,poison_hunter,1.0,Phishing Address
0xc53682550bff4e98cbcbc18b3b7242f5f5444f7f,1,poison_hunter,1.0,Phishing Address
0xc53a70fb9a70f90e076b7ab1032af79456c80047,1,poison_hunter,1.0,Phishing Address
0xc53aef14ae6ea7df6084c7c00dbb03446d8e0281,1,poison_hunter,1.0,Phishing Address
0xc53fa41df349d950a8be447736ba9da1b3eaa035,1,poison_hunter,1.0,Phishing Address
0xc540780571e8fcc15e5d1b8666675de95ad5c36b,1,poison_hunter,1.0,Phishing Address
0xc54c006529bda9ede0d956705ca88fc20dff0bb1,1,poison_hunter,1.0,Phishing Address
0xc55ed6bab6c7d751d2e7af3c1a3381f697020d4a,1,poison_hunter,1.0,Phishing Address
0xc573bc83c940941043088d3c20096ecf21bc6841,1,poison_hunter,1.0,Phishing Address
0xc573bc8b35c87c9e5178e80b8b4086a679bc6841,1,poison_hunter,1.0,Phishing Address
0xc57de79a428455115024cb0823bff7b0b5790e16,1,poison_hunter,1.0,Phishing Address
0xc58bec4c8eee3c46ee0139c2edf92762a72a1e8d,1,poison_hunter,1.0,Phishing Address
0xc58c53c6fc93fb916c5d012cfe93b7a22b015d2a,1,poison_hunter,1.0,Phishing Address
0xc5991363b07acd7f2bdf968b4bb4cefcd2d2c72d,1,poison_hunter,1.0,Phishing Address
0xc5ac09629329712d169c01299b83f87813598ef0,1,poison_hunter,1.0,Phishing Address
0xc5c0a116b79ab46448a6cd26ee2eaf813f9963d0,1,poison_hunter,1.0,Phishing Address
0xc5c6b3f74e48ccd7e1c64596fd72ac43cb28e8d4,1,poison_hunter,1.0,Phishing Address
0xc5dcb0a2f8b6d54a5b0962ef4c849e48ffbffea6,1,poison_hunter,1.0,Phishing Address
0xc5ed724032f9a868d98de15e12d2a318e42ac447,1,poison_hunter,1.0,Phishing Address
0xc5f762f1bff9320a4fc3468d7412c1c36429bd36,1,poison_hunter,1.0,Phishing Address
0xc5fce0ffd720838413409b5dbe0b802fb34d2fe0,1,poison_hunter,1.0,Phishing Address
0xc6032520ff56021fa767d807d7d49b06aaa21680,1,poison_hunter,1.0,Phishing Address
0xc60b367fda9b8138f7275907e5808bb7cccc9fcf,1,poison_hunter,1.0,Phishing Address
0xc63fbc67f2effe590efbb43beabb9929e6db4947,1,poison_hunter,1.0,Phishing Address
0xc64794383b3fbcbaa491853eba06eba94d7e0059,1,poison_hunter,1.0,Phishing Address
0xc66120ecb06028af822e1929d100621a99ed9fcb,1,poison_hunter,1.0,Phishing Address
0xc66a6362b67a6ad2cca10e116b05ba7e9c9b236e,1,poison_hunter,1.0,Phishing Address
0xc6717d32b2b9cd67951ec1db6e42bef638fc9271,1,poison_hunter,1.0,Phishing Address
0xc68053f67766f92a8fdd2afbaf3a945bad1dd985,1,poison_hunter,1.0,Phishing Address
0xc683967883041ed2077faad03191b3cb1d0c2c13,1,poison_hunter,1.0,Phishing Address
0xc6843293234f8e4e1dc72595e65ed7225f7385a7,1,poison_hunter,1.0,Phishing Address
0xc6930e891519006e8e1335a929b6a5c76fbce87d,1,poison_hunter,1.0,Phishing Address
0xc699e39ffb86095705510eb599e5869d0d94f63f,1,poison_hunter,1.0,Phishing Address
0xc69b028c10947c14d0ffa7a09e2763b2581d9060,1,poison_hunter,1.0,Phishing Address
0xc69ed827320fd80f5abca5a28adcddc02f48d131,1,poison_hunter,1.0,Phishing Address
0xc69f48cef1d7d9fc1dc316475082aaa6a40b33c2,1,poison_hunter,1.0,Phishing Address
0xc6a37321384aa821c9a1945b7fb48b1efc8c6fd6,1,poison_hunter,1.0,Phishing Address
0xc6a9f8462d2c373ef19d19d506a889f2746ba348,1,poison_hunter,1.0,Phishing Address
0xc6b1bb5ff8f7ec210e7e79088731d953c808dac2,1,poison_hunter,1.0,Phishing Address
0xc6d2ae999c9f62ef17c2f14e11233ab53999a98c,1,poison_hunter,1.0,Phishing Address
0xc6dd9f905a9540292d2225f3b4a3ca6bcd8837df,1,poison_hunter,1.0,Phishing Address
0xc706074ee6aa34dee2d89d898b952e7c795e6dd0,1,poison_hunter,1.0,Phishing Address
0xc72e786d2820a04bb047ecf1c3d4e4035d748698,1,poison_hunter,1.0,Phishing Address
0xc73a93b6061be48d4aa913a95dbc7de5e883843b,1,poison_hunter,1.0,Phishing Address
0xc75a34b50a7fa8e3139637f00503bad37f363a74,1,poison_hunter,1.0,Phishing Address
0xc76c9943d274e2e4a4921045ccf11a92141b08c6,1,poison_hunter,1.0,Phishing Address
0xc78709f7ced14f49d52163557adce1d9bc5fe27d,1,poison_hunter,1.0,Phishing Address
0xc78c11abe20eddad1a13a2ae222445ea98767aaf,1,poison_hunter,1.0,Phishing Address
0xc792ffee1654dad1b0115bd4269ef0ac9a7fd36f,1,poison_hunter,1.0,Phishing Address
0xc7abfd363991ca75ba74fc8d143aaa04b9831035,1,poison_hunter,1.0,Phishing Address
0xc7b6690694e6851961e86c06b4044fe3bef704a4,1,poison_hunter,1.0,Phishing Address
0xc7bb22c10bbb0aa44dc606af8dce6f60f033dd1b,1,poison_hunter,1.0,Phishing Address
0xc7c41c1a44b1d5a8d0bf73776d8e55051e7adb4c,1,poison_hunter,1.0,Phishing Address
0xc7cabe6842fa079f27807fe7c54c99bed8a1f3b7,1,poison_hunter,1.0,Phishing Address
0xc7d3b3dbc7549dca3b51ca14004878f25c31684e,1,poison_hunter,1.0,Phishing Address
0xc7f1fea39dd59523a03a8522b1fbf908d060aea1,1,poison_hunter,1.0,Phishing Address
0xc7f3cd95a21b3a4a3389ba4e6c296072d2aa2f03,1,poison_hunter,1.0,Phishing Address
0xc7f681cc3cad6d35b2868dc120204dd3c1131f59,1,poison_hunter,1.0,Phishing Address
0xc7f7873752a70333cb9dea3171b72b82c56f7a11,1,poison_hunter,1.0,Phishing Address
0xc804556b3f06bbcb433248655b1e00aa78849613,1,poison_hunter,1.0,Phishing Address
0xc804b81f4696539551f361c41c476fb364e42299,1,poison_hunter,1.0,Phishing Address
0xc81524c354f169418f11f48cf028a748453647b2,1,poison_hunter,1.0,Phishing Address
0xc8169d1f571491470dfc85081f4720cdaeb59771,1,poison_hunter,1.0,Phishing Address
0xc817946674abe7065588358397e7425db17300af,1,poison_hunter,1.0,Phishing Address
0xc82b9eee61096ad53bd57011249eabea73aa61e5,1,poison_hunter,1.0,Phishing Address
0xc8306b78aa76dbda3ffaee6e773a2495181f39af,1,poison_hunter,1.0,Phishing Address
0xc833f681718f63edc98e6f7996f5d3c7481a9270,1,poison_hunter,1.0,Phishing Address
0xc843e2a68f5c4832072c05bfd32601eab4006af0,1,poison_hunter,1.0,Phishing Address
0xc84f19523f4ba6653eeafa88687ace98b95ef64d,1,poison_hunter,1.0,Phishing Address
0xc861da47dddba1ccd3c3e068b1c1645eef17e2ce,1,poison_hunter,1.0,Phishing Address
0xc8702bbe4d6303376029a06a3051bc2f3884260b,1,poison_hunter,1.0,Phishing Address
0xc879f840a23991e69e43d600ff9b1e78e4658c04,1,poison_hunter,1.0,Phishing Address
0xc8903ad7e5ed9a59ad1ba6095cee70492bfa5607,1,poison_hunter,1.0,Phishing Address
0xc89c8b76dcdcebfcd87caa97a15eed4f9c588f66,1,poison_hunter,1.0,Phishing Address
0xc8a8825d343b1c10e50a35d23b1c1f9cce4aacfe,1,poison_hunter,1.0,Phishing Address
0xc8a8bfd7ade8532e1245f37652e5a226c1be7d39,1,poison_hunter,1.0,Phishing Address
0xc8b52fb86d9b229feac386d9798227e2d5e49df4,1,poison_hunter,1.0,Phishing Address
0xc8bbbb27a62de9ff9e723ad051aebf01b29187a6,1,poison_hunter,1.0,Phishing Address
0xc8bbf9f2d85ed62f2c93b6955ffd87e8c15d41c2,1,poison_hunter,1.0,Phishing Address
0xc8beb300c2fa4ee308167b8b5a00aaf22d8dc931,1,poison_hunter,1.0,Phishing Address
0xc8cc24f01f083474356a3a2e7ebb4850cf199f49,1,poison_hunter,1.0,Phishing Address
0xc8ddfcebd0c7ec1def7553e53ab2393efac219a5,1,poison_hunter,1.0,Phishing Address
0xc8e2564f5f268a30dbb4cf65ea483d7b46f89cbf,1,poison_hunter,1.0,Phishing Address
0xc8e47e34d5902c7ed4456b8bec1f16a580389493,1,poison_hunter,1.0,Phishing Address
0xc8f2befa488c98da8937de842a329717efdbaa67,1,poison_hunter,1.0,Phishing Address
0xc8fd3f0a9fb17417650718b78fbdefb0e6db16ad,1,poison_hunter,1.0,Phishing Address
0xc9064e72346d3ba4091c1eb9ab5a9186237e9035,1,poison_hunter,1.0,Phishing Address
0xc913414046365482bff2644578491390d623d79a,1,poison_hunter,1.0,Phishing Address
0xc91388310d2d74a578cef513ea8283fbb4fa5738,1,poison_hunter,1.0,Phishing Address
0xc919ae53b0f7578917fae6d7e868480d35907985,1,poison_hunter,1.0,Phishing Address
0xc91beae832c77f6f94f9c4222223986014ec8cc2,1,poison_hunter,1.0,Phishing Address
0xc91dc80f2e0b5258c58f76167712574a8af5c00d,1,poison_hunter,1.0,Phishing Address
0xc926fb212d8e891038f56e8823c92976f1ffd6a0,1,poison_hunter,1.0,Phishing Address
0xc92a2acb739132f59f6f1254d919ab9668c7b2ee,1,poison_hunter,1.0,Phishing Address
0xc940683389154f9d7b1a97b47683d8d5801cc2f7,1,poison_hunter,1.0,Phishing Address
0xc9534cd82c033d2ab7a500b8e46bb8354a3929b2,1,poison_hunter,1.0,Phishing Address
0xc95d5d516b3508f617c64fc0e562cab828be0693,1,poison_hunter,1.0,Phishing Address
0xc964fd7695f54b1e4c228f2da654a0713d75abbd,1,poison_hunter,1.0,Phishing Address
0xc9697b453795b25407a65950ee74a726417af566,1,poison_hunter,1.0,Phishing Address
0xc96985c5de0c98da8981571938671b537844cd55,1,poison_hunter,1.0,Phishing Address
0xc96bf03e3862fde1832f224ef32ed4f900f71815,1,poison_hunter,1.0,Phishing Address
0xc9908607e1310fce45e74734067c5b4a7a694af8,1,poison_hunter,1.0,Phishing Address
0xc9a10baf77f6ed0649a3d9e86dd20da815026c88,1,poison_hunter,1.0,Phishing Address
0xc9a1d1651532acdd6b3628a819eb50cdcf961022,1,poison_hunter,1.0,Phishing Address
0xc9ad7899d642b0656cd44a059973a0b8a9ca22e8,1,poison_hunter,1.0,Phishing Address
0xc9b0c39e624560fafd4b61ec07b6a2072def2c6b,1,poison_hunter,1.0,Phishing Address
0xc9bd54630562f4d46ec866974f8848df23afbae8,1,poison_hunter,1.0,Phishing Address
0xc9c66324c33283f1a1983667249ad5e3b668f760,1,poison_hunter,1.0,Phishing Address
0xc9d61a485b30fe4107d0cad5fef52a1ad9ef608c,1,poison_hunter,1.0,Phishing Address
0xc9e1faa697f0d8297b0e26aba00b323f679259b1,1,poison_hunter,1.0,Phishing Address
0xc9fe9961307a7cebf7945c2cb95dfd821ef7f9d8,1,poison_hunter,1.0,Phishing Address
0xca09f968ba7aed38502a9d8c740693774ae9f924,1,poison_hunter,1.0,Phishing Address
0xca10d97f1ce36e87ffc38e4fd68eee47a8d5303f,1,poison_hunter,1.0,Phishing Address
0xca413c13e1d2329368778d41e9c5b9f3cd9d26f8,1,poison_hunter,1.0,Phishing Address
0xca4a667af12e6bf26fa2c99b8ec27fed13dbf665,1,poison_hunter,1.0,Phishing Address
0xca5e6b02c85e09a9a96e7c5052056dc6520ea863,1,poison_hunter,1.0,Phishing Address
0xca7619ff7213459cbcf385a9fe2b79f1c632dc01,1,poison_hunter,1.0,Phishing Address
0xca7c175eb22d3f1eff3ecb04fa803b708a41016f,1,poison_hunter,1.0,Phishing Address
0xca7cb491616ba831b1ef76a323cebafb0789903d,1,poison_hunter,1.0,Phishing Address
0xca8de1032d92cb318ac785dc183c89f6ab78a1dc,1,poison_hunter,1.0,Phishing Address
0xca9bc6d9e7de03db6377516981e24d9ebbd7b15e,1,poison_hunter,1.0,Phishing Address
0xcaa83a401f65c46d4edb4830f806874ad729c280,1,poison_hunter,1.0,Phishing Address
0xcab4289634b357d93e24ea8c049865e48273b497,1,poison_hunter,1.0,Phishing Address
0xcab58c85056e3eea032b8789b8e803dcc171943c,1,poison_hunter,1.0,Phishing Address
0xcad4ed87fc85d9febb02603cf9477158826063a5,1,poison_hunter,1.0,Phishing Address
0xcad8fe1541811024b3b3b2accf19864f3cc55de2,1,poison_hunter,1.0,Phishing Address
0xcae3be9529e109e6d61d1a2e74b397b5c2e21495,1,poison_hunter,1.0,Phishing Address
0xcaeb94c9bce51955ef9de59d9be0752100273c31,1,poison_hunter,1.0,Phishing Address
0xcaeeb6b30aa017c257f0c2fdd075db3d46ce6b89,1,poison_hunter,1.0,Phishing Address
0xcaf9a2befd242c1aab81bc1d8c1cb771af979292,1,poison_hunter,1.0,Phishing Address
0xcb01f49adf3a19c8fba075df6dbc3d3729171124,1,poison_hunter,1.0,Phishing Address
0xcb0485a5b17a34d631fe2e7fd43da4d8d2abb77c,1,poison_hunter,1.0,Phishing Address
0xcb0ddefaed97757e624037e28d936d3a95250494,1,poison_hunter,1.0,Phishing Address
0xcb12592267c67c86abcfd79bf75d60fc1c45395f,1,poison_hunter,1.0,Phishing Address
0xcb336a945a95b2285eca46015e6b27c53a4c14dc,1,poison_hunter,1.0,Phishing Address
0xcb4df1f29b0926b09dbdda3488c01e5ec79681e1,1,poison_hunter,1.0,Phishing Address
0xcb548b6ff468d393ce09c3130fd572cbc9f5e480,1,poison_hunter,1.0,Phishing Address
0xcb54bfa35143ffd28b7cf44499d7f6c1e510fc91,1,poison_hunter,1.0,Phishing Address
0xcb65840ecbc4c5ec4ab34c7e9ef2d24f8a81f9e1,1,poison_hunter,1.0,Phishing Address
0xcb69b5cf21b02dffe18ff44ddf7c22fba062327a,1,poison_hunter,1.0,Phishing Address
0xcb84fa68f4026f4b0ec9b989c6f77ca180766aad,1,poison_hunter,1.0,Phishing Address
0xcb96199b2b5a5e5ee392978da24cc03a1ed781e2,1,poison_hunter,1.0,Phishing Address
0xcb9fa8c08364f2d95ba6d56abc98c9826848d244,1,poison_hunter,1.0,Phishing Address
0xcb9ffaa256b81e656f6f2a54bcd5ec9e3721be95,1,poison_hunter,1.0,Phishing Address
0xcbafece1f2a4f688e4fe6e126d9bb9f8aa3370a3,1,poison_hunter,1.0,Phishing Address
0xcbb56ff364cae95a7aef7c3586ecea5d5df09164,1,poison_hunter,1.0,Phishing Address
0xcbb83854c38b88de61cc6680541ae8bf01efa375,1,poison_hunter,1.0,Phishing Address
0xcbc21d366587e1ce0f44203f1e4dd13bed19bef9,1,poison_hunter,1.0,Phishing Address
0xcbf248987a6ec6b4212beb04452ba2b9f6fff7ff,1,poison_hunter,1.0,Phishing Address
0xcc174f0272e4aa3e165485b4a6fe9037153fa875,1,poison_hunter,1.0,Phishing Address
0xcc238fa5030d5ba3cdf222511fb4d938b40385e6,1,poison_hunter,1.0,Phishing Address
0xcc26ccf945f58cf409bb71b52c77fb74b173fa28,1,poison_hunter,1.0,Phishing Address
0xcc31731cdc9043044da67f598b2aa9ec6f8d71f2,1,poison_hunter,1.0,Phishing Address
0xcc4184760fd6e36a43d795d370954ac240de99aa,1,poison_hunter,1.0,Phishing Address
0xcc582506fa61b745b7afebf4ac83b114d8099a1d,1,poison_hunter,1.0,Phishing Address
0xcc5ac7fc4742f05f9ff0f3c57986f162a2ee245d,1,poison_hunter,1.0,Phishing Address
0xcc76927f4e12abc2263d4816afdd94c3461c96e5,1,poison_hunter,1.0,Phishing Address
0xcc80fb648352258229be1edae9e3acf7e136d774,1,poison_hunter,1.0,Phishing Address
0xcc94dd8656d9b1f119487aafd3d93277d597c7c0,1,poison_hunter,1.0,Phishing Address
0xcc957b0be4d45afc99a2342034e46c1476f16fa1,1,poison_hunter,1.0,Phishing Address
0xcc97301fa30771ba79618a99b6569886fb54333d,1,poison_hunter,1.0,Phishing Address
0xcc9bbe31184055addc69bcd7d890865438c05745,1,poison_hunter,1.0,Phishing Address
0xcca30e441354c236238d2a28282cf1f8d81abb2d,1,poison_hunter,1.0,Phishing Address
0xcca7de202c859ed6e76bea9f4816d759f5a6a945,1,poison_hunter,1.0,Phishing Address
0xccb479d88674669087c4d69f90005126f7e45052,1,poison_hunter,1.0,Phishing Address
0xccca5b2c0b9e31fc4d19e2b49b3e69e64de35326,1,poison_hunter,1.0,Phishing Address
0xccd96bbfb30cfe912026fc71f68a3475313ac320,1,poison_hunter,1.0,Phishing Address
0xccd9c7b2d9ba29a42e7740f984eafdba6ec7ef8a,1,poison_hunter,1.0,Phishing Address
0xccf2e7aaea0e1f4fbf12ca1c19ec65621710e28b,1,poison_hunter,1.0,Phishing Address
0xccf48323a0531bea3bfde2fe9afaee62f9d3172d,1,poison_hunter,1.0,Phishing Address
0xcd186697da63703a0e76f0342b18d0b6c27ee759,1,poison_hunter,1.0,Phishing Address
0xcd19e35d498fcf0f334e344c8bc3b92a6feb00ec,1,poison_hunter,1.0,Phishing Address
0xcd1b7ab808ec9f9e4dca1fe19fac7e5a63314b62,1,poison_hunter,1.0,Phishing Address
0xcd1c02e64b6a204395c1f2ca9c217d45787f4917,1,poison_hunter,1.0,Phishing Address
0xcd20950add2491357c30d154fd2d91a5a538a3dc,1,poison_hunter,1.0,Phishing Address
0xcd2aa1b0c569a36bd6da94abceede36a0693c876,1,poison_hunter,1.0,Phishing Address
0xcd2bf0aa527b533b4c844570936a475305f40327,1,poison_hunter,1.0,Phishing Address
0xcd2d3a4ae5dd6cc9fdc7b3c67517c06e92346371,1,poison_hunter,1.0,Phishing Address
0xcd312a42f100c6aeff3362550047d5ad3611c966,1,poison_hunter,1.0,Phishing Address
0xcd695db7d53e055deb21d89ec91071c47f757f9c,1,poison_hunter,1.0,Phishing Address
0xcd6b0a14b81682e57a0db8ef8c3118a331ef1fe8,1,poison_hunter,1.0,Phishing Address
0xcdb4b3e9b64d582037ef620490f72685e0bd4003,1,poison_hunter,1.0,Phishing Address
0xcdc002542882c3808097f1fbea375d470778d908,1,poison_hunter,1.0,Phishing Address
0xcdc4cb566c0a960d5e42d95c97c1c462a1ed0756,1,poison_hunter,1.0,Phishing Address
0xcdcd853d1c32c7fc7b9023f85707df309bf3b821,1,poison_hunter,1.0,Phishing Address
0xcdd097baad2b63776798e5287e77751ef9a12041,1,poison_hunter,1.0,Phishing Address
0xcddc34ed1561d87bb5cb7b730d185ebc30707bd6,1,poison_hunter,1.0,Phishing Address
0xcdf4bfdbf97e89c06e68acb3be5abf77ff6746e8,1,poison_hunter,1.0,Phishing Address
0xce083dd9fe66c8f5a2eb98af407c756d90969e31,1,poison_hunter,1.0,Phishing Address
0xce0ae217ae92bc9bda4b1c7cfbfad334ecab7db3,1,poison_hunter,1.0,Phishing Address
0xce0d0451f7799109b71a77d40549f62e4af55672,1,poison_hunter,1.0,Phishing Address
0xce113224d4cb18ab55496478dbc4ef011eac2aa3,1,poison_hunter,1.0,Phishing Address
0xce119f79e5e34d4ccdb02cfd6f256ad7a5a15185,1,poison_hunter,1.0,Phishing Address
0xce31cc52d5c6688919089fe1c7b7809457efe4d1,1,poison_hunter,1.0,Phishing Address
0xce43a9d64c15893a547e97dccb92667953d823a2,1,poison_hunter,1.0,Phishing Address
0xce4f61d701c0e1f7d5087d45d93aa06614a2944f,1,poison_hunter,1.0,Phishing Address
0xce51cd681ef6ebfb35c2bd2acd086b844e3cb0b3,1,poison_hunter,1.0,Phishing Address
0xce69fb2c263137b2eb512a5800ae176201c9fd8a,1,poison_hunter,1.0,Phishing Address
0xce76744e55c8a9b96feeb85ed5ea44437df14c5b,1,poison_hunter,1.0,Phishing Address
0xce76c20b63ea2d723f3295f84a6676393738847b,1,poison_hunter,1.0,Phishing Address
0xce8355bf9f1c663b2fd661d958edc3861e781d42,1,poison_hunter,1.0,Phishing Address
0xce8630acdb5b352d7c732b1ca5ec74e8b57b24bc,1,poison_hunter,1.0,Phishing Address
0xce881ea742c11e564fa467540f760aa3bfabf41d,1,poison_hunter,1.0,Phishing Address
0xce89b7c8c9953dc201f69688ec4855c3610b9de5,1,poison_hunter,1.0,Phishing Address
0xce9aeeb7c742b19d09ac69ca6806ebba3f73f54b,1,poison_hunter,1.0,Phishing Address
0xce9f3019322abad4950ef246b9a5e4ac28c7ff1c,1,poison_hunter,1.0,Phishing Address
0xcea502caedd439c9f5c498e5054c26d46df11074,1,poison_hunter,1.0,Phishing Address
0xcec6f870a554c8916a533a67a0b997df503c552b,1,poison_hunter,1.0,Phishing Address
0xcec6f870bfe5572bb2fd1ab4e8693ac8e83c552b,1,poison_hunter,1.0,Phishing Address
0xced92fa7fb9b7a3feda95d9fe4f069575dd41ce0,1,poison_hunter,1.0,Phishing Address
0xcedf45ec4391a9257c8e1e0490310a67d4d2bb2e,1,poison_hunter,1.0,Phishing Address
0xcee4ff29ed96b8b3f11231bdbe90d8f1e070e89b,1,poison_hunter,1.0,Phishing Address
0xcee5e40db1f96b993467bc6da127afbb046f6b38,1,poison_hunter,1.0,Phishing Address
0xcee65db8090cae51bad15998c9b59f027d60c2be,1,poison_hunter,1.0,Phishing Address
0xcef59032f5da63aca3bf0b3b7552eb2eb0bfbc70,1,poison_hunter,1.0,Phishing Address
0xcf02cddeaa1bef3019df9e2bfbf1591653211e12,1,poison_hunter,1.0,Phishing Address
0xcf05a09f770057e994dae49bf0aa561e696d3845,1,poison_hunter,1.0,Phishing Address
0xcf0e8fd19ebf1d9e6420c41dd2f6ce2295b27c31,1,poison_hunter,1.0,Phishing Address
0xcf359b9bf2af1d70808f1971a9189f9019f010c9,1,poison_hunter,1.0,Phishing Address
0xcf38e446ce4beb15c5f89adb49756cfb367273c0,1,poison_hunter,1.0,Phishing Address
0xcf431db265eb01af830df68c2a1cb407c7b55244,1,poison_hunter,1.0,Phishing Address
0xcf4fa94065d5009868423e2c992d86d68c228b9f,1,poison_hunter,1.0,Phishing Address
0xcf64538691852948187294b71714e3c49233680e,1,poison_hunter,1.0,Phishing Address
0xcf6a3c955669c9870567d6b529dd8ea966983825,1,poison_hunter,1.0,Phishing Address
0xcf751cc51c4e8751106f3460773a1e7998741311,1,poison_hunter,1.0,Phishing Address
0xcf8e857a7c31e65a9609d8b1945b4ef7c6d626e9,1,poison_hunter,1.0,Phishing Address
0xcfc04ee985645759488b6110de3bf205c538443e,1,poison_hunter,1.0,Phishing Address
0xcfc519258e4506939222f00bfe98b4dab7f79d72,1,poison_hunter,1.0,Phishing Address
0xcfd393dd1e723a820d6124ef0179e6db26e1114a,1,poison_hunter,1.0,Phishing Address
0xcfe490e0a9f4e43595ccd200fedd609b9637d635,1,poison_hunter,1.0,Phishing Address
0xd00bb490eb8c33c40ab11e4a9568532e4f2d083b,1,poison_hunter,1.0,Phishing Address
0xd00bd617eae5f75b73f12b459acdf2b6d532501c,1,poison_hunter,1.0,Phishing Address
0xd00c05542a0b0d3552edffbe91461028db7b7767,1,poison_hunter,1.0,Phishing Address
0xd015153d2333b024fadfdab245f33589bd3c5f3a,1,poison_hunter,1.0,Phishing Address
0xd018d4a41307c86c083813eefc72d89e17e36b94,1,poison_hunter,1.0,Phishing Address
0xd022104392c5cd9317c1ad180086ca023fdc76e7,1,poison_hunter,1.0,Phishing Address
0xd022729cb6c9da3db2af2726340598103c6c278b,1,poison_hunter,1.0,Phishing Address
0xd02cc8bd39c9e2552b24db5f7db0bd21f65e9b4e,1,poison_hunter,1.0,Phishing Address
0xd03215f898fa95f452e35583837131610527a859,1,poison_hunter,1.0,Phishing Address
0xd0380f57686f6a1e99cfc09faf6d1a0a7417577b,1,poison_hunter,1.0,Phishing Address
0xd038e6ee10deae7d138b9b0304a53ce3422cb19b,1,poison_hunter,1.0,Phishing Address
0xd04d2e3a2c67c707c164268ffc8ecda3ae74024a,1,poison_hunter,1.0,Phishing Address
0xd04dc6a60c7e861a762e160e3bf8d6ee31ef8651,1,poison_hunter,1.0,Phishing Address
0xd05060591f02cca1951fffbb187155bc61eaae7a,1,poison_hunter,1.0,Phishing Address
0xd05598eef2136d8ab752d1b8c137862ebe668b55,1,poison_hunter,1.0,Phishing Address
0xd0674db000bf1624068a648c04af7420a7fe0ad3,1,poison_hunter,1.0,Phishing Address
0xd06d443b0390acbb78bfc0ac828de086bb1846e6,1,poison_hunter,1.0,Phishing Address
0xd074ea9c462b13d3131dd1daa5ef7c7925de6624,1,poison_hunter,1.0,Phishing Address
0xd07ac5b01701f448a5e59e1f1d7ae1371e02915c,1,poison_hunter,1.0,Phishing Address
0xd090d0ddc01b8fe5ce57a12419357735815bda6c,1,poison_hunter,1.0,Phishing Address
0xd098ac4bbce4a433c4a7d099bccff4068581b631,1,poison_hunter,1.0,Phishing Address
0xd0a665d5e1ebdd6d70bae04f7e8122259a794e13,1,poison_hunter,1.0,Phishing Address
0xd0a725f12daf9b12dbd1aa212e70741dc1aede14,1,poison_hunter,1.0,Phishing Address
0xd0b77c4c47c50b56ff3cb28651d938d5ad6d9a2b,1,poison_hunter,1.0,Phishing Address
0xd0b7ae82bfc474f9ea095207d773e73a1c3724ed,1,poison_hunter,1.0,Phishing Address
0xd0bbe7ac99ac4cd54df6c24362701d2c29349d98,1,poison_hunter,1.0,Phishing Address
0xd0c0a5847a266f768fec2f3570448773212f883e,1,poison_hunter,1.0,Phishing Address
0xd0c2020ffd8de8d878626d75a61e723e90419990,1,poison_hunter,1.0,Phishing Address
0xd0c3b3445c7a89ba73dcab2426480e6d27fd6940,1,poison_hunter,1.0,Phishing Address
0xd0d0af164d6a6a1f9f9509c3c25acb6a5896ac0e,1,poison_hunter,1.0,Phishing Address
0xd0d81d8734848f6180f186c43b1941f6573ea976,1,poison_hunter,1.0,Phishing Address
0xd0da15b97dc37ce9753cd872d8d0f84b36cbb37b,1,poison_hunter,1.0,Phishing Address
0xd0df5e3fb3d2fb415bd09f7a67f063ff7c07ce5c,1,poison_hunter,1.0,Phishing Address
0xd0e684c0967d15ec6399d5ac000ccd780873e060,1,poison_hunter,1.0,Phishing Address
0xd0e720405f4f7b9c187670ef10b13ae442a8296a,1,poison_hunter,1.0,Phishing Address
0xd0e81b5021bedd3247d4dae96fc7d96e0cee358d,1,poison_hunter,1.0,Phishing Address
0xd1106782ef058d9715f7d196ed40c4be2c24ab2c,1,poison_hunter,1.0,Phishing Address
0xd11c80e9ba44fe1466293170833ccfd6ed4a0bb9,1,poison_hunter,1.0,Phishing Address
0xd1239ed6d198c8dbba2df997e7930102d0764c5c,1,poison_hunter,1.0,Phishing Address
0xd1258793653b67bd5f4d46c210c5c6379b524d8d,1,poison_hunter,1.0,Phishing Address
0xd12cdc09eaf66b37080cb1801a16a83fc87b2b7e,1,poison_hunter,1.0,Phishing Address
0xd133b8c27d8da8ee4752b5d2daaff3b62c2d76bc,1,poison_hunter,1.0,Phishing Address
0xd1375db161075f2c238b07abe2655b1d8e191765,1,poison_hunter,1.0,Phishing Address
0xd138dac2655120ec611c7456ba3ed5fd80624184,1,poison_hunter,1.0,Phishing Address
0xd139e15c4905b764764faceb12abd65a092cdfbe,1,poison_hunter,1.0,Phishing Address
0xd144eae54b71f9a7275bff0ff1eecbc601e3b3fd,1,poison_hunter,1.0,Phishing Address
0xd147a1b31f6c1f71f1278e010c1cfd07b7dca8d7,1,poison_hunter,1.0,Phishing Address
0xd15d6af0218bfd185a4d416cd1c4dfb619c2341a,1,poison_hunter,1.0,Phishing Address
0xd15dc2303dede777fce6732ba4e211ccaf9b4eb9,1,poison_hunter,1.0,Phishing Address
0xd163438fcf1b1b9d1e97a64d2103b5f6d5466a73,1,poison_hunter,1.0,Phishing Address
0xd163ad994f7958f346d6e92686b15a81164cd3dd,1,poison_hunter,1.0,Phishing Address
0xd17b83eecdae11c4157943f9afca563a8aff732b,1,poison_hunter,1.0,Phishing Address
0xd17efa99d77cccfc7d22cc9ea03e75c51367c69b,1,poison_hunter,1.0,Phishing Address
0xd1854fa208bb5c5f26ec5f52a881ee89332043e3,1,poison_hunter,1.0,Phishing Address
0xd18b25c4c5e30194b663e641a709b3faf539968c,1,poison_hunter,1.0,Phishing Address
0xd18dfce985e6b46d393281abdf27ef0550f3c337,1,poison_hunter,1.0,Phishing Address
0xd1a126a378317c34df27c30ddb364ea3202d7355,1,poison_hunter,1.0,Phishing Address
0xd1a4f922a6c6418d7778d5c2d94a79e7f9ba2168,1,poison_hunter,1.0,Phishing Address
0xd1ae2cf8b33cc033d21934421c053b6a97206cf2,1,poison_hunter,1.0,Phishing Address
0xd1afc9adb0cb40c75bdaad3e6bd47832dac9b014,1,poison_hunter,1.0,Phishing Address
0xd1b94d7dec32bf0b16efc3afa956f74ab0d4478d,1,poison_hunter,1.0,Phishing Address
0xd1c6cf7e6d78bb8209496c497f6ab66630b8e37a,1,poison_hunter,1.0,Phishing Address
0xd1cd8f25c4cb26c6848e3cca70d7fee040810618,1,poison_hunter,1.0,Phishing Address
0xd1d0b37a2547b356c60a0d0bf3861784116ecb05,1,poison_hunter,1.0,Phishing Address
0xd1d0b5b0941fdcb17afde54cf59ad6945a4897ba,1,poison_hunter,1.0,Phishing Address
0xd1d2dbd1623a10adc0c145286882c317569dc6ed,1,poison_hunter,1.0,Phishing Address
0xd1d30e0e65b814981104d520ce9dd23b71aebfc1,1,poison_hunter,1.0,Phishing Address
0xd1da03fec44dfd7563c9414fb0925cbc20805dcc,1,poison_hunter,1.0,Phishing Address
0xd1f725c06a2ba1a376cb31ec12fa63c7c3d19799,1,poison_hunter,1.0,Phishing Address
0xd22b3c20a71ebcd7f02d44d0c423fea628e67aaa,1,poison_hunter,1.0,Phishing Address
0xd239dc068d324ad4d237a1565efff3b6238a9ea1,1,poison_hunter,1.0,Phishing Address
0xd249d153ba80844c33f18c6b173237f2c0a9b53d,1,poison_hunter,1.0,Phishing Address
0xd256ff61428e1bf0282d4cd36261618faac3d8e6,1,poison_hunter,1.0,Phishing Address
0xd25ce0634d06337f995af80becb9edc1238f89b5,1,poison_hunter,1.0,Phishing Address
0xd260544cba3091437455220d3293d0d37e7b2cab,1,poison_hunter,1.0,Phishing Address
0xd26ea664f058e90a74f7db26bef6ef068badabbd,1,poison_hunter,1.0,Phishing Address
0xd271de4eaf545d3e4c3ec8ecb97a15fedff23630,1,poison_hunter,1.0,Phishing Address
0xd273eac12769d76ddc54ddef2be50674c9b47efb,1,poison_hunter,1.0,Phishing Address
0xd2763572f2f5937e5f2557bd5f2a3b4937654810,1,poison_hunter,1.0,Phishing Address
0xd285c451ead770a06910390466ceed1d959445b3,1,poison_hunter,1.0,Phishing Address
0xd28610182ced6d6bf0463e94e9f28728f44e3758,1,poison_hunter,1.0,Phishing Address
0xd28b656bafaa2ed1b0e499f348412fe867d5acf3,1,poison_hunter,1.0,Phishing Address
0xd29d5535020ea27ece671696a70b622e5fe7b39e,1,poison_hunter,1.0,Phishing Address
0xd2aa5d528e9b9a7b075a9d019540dac5e96460fb,1,poison_hunter,1.0,Phishing Address
0xd2ad3b0a74637f95634b161f09a2e01f50cec11e,1,poison_hunter,1.0,Phishing Address
0xd2bf65a2496183904e5445e62a28699ec2863f04,1,poison_hunter,1.0,Phishing Address
0xd2f171bbd88ea3e09b4764141e7aa1be00bd145c,1,poison_hunter,1.0,Phishing Address
0xd2f9d135d34573e0e1c9d80969ff4cc4d4771bcc,1,poison_hunter,1.0,Phishing Address
0xd304cc0172f6f4b204870aa3789ba4c76cd4ef7b,1,poison_hunter,1.0,Phishing Address
0xd3074cc2191138bd5a344ff2fb618f9a369e3742,1,poison_hunter,1.0,Phishing Address
0xd30bd697d1cdd893baf1e56553e2970b04cc64b7,1,poison_hunter,1.0,Phishing Address
0xd330008d49ce6fa7b657176a59397fedf3dad674,1,poison_hunter,1.0,Phishing Address
0xd334eafa9b0d30646fc48673472c8775dc559eed,1,poison_hunter,1.0,Phishing Address
0xd3397c517db42f7a2ed26446a7e0b36397e3e0c6,1,poison_hunter,1.0,Phishing Address
0xd340bc8542ee6eb5a3bf91393995c61a54086a83,1,poison_hunter,1.0,Phishing Address
0xd34c30c83d530e744b5df5630fa0e810e25204c0,1,poison_hunter,1.0,Phishing Address
0xd34d3d0341c2c7eb6b61704c5d1fe4574ab55db6,1,poison_hunter,1.0,Phishing Address
0xd35b290561b40018d7b3e4847f773f021824bb0f,1,poison_hunter,1.0,Phishing Address
0xd3674a62130d58cee297651c23484fc9c19df2c7,1,poison_hunter,1.0,Phishing Address
0xd369cd7423e8a377ea56a22d6fe7105f045f6040,1,poison_hunter,1.0,Phishing Address
0xd36f7705292b32c1dd9371b71882d0316408c0c6,1,poison_hunter,1.0,Phishing Address
0xd38123ccacbd5bdc79fecb6e7e96c4d2c0cc54e8,1,poison_hunter,1.0,Phishing Address
0xd38ba939fae861578910bc9a293cc7e5f2c32d8b,1,poison_hunter,1.0,Phishing Address
0xd38bc44f6fe8abd26df828dbabeb796ad692e7ba,1,poison_hunter,1.0,Phishing Address
0xd3c59a9fdb6c5ee1eb4391286ba9aaa64d9b64da,1,poison_hunter,1.0,Phishing Address
0xd3c6e317abd0f8a34f7ff0e2bcc3189c29656b1a,1,poison_hunter,1.0,Phishing Address
0xd3d074049b61c09fd060bfb03d613c43543c44d4,1,poison_hunter,1.0,Phishing Address
0xd3e0a297119dc91fb2f709303466a55277d314b3,1,poison_hunter,1.0,Phishing Address
0xd3ffa747e5dd0e92d1c8b673a8b971e343229ce2,1,poison_hunter,1.0,Phishing Address
0xd4082d95eb16bf42cff13b41f9d95bac6957486b,1,poison_hunter,1.0,Phishing Address
0xd40c18ada42780751bf0279deafc38cffc3f1f1e,1,poison_hunter,1.0,Phishing Address
0xd422943054a7d0a5ea3b178e7e9c2ab68077438c,1,poison_hunter,1.0,Phishing Address
0xd426be5bfacfea68b5b9a924e94ef944065088d8,1,poison_hunter,1.0,Phishing Address
0xd4348f43d884bb6981965957016e10a355510f45,1,poison_hunter,1.0,Phishing Address
0xd436c486faf85f6d96fb073b2eae690b63a801f8,1,poison_hunter,1.0,Phishing Address
0xd43d6fb0e1bce59207c5d4a83d9d5f9fcb49e9a5,1,poison_hunter,1.0,Phishing Address
0xd481d4a2c191c4c989a0423c534a8eedc0951a97,1,poison_hunter,1.0,Phishing Address
0xd482facd3926779f3c7736ac01c5c9b3ffd72a00,1,poison_hunter,1.0,Phishing Address
0xd48b340ed1452ec6ec20cfbb59783603928ffd1b,1,poison_hunter,1.0,Phishing Address
0xd48be189830dcf4353d3eeda992fc678466721a7,1,poison_hunter,1.0,Phishing Address
0xd48ed3454a29284613238a484944049421d46bee,1,poison_hunter,1.0,Phishing Address
0xd4b9e8f78f6814dd65677ab0d9afb34d9edea9ba,1,poison_hunter,1.0,Phishing Address
0xd4bf5fcb014556b886d0a20bc83ed0150919cde2,1,poison_hunter,1.0,Phishing Address
0xd4d8f736742f674a87eec6293b35e6feb104366e,1,poison_hunter,1.0,Phishing Address
0xd4e210eafd1bed4baacf6a268e4bffa89f47b782,1,poison_hunter,1.0,Phishing Address
0xd4e856005e459fcf0a1213d4fbeef04378eaf8a0,1,poison_hunter,1.0,Phishing Address
0xd4ee928dd2716136840e7a9b395edb5008ceee5f,1,poison_hunter,1.0,Phishing Address
0xd501d52aded11a1fda2382807348621ae433271f,1,poison_hunter,1.0,Phishing Address
0xd507d4af71375e185d482a6223c572f57450de01,1,poison_hunter,1.0,Phishing Address
0xd51c91a7c6c9bb223ce5627398e9cc82c21ef406,1,poison_hunter,1.0,Phishing Address
0xd52301f0f3a5eef858fcb9648cd2ed2e986fddbb,1,poison_hunter,1.0,Phishing Address
0xd52bbc333e3a2c2f3638d74dcc607f41823a352a,1,poison_hunter,1.0,Phishing Address
0xd53956a3b778d2fef14686f403b0ea1e0e82cd20,1,poison_hunter,1.0,Phishing Address
0xd53cf10bd02524cde8310c4ab1a58c65391b3a4c,1,poison_hunter,1.0,Phishing Address
0xd5417e96dcdd602c9a491073c2e9a023de12c719,1,poison_hunter,1.0,Phishing Address
0xd5422810be1e558a7ddd45b93a54658f013f6f74,1,poison_hunter,1.0,Phishing Address
0xd55a7f8b3c7b05d0bbbada2bfda1397570704f57,1,poison_hunter,1.0,Phishing Address
0xd55c9a801be3e453cf7468883a0f2e62cd92af3a,1,poison_hunter,1.0,Phishing Address
0xd5623a5d49fe7ab2503f4cb0348125b85d22ee49,1,poison_hunter,1.0,Phishing Address
0xd563690df2f490ed30fb901aa7df236b70b56a3e,1,poison_hunter,1.0,Phishing Address
0xd56720f6deec000ec624f295bf10ce35325f6112,1,poison_hunter,1.0,Phishing Address
0xd57b76db2cccea8b4aed3a1e117b8dbab5c0e923,1,poison_hunter,1.0,Phishing Address
0xd589a778c5e2f88d75640fd16fd14e0c428a9029,1,poison_hunter,1.0,Phishing Address
0xd590deb37fbf6be3ac3ca7badf254f3704a24c87,1,poison_hunter,1.0,Phishing Address
0xd595710ae9e8e475eede1448c3df02ae894c6d89,1,poison_hunter,1.0,Phishing Address
0xd59e8bdd5591ea9175ca5474f7a7c50afe8a1ccd,1,poison_hunter,1.0,Phishing Address
0xd5b4f44e46cb8ccd7aa285637b738946f5782d9e,1,poison_hunter,1.0,Phishing Address
0xd5b92795eb8090459f5adfb77b58b522985100db,1,poison_hunter,1.0,Phishing Address
0xd5ba8a52a8292781c4e600e979b5d0a175f42667,1,poison_hunter,1.0,Phishing Address
0xd5bc8aab4a4178560230a5b207e3c8bed7f7d5ef,1,poison_hunter,1.0,Phishing Address
0xd5bef096661a969e1ddbbd7857b4acef2efd0b51,1,poison_hunter,1.0,Phishing Address
0xd5bfd6e5c0b964652019b53b09fe71867cde4732,1,poison_hunter,1.0,Phishing Address
0xd5c1aa36f25be73012db118fa9c4b788bebec565,1,poison_hunter,1.0,Phishing Address
0xd5c84d465af0bae59c5021009ad69bcc267f96cc,1,poison_hunter,1.0,Phishing Address
0xd5c9b5a929ba6c4f19e3c3af3b690dbc501b1883,1,poison_hunter,1.0,Phishing Address
0xd5d40ca23fb4130a1e81284baf11a317276eae5f,1,poison_hunter,1.0,Phishing Address
0xd5d8407b173fa81cffa7679c0208a2b99611f3c8,1,poison_hunter,1.0,Phishing Address
0xd5e23be631cd50230baf6b798777660f0f934685,1,poison_hunter,1.0,Phishing Address
0xd5e85d481488eba9122c4dffa75844cef1406788,1,poison_hunter,1.0,Phishing Address
0xd5eecaf50d969686ba8e299ec4e664f456aded5e,1,poison_hunter,1.0,Phishing Address
0xd5f09add50ec249b3280ae05238cfa385773668f,1,poison_hunter,1.0,Phishing Address
0xd5f4afb3eeed876fd41de8212689500f78e23400,1,poison_hunter,1.0,Phishing Address
0xd5fba149cbeee500305fa0f367e82dc3a39794b6,1,poison_hunter,1.0,Phishing Address
0xd609143d1d6ecaa61244bbca3ee9af4e23b8fc9a,1,poison_hunter,1.0,Phishing Address
0xd6100868936fbe15d8b61ea40dabf6e6a06e8c73,1,poison_hunter,1.0,Phishing Address
0xd61e9eee19f523a101b3702dfd1e993ce989b4bd,1,poison_hunter,1.0,Phishing Address
0xd628f7c4a90310a5814bc1cafd4a9013c3b1d9a2,1,poison_hunter,1.0,Phishing Address
0xd646faf2ba98361c9af7512a4fd7a702253903c5,1,poison_hunter,1.0,Phishing Address
0xd64adb6f28b5920e9ee699bf7a313f0aa3b25725,1,poison_hunter,1.0,Phishing Address
0xd64b92ba3900454dd5d4494d12760461d63ab08b,1,poison_hunter,1.0,Phishing Address
0xd6505eabbad760570968296d8403498b3ca3ef49,1,poison_hunter,1.0,Phishing Address
0xd65ac35c46cff3318287cdf755fa57113d5e387f,1,poison_hunter,1.0,Phishing Address
0xd65cab5c276504384ce4364824e130f6f7078858,1,poison_hunter,1.0,Phishing Address
0xd6608b8225855cba7e0000063cb940ffbbcc00e6,1,poison_hunter,1.0,Phishing Address
0xd662ecc5129bad5c03b6fec044802b0fab543e79,1,poison_hunter,1.0,Phishing Address
0xd66b7b179053085843ea04084c30467076605a9d,1,poison_hunter,1.0,Phishing Address
0xd676e48b89fedd759625314b11b4dfea91044324,1,poison_hunter,1.0,Phishing Address
0xd67ac36cccc5b5bd0971d78441d5d51784b5f407,1,poison_hunter,1.0,Phishing Address
0xd68177c18300b76dc2db0fd811c4321fbd2a76fd,1,poison_hunter,1.0,Phishing Address
0xd681f7fe0fcaa3e81fbcdb98b0e5923fa224e533,1,poison_hunter,1.0,Phishing Address
0xd6898fe25fa91dd526db4abd7168f2e782883eda,1,poison_hunter,1.0,Phishing Address
0xd6913711c9e23ea01c7ed909c2900230ee2d1317,1,poison_hunter,1.0,Phishing Address
0xd6bbf5a89f5a6d42659f6af9332ce498fd150ca1,1,poison_hunter,1.0,Phishing Address
0xd6c3c3ecdcdda0cd9407039ace76be7205e1746f,1,poison_hunter,1.0,Phishing Address
0xd6cd4c0336039f263a179c2eda76a581d9a80634,1,poison_hunter,1.0,Phishing Address
0xd6cdca88b8f76fc885f94490ca5f3484a298fe8b,1,poison_hunter,1.0,Phishing Address
0xd6e3b16883852116185973b8328cb84cac90fd17,1,poison_hunter,1.0,Phishing Address
0xd6ec0696418efc30eabe67ef90cbe35275707eaf,1,poison_hunter,1.0,Phishing Address
0xd6f6f5a25586c5c4898a8a6513c960d3d0997812,1,poison_hunter,1.0,Phishing Address
0xd702e55a0be8af134c695ce24abb5a2a820bb136,1,poison_hunter,1.0,Phishing Address
0xd705a7006060b8c3dbd17284d4e14fca1459ad4c,1,poison_hunter,1.0,Phishing Address
0xd70cca5b8987d2cca0339e70041d427f722c64bc,1,poison_hunter,1.0,Phishing Address
0xd71692f12bdccfbd8dabeb2fc6f0765b478f24f6,1,poison_hunter,1.0,Phishing Address
0xd71904198fdd32b2391aa70cb4b7753011ba68b1,1,poison_hunter,1.0,Phishing Address
0xd71dacce80f17eea68daf78a0440a81550c893f0,1,poison_hunter,1.0,Phishing Address
0xd72ca91ca6fd42d9bb8132e94680c33bddbd8392,1,poison_hunter,1.0,Phishing Address
0xd7309c112034ebe4b95eaabac65c5941615ff722,1,poison_hunter,1.0,Phishing Address
0xd73fe36ef99be85f4ddd3a2039538b3fddb3009f,1,poison_hunter,1.0,Phishing Address
0xd7411156935090b7e8afc95d497a347eb4752715,1,poison_hunter,1.0,Phishing Address
0xd747c7a485137e5bd3149568113a6af3284968f3,1,poison_hunter,1.0,Phishing Address
0xd755e77b214c753ea56da9cd0f92087d70f7b9e9,1,poison_hunter,1.0,Phishing Address
0xd7621e61d8e150e4493f2dd37da65696a3a0c0a2,1,poison_hunter,1.0,Phishing Address
0xd768ef9e8cb4f2596e6d4c43027a6dac7f4b5d73,1,poison_hunter,1.0,Phishing Address
0xd76fb242954bc36b24b7ab640021f3ff2d31fece,1,poison_hunter,1.0,Phishing Address
0xd76ffd21f56b5606110649e6920fd0801e3eaa91,1,poison_hunter,1.0,Phishing Address
0xd791879424f3e27d625f0efd4a3b4f4175cbc2b3,1,poison_hunter,1.0,Phishing Address
0xd7bc31524d790b6a0fa4736fd6b3e45e8d2e285a,1,poison_hunter,1.0,Phishing Address
0xd7dc8b38be7a74046f7953312399f264b2514e93,1,poison_hunter,1.0,Phishing Address
0xd7e1c126e076c1467abac5d50aed6c46bf293628,1,poison_hunter,1.0,Phishing Address
0xd7e88e3160a54df1d8a8a3a1248b7cd5b92c2e25,1,poison_hunter,1.0,Phishing Address
0xd7e9dc680449182411ac08cbd1c95b87298805bb,1,poison_hunter,1.0,Phishing Address
0xd7ebd91904f9a34ff94dfbd9a12aaa072199589b,1,poison_hunter,1.0,Phishing Address
0xd83457ed278dd61f55b4699c878268f7f8822700,1,poison_hunter,1.0,Phishing Address
0xd83479a90eef10045c97cc0eb3612f27492c8363,1,poison_hunter,1.0,Phishing Address
0xd836f6a99f039e3b5b0d2056055904b9a59f317d,1,poison_hunter,1.0,Phishing Address
0xd83aeac8ac6f78b563f1f802ec9913c5a7ade0a6,1,poison_hunter,1.0,Phishing Address
0xd83fa6c27a831d3bc98a3cb5ffb8a17ef92ebba1,1,poison_hunter,1.0,Phishing Address
0xd858107d71a12dcbd8b091e6348954b593540695,1,poison_hunter,1.0,Phishing Address
0xd859cdfffaeafc890bcaa6965593068994310aa4,1,poison_hunter,1.0,Phishing Address
0xd8618515896d6f3822283e63b2b249005f329c6e,1,poison_hunter,1.0,Phishing Address
0xd87dd8a0cc24abe15f034deb6f82e2caf3b5350e,1,poison_hunter,1.0,Phishing Address
0xd892e45c08b0dfe341ccee2e27693d74d89ec6f1,1,poison_hunter,1.0,Phishing Address
0xd8a012d47bab639252842225fa28f446fa391dc5,1,poison_hunter,1.0,Phishing Address
0xd8a20a373750b73fd7c570a4852e3adae1e18773,1,poison_hunter,1.0,Phishing Address
0xd8ad705a91f5ac306057f00798423ad9d7f506f4,1,poison_hunter,1.0,Phishing Address
0xd8b5d3b671269372d8bca546cb99c70fa02ce6cd,1,poison_hunter,1.0,Phishing Address
0xd8c4825795c810fca178aa1f62a4eb00d8959bf6,1,poison_hunter,1.0,Phishing Address
0xd8d9d27e93479aa12b4fe1a8a7d28477bf2dc53d,1,poison_hunter,1.0,Phishing Address
0xd8e6763e829ed9010bdc1e121ba442190a9f3e07,1,poison_hunter,1.0,Phishing Address
0xd8e9ab0856ced6953423b99806c76b5a73c10844,1,poison_hunter,1.0,Phishing Address
0xd8f70dd36e6e8da15a2a8ef3d17f4330635bc353,1,poison_hunter,1.0,Phishing Address
0xd9103688fba1b25240a2d454aad1c5e0c3d8cc3a,1,poison_hunter,1.0,Phishing Address
0xd925c0231b2be102e58beb772e2eeeaeb64fbe5a,1,poison_hunter,1.0,Phishing Address
0xd92b2a99d9d63e9196c6c778d50952b2884ce395,1,poison_hunter,1.0,Phishing Address
0xd93b13c88461dabdf038f8f66f80b4f04b2e21de,1,poison_hunter,1.0,Phishing Address
0xd93e905e28003df88b0c4e2fd5952be46c7c9555,1,poison_hunter,1.0,Phishing Address
0xd943171f557d3925f5d1c9b39d0dc15b9b401505,1,poison_hunter,1.0,Phishing Address
0xd9558aeeb1d60943ccb34d3f073d8cf5e93797e4,1,poison_hunter,1.0,Phishing Address
0xd96373763c76bdd861472c90d6037e667cd49e14,1,poison_hunter,1.0,Phishing Address
0xd967d89c2dcda2cb144935237db5d7aa4be5d390,1,poison_hunter,1.0,Phishing Address
0xd96f13f030940d2af9ae39dce59a31b65833eced,1,poison_hunter,1.0,Phishing Address
0xd975535b300f21d97c307aba615e7c083dd8742a,1,poison_hunter,1.0,Phishing Address
0xd975cb9d4bfd461b791338c1bfe20ea52e90624a,1,poison_hunter,1.0,Phishing Address
0xd977551b90197cefa7d4c39e01ba1341c404e728,1,poison_hunter,1.0,Phishing Address
0xd97db886d3538eba245c1866a4a7dc3714ea77cc,1,poison_hunter,1.0,Phishing Address
0xd9a968c40fd470191374ca8ec3d249ef0b522a2a,1,poison_hunter,1.0,Phishing Address
0xd9ae4170b4051016242bd241c487c064698e958c,1,poison_hunter,1.0,Phishing Address
0xd9b15d8d0da8338f7dc8fdc814658ed73d404d4e,1,poison_hunter,1.0,Phishing Address
0xd9ea88404285a43d47bdb8c82f0b8a91c5160047,1,poison_hunter,1.0,Phishing Address
0xda0a7ce64dc2ee9ce11ce95f4cb3edd1b9d88bc3,1,poison_hunter,1.0,Phishing Address
0xda0fd43b1b81c5d94758a65eed035827bfef9988,1,poison_hunter,1.0,Phishing Address
0xda1e7131493ba345f0fda2e408a8ada6aaa5015b,1,poison_hunter,1.0,Phishing Address
0xda286a5b83f997ffc4b316ad4fcc5ecd82b5efda,1,poison_hunter,1.0,Phishing Address
0xda2cbb8afc56cd917e58f5f86276e98e46bd1d68,1,poison_hunter,1.0,Phishing Address
0xda30e91079b6a6ddc4112d91b70b8f08723e01b7,1,poison_hunter,1.0,Phishing Address
0xda368b1a9afae4c84aea9d0629f4ac6ae88c3248,1,poison_hunter,1.0,Phishing Address
0xda395bd6005319cbd8f4c54781b2207078ba01ac,1,poison_hunter,1.0,Phishing Address
0xda3d7929517b4a7346fe9f3ee739cb172734442f,1,poison_hunter,1.0,Phishing Address
0xda40a7263d2efb46c0844a477cbe266836556550,1,poison_hunter,1.0,Phishing Address
0xda5436fedbf10f19671f5a06a6764c8083db3255,1,poison_hunter,1.0,Phishing Address
0xda5de4efc43fb1536ac0864e43fa4a106285bfc6,1,poison_hunter,1.0,Phishing Address
0xda68970626e4e84cad5636e61de8ad126a96707b,1,poison_hunter,1.0,Phishing Address
0xda96831bcc1c7bca740472a5f5ca06e4acf644c1,1,poison_hunter,1.0,Phishing Address
0xda9c778ce2bbd947e94b18910bd05e67fff86837,1,poison_hunter,1.0,Phishing Address
0xda9e80a48143cae3cef89d880bba8786cb23811e,1,poison_hunter,1.0,Phishing Address
0xdaa3adfe15ce62d10f3c4720f0a77f24d16ca80a,1,poison_hunter,1.0,Phishing Address
0xdaa5f07199f2eaf3b22fb7331e64299e57cd95a2,1,poison_hunter,1.0,Phishing Address
0xdac17f9581371d16c3e80cd30d2687cfd6831ec7,1,poison_hunter,1.0,Phishing Address
0xdac57ef967d56d34c85fde332749978e491f293e,1,poison_hunter,1.0,Phishing Address
0xdad24044f2203f55743b2642b59da0a6ce1e0c81,1,poison_hunter,1.0,Phishing Address
0xdaea76476c767438bc48458bb6924803e2bb5915,1,poison_hunter,1.0,Phishing Address
0xdaec8e628f114d6604ef8cdd5849453ec3e48d53,1,poison_hunter,1.0,Phishing Address
0xdaed48cc0febd83ee3fe5578a90add9e67539405,1,poison_hunter,1.0,Phishing Address
0xdaf0628628c2482f17a75391d8db8e86cd0374a6,1,poison_hunter,1.0,Phishing Address
0xdaf17cbb18559da0a66e6115d7a7d491bf77e879,1,poison_hunter,1.0,Phishing Address
0xdafc91b314fe6a5d4a207c82efc9a9b5285769f6,1,poison_hunter,1.0,Phishing Address
0xdb0427c7fb99e7467576390ea9a5e848de54835c,1,poison_hunter,1.0,Phishing Address
0xdb05defad9070d30df65d0b7084d0c305c7cb097,1,poison_hunter,1.0,Phishing Address
0xdb0830acdce93243905cd7825390fce2c84c969a,1,poison_hunter,1.0,Phishing Address
0xdb0a09bb4c3decc0cc5c937a8e135de99262fb07,1,poison_hunter,1.0,Phishing Address
0xdb133d3345b5e7e44195e5ab199821a20c34972b,1,poison_hunter,1.0,Phishing Address
0xdb21a0b59e16d8633e6b09e2351ef43dc021968c,1,poison_hunter,1.0,Phishing Address
0xdb2444b07b27bef747936519145146f0479b41ec,1,poison_hunter,1.0,Phishing Address
0xdb275209e8740aea6ac2e1331dcca702c2aeaf23,1,poison_hunter,1.0,Phishing Address
0xdb2ba0eab96ed264ac00df26b9ba2d658a2e5870,1,poison_hunter,1.0,Phishing Address
0xdb34200bbdabf72eeffd71a6a1a5a748e777eecb,1,poison_hunter,1.0,Phishing Address
0xdb3b9482cdead96c9336e920ca34a614c3f3ff74,1,poison_hunter,1.0,Phishing Address
0xdb41a49c417b3c6d1a3811e75fb297aabf449319,1,poison_hunter,1.0,Phishing Address
0xdb41e6a544c7db5dccf8c5b2f28ebc7e2483989d,1,poison_hunter,1.0,Phishing Address
0xdb42e9e4435cfa420ad668e152f53a0fd208582f,1,poison_hunter,1.0,Phishing Address
0xdb55e94b4202d354e9a388fd4520bae7192c365b,1,poison_hunter,1.0,Phishing Address
0xdb5770603fc8d0ca194bf2a16fdba0b9753d39c2,1,poison_hunter,1.0,Phishing Address
0xdb5a7c9c548577945e52d3a0d357d12192d7761b,1,poison_hunter,1.0,Phishing Address
0xdb65cb9a02765e88f560bfa727b6808f0c447ae5,1,poison_hunter,1.0,Phishing Address
0xdb695e2c707c3aff18f13e9ce9794e382fdbae40,1,poison_hunter,1.0,Phishing Address
0xdb70c5162c37687c1c3804063b8c70601098ef3d,1,poison_hunter,1.0,Phishing Address
0xdb7266ece740cc29e42f4373705640a9aafd4edd,1,poison_hunter,1.0,Phishing Address
0xdb8ae29678127ad6800dd4e145982504c682a782,1,poison_hunter,1.0,Phishing Address
0xdb950fda0a2adaac2c12a1bb27f6c7c34949cd56,1,poison_hunter,1.0,Phishing Address
0xdb9a82d41c531dd0cf3e944f42668441a51f2bb7,1,poison_hunter,1.0,Phishing Address
0xdbbbd1a22f60e87eb7fca966dd812ddd4915f1b8,1,poison_hunter,1.0,Phishing Address
0xdbe723b63fd654a92665d7ae1525a01ac46f1b8f,1,poison_hunter,1.0,Phishing Address
0xdbe8cd9067db3a79026acbf7861c774d180fc656,1,poison_hunter,1.0,Phishing Address
0xdbf73fe1d8eef2d231924e125aa7edab4da0378e,1,poison_hunter,1.0,Phishing Address
0xdc03491f76a5b1810d02724695cda821c2de0cca,1,poison_hunter,1.0,Phishing Address
0xdc0ac96210500c2dada00aa9993e802e61e9b2e9,1,poison_hunter,1.0,Phishing Address
0xdc251455951986b701037e3cca39d2b360585e1b,1,poison_hunter,1.0,Phishing Address
0xdc2a09765cb11ecccfcbf69fd6b2bbe1fd481566,1,poison_hunter,1.0,Phishing Address
0xdc31eaad2615730a49d80d7c8f10da9843bf719a,1,poison_hunter,1.0,Phishing Address
0xdc3d377318cab5bfc30361667ed87aad623d0b4e,1,poison_hunter,1.0,Phishing Address
0xdc3f7eef04706f69553efab1b147d5b6a8de9b96,1,poison_hunter,1.0,Phishing Address
0xdc598f98f826a836c1d409d430c62f419de7b887,1,poison_hunter,1.0,Phishing Address
0xdc5b6fa9125b89c66332c56c88bd54120c9d4527,1,poison_hunter,1.0,Phishing Address
0xdc5d28588b0379ffb0df2d1d181d5c799ab90265,1,poison_hunter,1.0,Phishing Address
0xdc680a430bbfcdd582a36fa2b9ecfab55e30f206,1,poison_hunter,1.0,Phishing Address
0xdc6f121924443ec600a5ba8162dbf39c0729fd31,1,poison_hunter,1.0,Phishing Address
0xdc6f404ed8702cb0ad7fd94c8bc7f6d37ea78299,1,poison_hunter,1.0,Phishing Address
0xdc7a2112372e58952aaeb141d2487fca73725961,1,poison_hunter,1.0,Phishing Address
0xdc815879468c493e916a37729ec48f3e94446afb,1,poison_hunter,1.0,Phishing Address
0xdc8725156b1f77de2bb5772fe34faec30110f53e,1,poison_hunter,1.0,Phishing Address
0xdc913b70bdc70792aacff4a601319c41aa0bda72,1,poison_hunter,1.0,Phishing Address
0xdca2a441810e6205efe85d3bbcc305d250f86215,1,poison_hunter,1.0,Phishing Address
0xdcad96fdc8fc1a5d8a6f4ea9850e225e49881742,1,poison_hunter,1.0,Phishing Address
0xdcc328b2fdba55deac476bfa77778f130fd45686,1,poison_hunter,1.0,Phishing Address
0xdcc891b92e17d02d135dd09c7d882418b1c59424,1,poison_hunter,1.0,Phishing Address
0xdcdb88f342790b78a2b9d83b94aa5181f106314c,1,poison_hunter,1.0,Phishing Address
0xdcf8e29dbf3293f61898054a635572961fa6b39f,1,poison_hunter,1.0,Phishing Address
0xdd017c4d4a40d9490bd8da7f29cb1250c90744f4,1,poison_hunter,1.0,Phishing Address
0xdd33598e2e7835bb6802585b23ff09c23e12a785,1,poison_hunter,1.0,Phishing Address
0xdd61345b7a996b3db24832059f79f6cc6a3c562e,1,poison_hunter,1.0,Phishing Address
0xdd63e805b2ef0b6897db8a12a48560774e871364,1,poison_hunter,1.0,Phishing Address
0xdd63eb68fbbc712dad897f219609dc166b8ef8a3,1,poison_hunter,1.0,Phishing Address
0xdd6fc8d090e98afa9017e2c01a0c72260333aaf1,1,poison_hunter,1.0,Phishing Address
0xdd7aea5d485fd6d32fb4d9d4b23c1270b10d2df8,1,poison_hunter,1.0,Phishing Address
0xdd9f7ed5b3d176f276d69e544ea35caf492d6b0b,1,poison_hunter,1.0,Phishing Address
0xdda91f0b89985ea9d79cd4cc0e0cc37508a68e3b,1,poison_hunter,1.0,Phishing Address
0xddaf702eb906ab61d7d046b523130c363d2e6f29,1,poison_hunter,1.0,Phishing Address
0xddbb3aaa154fff5c46cc02520d38bed7fd67f546,1,poison_hunter,1.0,Phishing Address
0xddc307f1d47f22265de92669ecc5d633ba0f8ec5,1,poison_hunter,1.0,Phishing Address
0xddd17c68e7f735f9498d030f6f90fc7173a21ebc,1,poison_hunter,1.0,Phishing Address
0xdddb12c23ecc31689795b8f8caa5d78d533f500b,1,poison_hunter,1.0,Phishing Address
0xdde20bde17601635c1e83de2f69f288af63ac39c,1,poison_hunter,1.0,Phishing Address
0xdded92402906ea886da257feceedaeb75ebb30a3,1,poison_hunter,1.0,Phishing Address
0xddf55649d31e8e578c514302f647cf836cd03b36,1,poison_hunter,1.0,Phishing Address
0xddfeed57546f5d6e53a87b2a73474ade542475bb,1,poison_hunter,1.0,Phishing Address
0xde03895d5d3b3eb204ef9b8ab413420781833498,1,poison_hunter,1.0,Phishing Address
0xde0b679b584e881f732dbfeccad6dcd8e8d9677d,1,poison_hunter,1.0,Phishing Address
0xde121d161ace96203efb0f081d5ebec2cbf841ac,1,poison_hunter,1.0,Phishing Address
0xde164d0e2041add139fe7c3d464d8f4f5e3abc57,1,poison_hunter,1.0,Phishing Address
0xde2a9286217e2581d9030c0020e6a744c7bf0c20,1,poison_hunter,1.0,Phishing Address
0xde49aec00396aab92d20b02e7adb2b8d49e1edcb,1,poison_hunter,1.0,Phishing Address
0xde4d6c204845a29351f692f7e03822d2f3a703be,1,poison_hunter,1.0,Phishing Address
0xde4e61a349b009dc7519d0cb45f2f7283f4ceac0,1,poison_hunter,1.0,Phishing Address
0xde4efea4c08e51352f734d557ee9d60e3cd1e589,1,poison_hunter,1.0,Phishing Address
0xde5a9fa14a9c5d44c928d45abd6fc7cae6d2e3a5,1,poison_hunter,1.0,Phishing Address
0xde5cfb931173a39588b04f75a485156a28ba6e4d,1,poison_hunter,1.0,Phishing Address
0xde63561df47526dca8bc955f6f4f0bcd3e0d411a,1,poison_hunter,1.0,Phishing Address
0xde74870f397e8172c4f5ee0d53566f1aef8a5d46,1,poison_hunter,1.0,Phishing Address
0xde82f952318b680cf6df90798a2b1d610f28cdb2,1,poison_hunter,1.0,Phishing Address
0xde87abe4a0938d6b630d2ecd3b21a27ab8051653,1,poison_hunter,1.0,Phishing Address
0xdea19683bd72a7917a45c92ee4dfe55d21ac312f,1,poison_hunter,1.0,Phishing Address
0xdea6dfb4622281117e1e19f8e576893f3ab78d31,1,poison_hunter,1.0,Phishing Address
0xdeb3351e20cd1e1b2c223675875d3171a475a593,1,poison_hunter,1.0,Phishing Address
0xdebe549ed82a10ea30fe049e507f4e3cc51a2d13,1,poison_hunter,1.0,Phishing Address
0xdec10786ddc14033af516845ad333fe1ced4a240,1,poison_hunter,1.0,Phishing Address
0xdec9fc9a1dce74c0f42a500582ced41e9b0a555e,1,poison_hunter,1.0,Phishing Address
0xdec9fde2d8f5724534814a7be7679f9737174f5e,1,poison_hunter,1.0,Phishing Address
0xded0b69cf857f2cefa28e3f03748a2dbde957fc4,1,poison_hunter,1.0,Phishing Address
0xdedcfebbff2151e0fd390a472afb3aa7b40eb3de,1,poison_hunter,1.0,Phishing Address
0xdee31381778e9ff0b900376a88e34c9c923f167f,1,poison_hunter,1.0,Phishing Address
0xdee689a46844c7454fe405fe9a2f0eb12bfe9606,1,poison_hunter,1.0,Phishing Address
0xdee92a43d0b7f47f12469ccaad27c04eabbd7e23,1,poison_hunter,1.0,Phishing Address
0xdeeda132e9b495958ab3225531cae375ad8790ce,1,poison_hunter,1.0,Phishing Address
0xdefde6f8dee98cb3b3ec9b38b59431a325f2d31b,1,poison_hunter,1.0,Phishing Address
0xdf10c33b113fe3e310dd57dcbfde23292e2997b6,1,poison_hunter,1.0,Phishing Address
0xdf11b4cc146880bcc5b6254f4f5b2ecea7ff301f,1,poison_hunter,1.0,Phishing Address
0xdf2488cf5491b802a74f155aef1172a70157dc91,1,poison_hunter,1.0,Phishing Address
0xdf31b304d17ec71612d8e7c36f9b79718696b4c7,1,poison_hunter,1.0,Phishing Address
0xdf41cb6a5551065b082cf0ec0994cd696c030e7f,1,poison_hunter,1.0,Phishing Address
0xdf62efea675f73bec50f1c9de9524b728e1b9d4a,1,poison_hunter,1.0,Phishing Address
0xdf6c5cb56b2d91135a70d24c9ef0bbac068e8736,1,poison_hunter,1.0,Phishing Address
0xdf7718b9d40fecf61267ae12ffe3c2eecd98a1f6,1,poison_hunter,1.0,Phishing Address
0xdf7b564d5e7227c5848f3feed61737e3bc6d2b9c,1,poison_hunter,1.0,Phishing Address
0xdf92a575a171362175ba7b2a56ae6f40219734bd,1,poison_hunter,1.0,Phishing Address
0xdf936b29d45d925a34272ae2e832d652ad7d7e1e,1,poison_hunter,1.0,Phishing Address
0xdf9395b630fdd58c34b613c060d7fe71a59f5cd4,1,poison_hunter,1.0,Phishing Address
0xdfa73ebd73bf7cf7f393f4e65a93430f2820de20,1,poison_hunter,1.0,Phishing Address
0xdfaa75329a606b459a0e297f82fc2d22cbb600b8,1,poison_hunter,1.0,Phishing Address
0xdfaf0019a1478b5a7e1f32c8dbe361e5379cad78,1,poison_hunter,1.0,Phishing Address
0xdfaf8e524570358e48704113a3f968660d827893,1,poison_hunter,1.0,Phishing Address
0xdfb27389090e06dab41bd64c98d62ba98df515ef,1,poison_hunter,1.0,Phishing Address
0xdfc90b6a358ea79a9b5d9fe6ab7c3e9aac27c66d,1,poison_hunter,1.0,Phishing Address
0xdfcb9bce4c04b0864a8d533187c215626dae519d,1,poison_hunter,1.0,Phishing Address
0xdff9dd6c1cc130a0a09606fb9bfbf00c95937f5e,1,poison_hunter,1.0,Phishing Address
0xe003c1ac5450adfb3beb8adb66bf89c50a516ea9,1,poison_hunter,1.0,Phishing Address
0xe01a6bd593d153c577cb6a8f0f0bf9a315933507,1,poison_hunter,1.0,Phishing Address
0xe01ce47ff483198b29a0883e7240a24d482ba889,1,poison_hunter,1.0,Phishing Address
0xe024d836f991dbce3f3d9ed2156e2be83c083940,1,poison_hunter,1.0,Phishing Address
0xe02a8606c80c0cdcf2ebe84df131bcf8c2033c51,1,poison_hunter,1.0,Phishing Address
0xe03be63371cfdb0fa273b8db49c1257339ee9d4a,1,poison_hunter,1.0,Phishing Address
0xe043d180d2e7581b118635959e03690abb5bacbc,1,poison_hunter,1.0,Phishing Address
0xe0586a023a8406e5b6637affc91c6949e6da2c39,1,poison_hunter,1.0,Phishing Address
0xe05d805c3f924e77e13d444c96ec2044ca8edf7c,1,poison_hunter,1.0,Phishing Address
0xe074f196ed19c38b31e2029bf8483893e21d4daf,1,poison_hunter,1.0,Phishing Address
0xe076edfd67d24581bbd67db6797188ab4ca934bc,1,poison_hunter,1.0,Phishing Address
0xe07782bd9d22f626850a5bd1aa6b89606b51f1c9,1,poison_hunter,1.0,Phishing Address
0xe07b755c64cf5c2f93bf3d4ca5ee0b77a1dd85fe,1,poison_hunter,1.0,Phishing Address
0xe081abb7bdfd76673cc02a6fd39f2ce0f4eceb97,1,poison_hunter,1.0,Phishing Address
0xe08ee9ce4d0ec6892c8749d7b68323e541ae8eb3,1,poison_hunter,1.0,Phishing Address
0xe0958c16db6605436a090ac1b99e269f01bca168,1,poison_hunter,1.0,Phishing Address
0xe0b2272a9eb857a8a05f94c3c86403060a8957b4,1,poison_hunter,1.0,Phishing Address
0xe0d3af2b18a504aa6c8b84bd0bfd5e85ca802e04,1,poison_hunter,1.0,Phishing Address
0xe0d7b0f6117d0afa5043c4b6d5cadbb5fefd9bc2,1,poison_hunter,1.0,Phishing Address
0xe0d891196cbdc09f704bf4d2813391cc58f1aba1,1,poison_hunter,1.0,Phishing Address
0xe0dc79d8e0221a6903e3b9ca517509f2e7f1570c,1,poison_hunter,1.0,Phishing Address
0xe0e04aefb38bd28bfabb6803642fc1cc19761364,1,poison_hunter,1.0,Phishing Address
0xe0fe2fec91cbce0ddd94fd497254aa6033c68e7b,1,poison_hunter,1.0,Phishing Address
0xe101033b79dd394331041a1fddf656c76532efe6,1,poison_hunter,1.0,Phishing Address
0xe1055b0dfa26571975e88bdbec8efcf5de339bb5,1,poison_hunter,1.0,Phishing Address
0xe10c61b92dedeec57cf98ab6814bdf52fe7c5308,1,poison_hunter,1.0,Phishing Address
0xe116b990eef94d585611b1d2467a6c50391b6a77,1,poison_hunter,1.0,Phishing Address
0xe12776df74fea1b995b44e68ea72cb0d6b118b99,1,poison_hunter,1.0,Phishing Address
0xe132b219542827a2a6f22f974849676be2bc278b,1,poison_hunter,1.0,Phishing Address
0xe13459891c268ab8f8a8c526e2d1f9b60f304900,1,poison_hunter,1.0,Phishing Address
0xe13fae5e675cd63dd49588b5560e418c54ef321f,1,poison_hunter,1.0,Phishing Address
0xe142f2258b16fe08ff783747aac03534db852e7d,1,poison_hunter,1.0,Phishing Address
0xe153ba6e7d81815ad024174c7e423275f4ba38fe,1,poison_hunter,1.0,Phishing Address
0xe16480b04f5589064dfb1ee5c979f9f1bfee60bf,1,poison_hunter,1.0,Phishing Address
0xe16ba066dd8f217792c97c6ac96e0db0929f4fa8,1,poison_hunter,1.0,Phishing Address
0xe190bb761ec67bcb8327edee21662685d9115d0d,1,poison_hunter,1.0,Phishing Address
0xe196d7d449b0e79f233442780600293a3f0e7559,1,poison_hunter,1.0,Phishing Address
0xe1ae2ccbfe7480c6e13bf8feb3870ca84d8b0e12,1,poison_hunter,1.0,Phishing Address
0xe1af11038023e766effd05e28ba5d9033dbb8290,1,poison_hunter,1.0,Phishing Address
0xe1b3c9fd3068088c620bba416cc38f5227abda81,1,poison_hunter,1.0,Phishing Address
0xe1b46f971de48baee638ce59f50baedef514e273,1,poison_hunter,1.0,Phishing Address
0xe1b97917b03c167d4b9522c1721aa37abb7a1279,1,poison_hunter,1.0,Phishing Address
0xe1c0ba1774a16a024c0ccf550f9fd67698dabe42,1,poison_hunter,1.0,Phishing Address
0xe1c6c3134236a964e68fdd36578901e597f50579,1,poison_hunter,1.0,Phishing Address
0xe1de93874f7034953444560c175ff0c8e1dcec33,1,poison_hunter,1.0,Phishing Address
0xe1dfc208d7a3f560c5c72cffb9e164ca14e5850d,1,poison_hunter,1.0,Phishing Address
0xe1ee8515dd79ec7138f38667a0827b38f1930816,1,poison_hunter,1.0,Phishing Address
0xe20ca5371371d2fcc40dfb9b6658badc2190c81b,1,poison_hunter,1.0,Phishing Address
0xe20d741882c27d070105ea459c8b14e80f45166a,1,poison_hunter,1.0,Phishing Address
0xe20dda7dc1655547ba0d2f35dddec7da936f48e9,1,poison_hunter,1.0,Phishing Address
0xe2148be5581f7f99f4b131f79747db025d6587c3,1,poison_hunter,1.0,Phishing Address
0xe21525fce0a872232b4b699dedac0981841488d6,1,poison_hunter,1.0,Phishing Address
0xe215656f53a7c900434973957eab07bc3e99c791,1,poison_hunter,1.0,Phishing Address
0xe24872245b310ba7f833706893f6fdd4a3d3e62d,1,poison_hunter,1.0,Phishing Address
0xe24b424e47094ad76c1bd84994d21e86cb5142c3,1,poison_hunter,1.0,Phishing Address
0xe24c276436a0813155ab1512c73e0e94a09e85a5,1,poison_hunter,1.0,Phishing Address
0xe24d935116fc0de66e4cffd76929809fefbcf281,1,poison_hunter,1.0,Phishing Address
0xe25320d4125183f5e9deecabd534f22abb789798,1,poison_hunter,1.0,Phishing Address
0xe28329b186b1ab0722c7cd4e1ab5dd6bd6580eb3,1,poison_hunter,1.0,Phishing Address
0xe29b7d57c831ecbd5f08e8f33fe84e9e3ae7684a,1,poison_hunter,1.0,Phishing Address
0xe29e30df26351e165d908825697ac9684d86abaf,1,poison_hunter,1.0,Phishing Address
0xe2c5634b5fa8d5113f6450179c8717af22d49259,1,poison_hunter,1.0,Phishing Address
0xe2c6ab34a3f640922c60859235e382b68b969259,1,poison_hunter,1.0,Phishing Address
0xe2d2ceeebb2ceb00f89c91b46a044cbcb42909fd,1,poison_hunter,1.0,Phishing Address
0xe2e0811682a0da053ebc166e59a5858335447153,1,poison_hunter,1.0,Phishing Address
0xe2f570a4e69dfb7686c0644f75edac173b9d563f,1,poison_hunter,1.0,Phishing Address
0xe31f9fd97de380ff7d9ba2a069d79658dd41acbf,1,poison_hunter,1.0,Phishing Address
0xe32cf7d027680ea2c27e866d28b8870cdb386c49,1,poison_hunter,1.0,Phishing Address
0xe3369d4b5696d95ecfe1a41f52fb65707096eae0,1,poison_hunter,1.0,Phishing Address
0xe33afddaeb2671f0a5b31128f9de08f514474b2d,1,poison_hunter,1.0,Phishing Address
0xe33df41ece4fc9bb3f04db07cab9e680925f4938,1,poison_hunter,1.0,Phishing Address
0xe3437fb48bd34d15df73723f58a71e004738cbd4,1,poison_hunter,1.0,Phishing Address
0xe34c95677fa312e98f3140d03fe854f62197cb1d,1,poison_hunter,1.0,Phishing Address
0xe3593b585f207477bfd0b82d83ef3c592c8fa6cb,1,poison_hunter,1.0,Phishing Address
0xe3680296cde0310ed7f7ead0ad17d19f52c13877,1,poison_hunter,1.0,Phishing Address
0xe36c474d18eb7ca40201d00bb9b83df024ae2596,1,poison_hunter,1.0,Phishing Address
0xe388383366d93f0ea0a40930ed088d260863473f,1,poison_hunter,1.0,Phishing Address
0xe3884bd2159ff76235a819943732800079e935cb,1,poison_hunter,1.0,Phishing Address
0xe38af23d819b50f33d074efdeb6944ccb78af3b4,1,poison_hunter,1.0,Phishing Address
0xe39aa8067ac1e14e015484c6707ae11b323db905,1,poison_hunter,1.0,Phishing Address
0xe3a41551cd4d653be92d0fee14bc4cb5e1d5924a,1,poison_hunter,1.0,Phishing Address
0xe3a49fbff7e8f9a7569919b6c85e39fbe0436c78,1,poison_hunter,1.0,Phishing Address
0xe3aa41ba8cf0396345d096d36c75721ccad1876a,1,poison_hunter,1.0,Phishing Address
0xe3aa70650985732b9efa80fd32fdf4563bb9d199,1,poison_hunter,1.0,Phishing Address
0xe3af0b4242af89b3ff8dc059682654891a5b7055,1,poison_hunter,1.0,Phishing Address
0xe3b107c41d0a4cc834a367bf4d1984df5c36700d,1,poison_hunter,1.0,Phishing Address
0xe3b29a2026ba5c9ad980978491b02be1ed310f2e,1,poison_hunter,1.0,Phishing Address
0xe3b6749b84895ce2f0e6e67cc42b5cd4c03c2f08,1,poison_hunter,1.0,Phishing Address
0xe3b6e268a6f92880bab2ada81efece868eb50030,1,poison_hunter,1.0,Phishing Address
0xe3bd5f13c473eb2106877df44b260bdd72f72701,1,poison_hunter,1.0,Phishing Address
0xe3c07092b735ae35f8432016be1915a3b087e81c,1,poison_hunter,1.0,Phishing Address
0xe3c464e65ae04a83be4f741d7c364933362e866a,1,poison_hunter,1.0,Phishing Address
0xe3d066808b9ff58ff03f01f5d7460db0f11fce67,1,poison_hunter,1.0,Phishing Address
0xe3e41634c46fb6b0bd54f1e478985aa0610ca990,1,poison_hunter,1.0,Phishing Address
0xe3fc439f4096c47213b718452c7fff563600e883,1,poison_hunter,1.0,Phishing Address
0xe4119182de5ac525030864b8088bfb3ee00ec61e,1,poison_hunter,1.0,Phishing Address
0xe41b55750fee6b95e60b31bcfccf23de191795ef,1,poison_hunter,1.0,Phishing Address
0xe42003386d6291de30022ef0116738f3dc1d07b3,1,poison_hunter,1.0,Phishing Address
0xe42b4f3c974689a2b06dc9a18ffa69ec8d8decc6,1,poison_hunter,1.0,Phishing Address
0xe430783a92253386c550e75823c75f603ae9b4e3,1,poison_hunter,1.0,Phishing Address
0xe4374ef115a344548f6b8ac0e69ceea56a5bcc86,1,poison_hunter,1.0,Phishing Address
0xe442f4fd31187175a8818bea7bbacb6320f4970c,1,poison_hunter,1.0,Phishing Address
0xe44c775d51ed2a978de91fc4c8c7d262190c7114,1,poison_hunter,1.0,Phishing Address
0xe44d5a2c007c42a9ea14bcbb4957648d256737cc,1,poison_hunter,1.0,Phishing Address
0xe44e75660552018875b81be924c16b3297383474,1,poison_hunter,1.0,Phishing Address
0xe4661f56989f23f2ba75a96b782636480e881c48,1,poison_hunter,1.0,Phishing Address
0xe46d13d7fdc5772814ec509b59cc268a7e7842f2,1,poison_hunter,1.0,Phishing Address
0xe474fa13ac37019383ee57965c2ed52398d3d48b,1,poison_hunter,1.0,Phishing Address
0xe47631f51d3cb0861fce4c9d284bafce932884d7,1,poison_hunter,1.0,Phishing Address
0xe47fd677e252f980fc231243d7b3461b566f7bda,1,poison_hunter,1.0,Phishing Address
0xe4823cc9d3fc5f4f14a2065d7e07b64b66634727,1,poison_hunter,1.0,Phishing Address
0xe48633a216d091a65ced2667229ef19a144e6aca,1,poison_hunter,1.0,Phishing Address
0xe4a3e12d9cdb11cac7f704c6f43cbba04b6c26b6,1,poison_hunter,1.0,Phishing Address
0xe4b0d74469db2ed10962deac6e6933f2b74a3b27,1,poison_hunter,1.0,Phishing Address
0xe4b43198ac8ff45a6256c7935b9df05d70fae564,1,poison_hunter,1.0,Phishing Address
0xe4bef5620bd98d605cad1885b14550f01c2d49f9,1,poison_hunter,1.0,Phishing Address
0xe4bf6ec85f6fde0a3c5b3fe7904a9a13ed54858f,1,poison_hunter,1.0,Phishing Address
0xe4c26cd14c78f77d97781ce252fbe655994d2dc9,1,poison_hunter,1.0,Phishing Address
0xe4dce9628889f17ffe768d039339fe6b2605b886,1,poison_hunter,1.0,Phishing Address
0xe4ddfb555fb78dca94545685abb994c5a6334c29,1,poison_hunter,1.0,Phishing Address
0xe4f36ee7582deb40c625ef750e5d13cec1de9806,1,poison_hunter,1.0,Phishing Address
0xe4f478df441362e2d32d02ef22b9ebac1cebdba9,1,poison_hunter,1.0,Phishing Address
0xe4ff601ad8aabce7a6cce6eac7a520d046672942,1,poison_hunter,1.0,Phishing Address
0xe5090f43ef557cd188cf10901dcfaa220f900fec,1,poison_hunter,1.0,Phishing Address
0xe520fa1b7554b72eb535da7c0e3bfb0e1fa86613,1,poison_hunter,1.0,Phishing Address
0xe5409c4c7545490bc64a6ace65ce04950cce8463,1,poison_hunter,1.0,Phishing Address
0xe5439f77d67258590dd96df8f78a5fc0a0d93552,1,poison_hunter,1.0,Phishing Address
0xe54b5516e15c7e72ecc8def90db3e075db6bdf88,1,poison_hunter,1.0,Phishing Address
0xe54b5516e1a8c351710c76eded987020766bdf88,1,poison_hunter,1.0,Phishing Address
0xe555a37d5f254ea90dec1781d9f557abd6d54bd2,1,poison_hunter,1.0,Phishing Address
0xe56c5728d3b3c82fd826baa91e027cbd5037d911,1,poison_hunter,1.0,Phishing Address
0xe5759ef9100f952170d2be500fb50910b98ba099,1,poison_hunter,1.0,Phishing Address
0xe57db7829b6cec02da4cd902319bf6538e62d347,1,poison_hunter,1.0,Phishing Address
0xe580af831b2c05e35fc15a55a895689709ee3ccc,1,poison_hunter,1.0,Phishing Address
0xe5818d70a435b8e559773cccef65d68e27f8fc84,1,poison_hunter,1.0,Phishing Address
0xe58b4e036fa1248707b1ddb7ae2a36594173daee,1,poison_hunter,1.0,Phishing Address
0xe597b0fc61d7926675e0ac0576b1b698aeb79a4c,1,poison_hunter,1.0,Phishing Address
0xe5a709cb96882b0674ad477c52c5f413e06be49f,1,poison_hunter,1.0,Phishing Address
0xe5ad5d835d2dd3a0377a44b08aa9214ffe19e4e6,1,poison_hunter,1.0,Phishing Address
0xe5b81269a60fab68c9ca2554822a8282ec760f1e,1,poison_hunter,1.0,Phishing Address
0xe5bee888eae12ebec15d8ec0ef2737dae7cf4bfe,1,poison_hunter,1.0,Phishing Address
0xe5bf92e610f4fcefff739855c4429717f420e12c,1,poison_hunter,1.0,Phishing Address
0xe5db381b92c9fc3020b9514c3809ea3d59539c92,1,poison_hunter,1.0,Phishing Address
0xe5de90e1eea3086da1ff664ec209084e8730e97c,1,poison_hunter,1.0,Phishing Address
0xe5e1daf6d8b3b4687f79fabe18547aad0106c69b,1,poison_hunter,1.0,Phishing Address
0xe5f4189a14efd74f1d2e7b303306ccaa2f14a040,1,poison_hunter,1.0,Phishing Address
0xe5f9391a015273ecb06d9cce44c6c0dc8c1f4053,1,poison_hunter,1.0,Phishing Address
0xe5f9391a89365518120da799571869192d1f4053,1,poison_hunter,1.0,Phishing Address
0xe61d9dfb6674da6d233933eddc47d5d9c9a6475e,1,poison_hunter,1.0,Phishing Address
0xe6381bd759b0739638cb0baf12cf199d12fb6fd9,1,poison_hunter,1.0,Phishing Address
0xe652ff552803b012905d90a98720423e27edbf55,1,poison_hunter,1.0,Phishing Address
0xe653fa3095877ab5e289a895175fe7b13b886701,1,poison_hunter,1.0,Phishing Address
0xe659adaff16d53b95ce05e6812f52f3f0f261165,1,poison_hunter,1.0,Phishing Address
0xe670cf9181537b52873e296d3ccb963d51c95538,1,poison_hunter,1.0,Phishing Address
0xe67719d8d43100d90ef683912d06a341aaebbdf2,1,poison_hunter,1.0,Phishing Address
0xe681b353dc171772d2e2daaef5410736694e8735,1,poison_hunter,1.0,Phishing Address
0xe6c2b9c1beaeea552bc22e017fa26eaadf75db84,1,poison_hunter,1.0,Phishing Address
0xe6c8eed87cd93aa61b0f3b033d6301cad0800309,1,poison_hunter,1.0,Phishing Address
0xe6dbb521602577596e874ffabd2a34ccb01319aa,1,poison_hunter,1.0,Phishing Address
0xe6dcd7db33fbd5b48ef1e3b48a957c44227d77a5,1,poison_hunter,1.0,Phishing Address
0xe6dcdfc27fc88dcd970afdcb59913903edc1b434,1,poison_hunter,1.0,Phishing Address
0xe6f4072f1e2b2c7faf0c4d0bec5708625ad841bb,1,poison_hunter,1.0,Phishing Address
0xe6fc3a7210ff39b189590b687f6791cb5d902a65,1,poison_hunter,1.0,Phishing Address
0xe6fcaaaf4564a18601ee0235fddf0f0e98730464,1,poison_hunter,1.0,Phishing Address
0xe6feb58dbafc6762d50e45dd65c9148df56c6649,1,poison_hunter,1.0,Phishing Address
0xe70f5445ef0507bdfcc656007d9948419449b98d,1,poison_hunter,1.0,Phishing Address
0xe7106f085cf30054975582b4531ac762dbfb2beb,1,poison_hunter,1.0,Phishing Address
0xe718ca8bb0a9bf1e168db19035ab0d71cedc5515,1,poison_hunter,1.0,Phishing Address
0xe737e5905d65f2a431f66a2f9626572d4d95edf0,1,poison_hunter,1.0,Phishing Address
0xe747eb33d4088b303c619638c3b4038d9a0accd1,1,poison_hunter,1.0,Phishing Address
0xe74c64fd73bcd1ce12fc4aa1c668095a2a8da331,1,poison_hunter,1.0,Phishing Address
0xe7533249d51bdab5de1b371ab15ac4e1df6b9a60,1,poison_hunter,1.0,Phishing Address
0xe7536a4d1420d88432142e506afeaef5a78d5fce,1,poison_hunter,1.0,Phishing Address
0xe75e14d2144de98b04d8bde9b177b6cdcbdf6c40,1,poison_hunter,1.0,Phishing Address
0xe75efa72d05233439a8ae7bdd00c2d2507a3d8cb,1,poison_hunter,1.0,Phishing Address
0xe7603e0d75073675507521781f8aae72b9f15836,1,poison_hunter,1.0,Phishing Address
0xe76a21c0b10ca824720244e3dc301049fcaf958d,1,poison_hunter,1.0,Phishing Address
0xe778466203aa10291604a23e1a14ef29fd9ee4e6,1,poison_hunter,1.0,Phishing Address
0xe778466297916e19c049284931edc4e8729ee4e6,1,poison_hunter,1.0,Phishing Address
0xe77f90592ca2d2b8238f06cf37d6fd7b069c88d1,1,poison_hunter,1.0,Phishing Address
0xe7845d5397a8fffd8d2c2b71ee79a629b76b94eb,1,poison_hunter,1.0,Phishing Address
0xe7858b2f7b1037f5983c34645e810735d30db000,1,poison_hunter,1.0,Phishing Address
0xe78a6ea02a2c8252a3874503ed7ca5372427f90e,1,poison_hunter,1.0,Phishing Address
0xe7a7d053714dd8ff3932d939f2c2f66ea5ae2d7a,1,poison_hunter,1.0,Phishing Address
0xe7ae111d3fc4742d5c1a4ebcfba803ee50cd0552,1,poison_hunter,1.0,Phishing Address
0xe7b57409297ccff3dd75e75373f11a0ad4e1bf9e,1,poison_hunter,1.0,Phishing Address
0xe7bba9367b2b1e3438461afae84489a46b189f5b,1,poison_hunter,1.0,Phishing Address
0xe7d64d79d64c0f344657e845688780194daba227,1,poison_hunter,1.0,Phishing Address
0xe80e1c1402ef5338618b3298ce186c72164df17d,1,poison_hunter,1.0,Phishing Address
0xe8107a873aa0efe22317d14948dc734ec0033042,1,poison_hunter,1.0,Phishing Address
0xe836a9819a25a3a60f9a7273e2e8612ba9c607a3,1,poison_hunter,1.0,Phishing Address
0xe83e87ab58360e4bb9b2be963d92e6052b0a6f6b,1,poison_hunter,1.0,Phishing Address
0xe8402d688e0d7bb1bdba8cdbc81b2b2ab435cc32,1,poison_hunter,1.0,Phishing Address
0xe848787f91e8fa625df9efeae81f1545d218cc56,1,poison_hunter,1.0,Phishing Address
0xe84dc0741c522e19b78b0b651a8d16a164ac3e4b,1,poison_hunter,1.0,Phishing Address
0xe85f3a719832e2994f79f5515a45c741a68a5391,1,poison_hunter,1.0,Phishing Address
0xe86ae19c884da939e32a4466c26b652f3723685a,1,poison_hunter,1.0,Phishing Address
0xe86d2a6c0b315e682877b33110aa18fd0266abea,1,poison_hunter,1.0,Phishing Address
0xe89d7616b8242d7fcf732e1e9cfeca43314ba475,1,poison_hunter,1.0,Phishing Address
0xe8a816e0b49a650d106203cbd37da332c20622fd,1,poison_hunter,1.0,Phishing Address
0xe8bbc26f8122aa22bc363d6ca205376b6c8b9347,1,poison_hunter,1.0,Phishing Address
0xe8c0984e3ea682666857a594992b7c3ec82ec911,1,poison_hunter,1.0,Phishing Address
0xe8c6a991a88dbb6a0d8fd87346ee9a25cdb6d53d,1,poison_hunter,1.0,Phishing Address
0xe8c8a2fb2d1e95c08e070ab6a74a55fada1bb06c,1,poison_hunter,1.0,Phishing Address
0xe8ca5534a98e813ed720e9a73557c39a76511fe8,1,poison_hunter,1.0,Phishing Address
0xe908068682e216aae25394f066ebc92a99360e6e,1,poison_hunter,1.0,Phishing Address
0xe91b942d6ad305f77144c66b7802e2469590ef4c,1,poison_hunter,1.0,Phishing Address
0xe9253383efb8f1b96a73a6e6b24653495d2a0950,1,poison_hunter,1.0,Phishing Address
0xe940b8250e4b4c2e960997cefa96f7f1b135535e,1,poison_hunter,1.0,Phishing Address
0xe94f9acc3e3153acdf337d586d4182a803849092,1,poison_hunter,1.0,Phishing Address
0xe96bf949093410fb8ef77dd8c02eb59c8f8c74be,1,poison_hunter,1.0,Phishing Address
0xe988afa1366e373e45d211c68ca489d1d7774ba1,1,poison_hunter,1.0,Phishing Address
0xe9910f391f96f25e121053f918ae2c049b2cb67b,1,poison_hunter,1.0,Phishing Address
0xe9a4aaa1cf8b81eea2c6569be09ff99e3e669cb9,1,poison_hunter,1.0,Phishing Address
0xe9a8d6d6217035206b16e4b39ab8ebdd4117e2b6,1,poison_hunter,1.0,Phishing Address
0xe9b0f2ea45bc972676e809a76e052fb98273401b,1,poison_hunter,1.0,Phishing Address
0xe9b5749e461f4cbbf2e5dfecbde7c49e9abede75,1,poison_hunter,1.0,Phishing Address
0xe9c1c571d47d0e07f77b6f90a5bae4def5363315,1,poison_hunter,1.0,Phishing Address
0xe9c5306f4bd30eaed5f32a67c87c13b940fb7c31,1,poison_hunter,1.0,Phishing Address
0xe9d53e6c6094cd0d229447f0402422a8208b9000,1,poison_hunter,1.0,Phishing Address
0xe9e0e65c3cc6c69aa0d9d1966bbd88570fedf60b,1,poison_hunter,1.0,Phishing Address
0xe9e8809d1826c0592f6e97094c6418f3faa87561,1,poison_hunter,1.0,Phishing Address
0xe9ededfaf83383ef68a49aa3dc6825c5ac3821d3,1,poison_hunter,1.0,Phishing Address
0xe9f36cb5e170a7e2fe4f3ecdab04f4ee46d72c42,1,poison_hunter,1.0,Phishing Address
0xea044608110bcb454ff6d976c559b787997cd505,1,poison_hunter,1.0,Phishing Address
0xea084a30680795a1d738b309bfc9ad8f89862a0a,1,poison_hunter,1.0,Phishing Address
0xea084a30d8c0a9bab1ea37893e74e4da0a862a0a,1,poison_hunter,1.0,Phishing Address
0xea175632f8592bed1fa687e03391de3b96d45e47,1,poison_hunter,1.0,Phishing Address
0xea18f1b7780c81f546a58ed78217ebe21e468689,1,poison_hunter,1.0,Phishing Address
0xea1d4a8b603e548bb84c8cc24de6873a06a53d2e,1,poison_hunter,1.0,Phishing Address
0xea41a6fbf2fe8d6209bd359d54d352044ff0327a,1,poison_hunter,1.0,Phishing Address
0xea4656432d927d803a45a01811174c30121aaad6,1,poison_hunter,1.0,Phishing Address
0xea46af799071b12355fc7662d4ec2f3af88befc5,1,poison_hunter,1.0,Phishing Address
0xea4fa7d40609aa3d0232a9a8d7075374ff5d3dff,1,poison_hunter,1.0,Phishing Address
0xea5471ba2d1113122854f1ef58d2b94226194a77,1,poison_hunter,1.0,Phishing Address
0xea5ba69ed47b7d21c227417769bf890b516bae6b,1,poison_hunter,1.0,Phishing Address
0xea6ff282989bb38c8b21ca0905ca68b3b5686c3a,1,poison_hunter,1.0,Phishing Address
0xea6ff2829aee57a603c8b2473a39395b02686c3a,1,poison_hunter,1.0,Phishing Address
0xea85f03e7b0959e51608502b11bae4474034665d,1,poison_hunter,1.0,Phishing Address
0xea8b4802af75493e51b73ee3fb599c8be594f997,1,poison_hunter,1.0,Phishing Address
0xea9165087dfbab5f007c1893bc09e446477942f3,1,poison_hunter,1.0,Phishing Address
0xea99d7d9ea44d385d4fe9381fef3d1b2e0694222,1,poison_hunter,1.0,Phishing Address
0xea9babde11d3ddb44071aec2fa0aa2cecdcde650,1,poison_hunter,1.0,Phishing Address
0xeaa09461c3e43ee47732d8f6a5a0898dacfa0571,1,poison_hunter,1.0,Phishing Address
0xeaa3d32f9db3bef23eac1d6e2df49857cc71ec87,1,poison_hunter,1.0,Phishing Address
0xeaaacf2223243fd4abd0e1d35c36ada318a11e4e,1,poison_hunter,1.0,Phishing Address
0xeab30524373d8449ed6536b828bc1a4103d879c1,1,poison_hunter,1.0,Phishing Address
0xeab92e31e2cc34121e584ff550fe2b576156b497,1,poison_hunter,1.0,Phishing Address
0xeab98309d7e1dbe347765a09ce47b5fe74f0e2d6,1,poison_hunter,1.0,Phishing Address
0xeac2c45ad5e61d10026fa545a90a7823b9b9c8eb,1,poison_hunter,1.0,Phishing Address
0xead05521bc00a0d7528b8439ccf43078344769a4,1,poison_hunter,1.0,Phishing Address
0xead8612113516a347e5d501700c5d28c173a9819,1,poison_hunter,1.0,Phishing Address
0xeadbf9cc46f617c165326e6b6a823ad5ea2f81c5,1,poison_hunter,1.0,Phishing Address
0xeadfdc8783a397a2b46e6118b722722edab50d1a,1,poison_hunter,1.0,Phishing Address
0xeae419e9a5aa629ce24f668318a0f9d71dcbeffd,1,poison_hunter,1.0,Phishing Address
0xeaeb3ce98e394e936d356ff402febcc90309792e,1,poison_hunter,1.0,Phishing Address
0xeaf6790171b85c19a2b2ae4412c09c6f63db15a4,1,poison_hunter,1.0,Phishing Address
0xeafcbd04d12a60ecbf9bd6c22b317205b4749483,1,poison_hunter,1.0,Phishing Address
0xeaff201cef6a5020504d33fd1213082285830993,1,poison_hunter,1.0,Phishing Address
0xeb0b0531f8c7502c90c5159816029b55526a1ea4,1,poison_hunter,1.0,Phishing Address
0xeb11d026de8d8c124b483d21a354221a4000adf8,1,poison_hunter,1.0,Phishing Address
0xeb1897d5a8f1ef35f534a1cb91b0c894dc13c310,1,poison_hunter,1.0,Phishing Address
0xeb1c1fbb8a9b8044e0957c8a1b155480b40d22fc,1,poison_hunter,1.0,Phishing Address
0xeb27d000598c441a63b0a1878f0b0fe3b4c93342,1,poison_hunter,1.0,Phishing Address
0xeb2c6b7aace0ab18f9d4793bfb270718d00fea98,1,poison_hunter,1.0,Phishing Address
0xeb4b7bb25bd3f8c1a0353d05c951ecf3b4291147,1,poison_hunter,1.0,Phishing Address
0xeb4d77dc3a5ac0dba1c856fd7999e76ccfb054b8,1,poison_hunter,1.0,Phishing Address
0xeb50acd38afb0cbaec3252d6b30e15d5ad6afc1b,1,poison_hunter,1.0,Phishing Address
0xeb52eb18cb3a9c521aaa856c20acd6e164ec72ef,1,poison_hunter,1.0,Phishing Address
0xeb5d13aaf28deedb014ba780f78c9fb41adc5d4f,1,poison_hunter,1.0,Phishing Address
0xeb6916bb19bb9207cb029c5b47d6557b017852c5,1,poison_hunter,1.0,Phishing Address
0xeb7c4ad7f701f7f66f8f70be6f44c5aabfc29cd5,1,poison_hunter,1.0,Phishing Address
0xebacdf7239e1aa6ba6830e37d6ad572b318192c2,1,poison_hunter,1.0,Phishing Address
0xebb379a92fbdd4d42e7b2b588774c46625ca7293,1,poison_hunter,1.0,Phishing Address
0xebbd55864e51297b0e6ad8ab962be6544694005b,1,poison_hunter,1.0,Phishing Address
0xebc18d25f2a8b461a1605843afac79eb8f21f6ff,1,poison_hunter,1.0,Phishing Address
0xebc1fce98272ceed03db9a2e97c7f754142bada1,1,poison_hunter,1.0,Phishing Address
0xebc6af706cda4984121eb79785f132b12dc31113,1,poison_hunter,1.0,Phishing Address
0xebc83c6259250f68e01646ce7ef22c8fe19bac06,1,poison_hunter,1.0,Phishing Address
0xebd6d3cc244d8b245f4090b0abf1e81862a37bc8,1,poison_hunter,1.0,Phishing Address
0xebdfefa5129762756ceff4c9cc2bf4a041666015,1,poison_hunter,1.0,Phishing Address
0xebec4a76027d70c72d055071213daf15f1a25264,1,poison_hunter,1.0,Phishing Address
0xec106508f46d606395d38fdd39f8e2d6e86be188,1,poison_hunter,1.0,Phishing Address
0xec17c8df4df0c364debc5a7ed02c2f332c9e59f3,1,poison_hunter,1.0,Phishing Address
0xec28061ef0b6722cbbebe3c74d7f804675f0f81d,1,poison_hunter,1.0,Phishing Address
0xec2c014134501699817c175076e488a35ad25134,1,poison_hunter,1.0,Phishing Address
0xec3515fbd017b586bc79df19260d19423b4f1cdb,1,poison_hunter,1.0,Phishing Address
0xec35d5043eed3fa4350b36d20db7b57695efc609,1,poison_hunter,1.0,Phishing Address
0xec44422b4a78b7c3e22cb95cbc732d8a1cb1e6bb,1,poison_hunter,1.0,Phishing Address
0xec5131601cdfe4e2509a3500d32eaae8eb4dbb0d,1,poison_hunter,1.0,Phishing Address
0xec540f648b793cef8330ee834a00568ed683f970,1,poison_hunter,1.0,Phishing Address
0xec590f696130f391fc9bdcaf0b0891c92c1e7860,1,poison_hunter,1.0,Phishing Address
0xec6460b883226c24ad74b3046e94fcab12a7bccd,1,poison_hunter,1.0,Phishing Address
0xec7806b17269313dbe108a7f8baba791595306db,1,poison_hunter,1.0,Phishing Address
0xec7ade9929eb67a95f376a42552e5aeb91ce991e,1,poison_hunter,1.0,Phishing Address
0xec7c85dc131fad8aa8895d00a74f600b2a5b8a16,1,poison_hunter,1.0,Phishing Address
0xec8f4a909c31445055bf0313cbf684b6ae64da07,1,poison_hunter,1.0,Phishing Address
0xec971ac2e7b12e713ac0d0846e69ce48e2265828,1,poison_hunter,1.0,Phishing Address
0xecac783713c9f7a89f4055d5322edcf06897cdb4,1,poison_hunter,1.0,Phishing Address
0xecb983e42f018c76dd4b1622ba16f868a9200438,1,poison_hunter,1.0,Phishing Address
0xecbd8f59f54796b05e11040b94d11d3838461847,1,poison_hunter,1.0,Phishing Address
0xecc2bb839a6ceb47d59bb5cb093603577ed05cc1,1,poison_hunter,1.0,Phishing Address
0xecd3b4b778b60811e7bdddb60e3b1d553e07d2b9,1,poison_hunter,1.0,Phishing Address
0xece330dc15d98525d5925c15713d9c68e342c106,1,poison_hunter,1.0,Phishing Address
0xed0f70bbddf285ff62b0a4ba61759a883889f34c,1,poison_hunter,1.0,Phishing Address
0xed123b02bd8de2a18f06f6982836a924a167c73a,1,poison_hunter,1.0,Phishing Address
0xed1a5f0f8dc8845f313e61bad95432f66799adcc,1,poison_hunter,1.0,Phishing Address
0xed1da34907fdee2e75333b028f983f2ac1ab6428,1,poison_hunter,1.0,Phishing Address
0xed27de4fdd9565c1ce4c708b977ed433bbd52a0d,1,poison_hunter,1.0,Phishing Address
0xed30ed99e41d08a14e307776d5e1c49fb6db58fe,1,poison_hunter,1.0,Phishing Address
0xed34a553922f1464ac2fc017c85f2fb667e30bfe,1,poison_hunter,1.0,Phishing Address
0xed3b730b30e1492b57bc0916ac79f73494192f63,1,poison_hunter,1.0,Phishing Address
0xed3d5e21d88c264674a52cd985a05304ed07408d,1,poison_hunter,1.0,Phishing Address
0xed47563709ff7375a3ef21ccaa606fa6156ef7fc,1,poison_hunter,1.0,Phishing Address
0xed5c0917d6f8a99cb5b48234ef6e876e950ba0dc,1,poison_hunter,1.0,Phishing Address
0xed606521c3cd5091d9af98d0ebb656fb804d589b,1,poison_hunter,1.0,Phishing Address
0xed6216957f9f3a1cc2a6890c699a217f277ca401,1,poison_hunter,1.0,Phishing Address
0xed704a7b0a92597efca0f14add336cd22e35ed1a,1,poison_hunter,1.0,Phishing Address
0xed8695081818271c8eb77e23a758766c4f41a1c3,1,poison_hunter,1.0,Phishing Address
0xed86e0ee17aae7cb95a5c7eadf9705db4e90d7b0,1,poison_hunter,1.0,Phishing Address
0xed99fa580d25f0a15437534a65ee2b3aabd6edc2,1,poison_hunter,1.0,Phishing Address
0xeda5247261383fcb8c1d62d0070c20954a0b7184,1,poison_hunter,1.0,Phishing Address
0xedb4f6d2832c648bb4be825a5e9ab8d65e8a72f1,1,poison_hunter,1.0,Phishing Address
0xedb728dd4ca2df2832080b2a9d7681913e9ce931,1,poison_hunter,1.0,Phishing Address
0xedbc2350617c01dee34c3140ad41f3d35f6d8c0a,1,poison_hunter,1.0,Phishing Address
0xedc25a9314bd0f6fa9000b042ea8c41ef402b9ea,1,poison_hunter,1.0,Phishing Address
0xedcdfcb64d5820b7eacce99ad82d0dedc862ee24,1,poison_hunter,1.0,Phishing Address
0xedce0476e0278b2c8761dff09c0c1bcb7d9aa9a3,1,poison_hunter,1.0,Phishing Address
0xedce24ffc952b896ce4b4a1e44c67038b01780eb,1,poison_hunter,1.0,Phishing Address
0xedcefd50034ce9d09b14b7d017e7244deb7678d6,1,poison_hunter,1.0,Phishing Address
0xede27bd2ee63e49bd3f9a8615c2d4b1d97235199,1,poison_hunter,1.0,Phishing Address
0xede61e38b1d81ec727ddf4a2a271326def0abd88,1,poison_hunter,1.0,Phishing Address
0xedec9dd4baaf07137b179438617d0c9355022a6e,1,poison_hunter,1.0,Phishing Address
0xedf94138db574e18e8c6ea7bb25557adae3da6a0,1,poison_hunter,1.0,Phishing Address
0xee0ed415e75f255cc37622da0952aba591755c90,1,poison_hunter,1.0,Phishing Address
0xee12691f8dff322f9eb0183e6a69bd3fbf1867aa,1,poison_hunter,1.0,Phishing Address
0xee147c2daa6cf7a045172d92915db8c77c893b4c,1,poison_hunter,1.0,Phishing Address
0xee3e5666c9d1516578bbf4e2e0179c6d26f0d5c0,1,poison_hunter,1.0,Phishing Address
0xee3eb465c5854ccb39a6d4bf1c25d157391f6a88,1,poison_hunter,1.0,Phishing Address
0xee3fa767c10d49e319665fb2df0088de5d243aad,1,poison_hunter,1.0,Phishing Address
0xee422af84e2cfecdaf9ce598c5e460218c4ffb62,1,poison_hunter,1.0,Phishing Address
0xee62436bd0828d541d20e48d2418beec13257d6a,1,poison_hunter,1.0,Phishing Address
0xee69539d7391a7f33b3768c475d0d43ea393ae78,1,poison_hunter,1.0,Phishing Address
0xee70f943a1784f9925f5dbd13c0d56be754e382f,1,poison_hunter,1.0,Phishing Address
0xee7cc7f41a7527b921b0b9027ec1618687582b86,1,poison_hunter,1.0,Phishing Address
0xee88a7cef5ffe00b7ce20dfa5b8adb6470e1d008,1,poison_hunter,1.0,Phishing Address
0xee94dc11478ebb81373e24297a7871534b177e9c,1,poison_hunter,1.0,Phishing Address
0xee9ee612d70d883219016851ad64e715936506a5,1,poison_hunter,1.0,Phishing Address
0xeeacce67479e7b25937006037f5e38034a15a207,1,poison_hunter,1.0,Phishing Address
0xeead8caf76f82a46a3b0103e0ae5dc7d1187e874,1,poison_hunter,1.0,Phishing Address
0xeeb36752059e64ba2a79b222d377f784ce2767b6,1,poison_hunter,1.0,Phishing Address
0xeecbd6f1a86332ca0198c58455027d19b5cdbcd9,1,poison_hunter,1.0,Phishing Address
0xeee82f71148b1f377eee0383c36507e7f85e18f6,1,poison_hunter,1.0,Phishing Address
0xeef8f0169c74020e12d9d18d272679de3d735de6,1,poison_hunter,1.0,Phishing Address
0xeefdfbf1f468c42e7108da1db0a5d4fb2fb928c3,1,poison_hunter,1.0,Phishing Address
0xef08c935db1de1c86a448bb396bc6419b634266a,1,poison_hunter,1.0,Phishing Address
0xef106969eca370bc9e8310a19f5e8b557244f1ed,1,poison_hunter,1.0,Phishing Address
0xef13e61bba4501c3f472303ed9889a4125205dfa,1,poison_hunter,1.0,Phishing Address
0xef13f8b77aad90b59c9df40012ac73217f17aedb,1,poison_hunter,1.0,Phishing Address
0xef14e01b70ca69b176cba7a60f272fcd15739843,1,poison_hunter,1.0,Phishing Address
0xef181859f2ab73a1d45b285e1707147ca5a71226,1,poison_hunter,1.0,Phishing Address
0xef183a7f10d82a88d662a04aa089ad8fedf33d71,1,poison_hunter,1.0,Phishing Address
0xef1bcddec6e2a18e2042812ab818a2d23017d7f6,1,poison_hunter,1.0,Phishing Address
0xef1efaa1c9650931e633a7276ca300e0352a0990,1,poison_hunter,1.0,Phishing Address
0xef326cc8173b963aaaab0e29f378d37b3292a19c,1,poison_hunter,1.0,Phishing Address
0xef3aac94461b02b28f64d36e2136ef41124e47bb,1,poison_hunter,1.0,Phishing Address
0xef4ecfe3d5efe0026f12899ba72cfa71f4a4297c,1,poison_hunter,1.0,Phishing Address
0xef62b64201f5c06aba0c0860fcc6015b4f7ffe2f,1,poison_hunter,1.0,Phishing Address
0xef63d809b058bae12bb2dde23f2f39e6028d60d0,1,poison_hunter,1.0,Phishing Address
0xef7cb414b40f235f560161356831649bd2e9a454,1,poison_hunter,1.0,Phishing Address
0xef8dec8e1d46db65a99c10efa141709d7d232ad3,1,poison_hunter,1.0,Phishing Address
0xef8dec8e4e1cb2fa9a5f130c0bece75dab232ad3,1,poison_hunter,1.0,Phishing Address
0xef9e147f048e6a413b4918bc9e4dbfd03d997c9a,1,poison_hunter,1.0,Phishing Address
0xefa0f5bd986a1a0d270dfadd7fcdd8c1d361ecf5,1,poison_hunter,1.0,Phishing Address
0xefb02eece5e43e0a1454e6b335d5b87594ac61aa,1,poison_hunter,1.0,Phishing Address
0xefd4abadc698294da02f4d25e499fecac5dbef38,1,poison_hunter,1.0,Phishing Address
0xefdbf4d58b8fc11ced67dca0fc2ad03f9e35421f,1,poison_hunter,1.0,Phishing Address
0xf00179a22191e42a8e2d21eb9b303681de98fed7,1,poison_hunter,1.0,Phishing Address
0xf007bbd65568866e96e8af5ab5f83f319ffed171,1,poison_hunter,1.0,Phishing Address
0xf00ba30a253b13f861c1ced53428abdb2f41fed7,1,poison_hunter,1.0,Phishing Address
0xf01d2b598fd01fa023574d7c9c88a9ab1e470b23,1,poison_hunter,1.0,Phishing Address
0xf01f857903b6f3b8cb2a73360fba8798eb240e51,1,poison_hunter,1.0,Phishing Address
0xf02b291cab146ff314cea0c4e098acfc65ec4895,1,poison_hunter,1.0,Phishing Address
0xf0389745b4c6899cde2aa477dece1f1936b7975a,1,poison_hunter,1.0,Phishing Address
0xf03b83e2a4910a8358857f00f250812176e90e15,1,poison_hunter,1.0,Phishing Address
0xf048441470ac43830050a56a28d0929efe5b4bf8,1,poison_hunter,1.0,Phishing Address
0xf04f6927fe0d7c47b3c3ead1b31b345200e332df,1,poison_hunter,1.0,Phishing Address
0xf0560aedb60c09613e05196f4d4b1e6721f37e05,1,poison_hunter,1.0,Phishing Address
0xf07703543a1d692326d1d2c0843a731338f9183f,1,poison_hunter,1.0,Phishing Address
0xf086c3daf3071e22c057338b921064e58b19f3e7,1,poison_hunter,1.0,Phishing Address
0xf09c41546876886121fe95cdbef6e5a4c4ff5357,1,poison_hunter,1.0,Phishing Address
0xf0a581b27ae5d792cad1ae53d876d4957c893692,1,poison_hunter,1.0,Phishing Address
0xf0bf25357b6432984e7dbe8815753e6b72aa2538,1,poison_hunter,1.0,Phishing Address
0xf0bf4b177449cff2b0c8b917c7bfb27648300db8,1,poison_hunter,1.0,Phishing Address
0xf0eac25b9d1605f4d1109d61c065363ff076db9b,1,poison_hunter,1.0,Phishing Address
0xf0fbef30d69a2d0a948874c9b06e5cdf39fcaa0e,1,poison_hunter,1.0,Phishing Address
0xf0fd2aa80b6c66aa9321dd13d67e51d2464feec5,1,poison_hunter,1.0,Phishing Address
0xf0fd4dd454a871aff19af769420ad26fec12b2b4,1,poison_hunter,1.0,Phishing Address
0xf0ff0ea2b9433d353c849032f5ae03330be49bf6,1,poison_hunter,1.0,Phishing Address
0xf100ccf15a97b8248bec50c81f4d1941e75b53a6,1,poison_hunter,1.0,Phishing Address
0xf1012b6cdcbea4a354e3fcf7bec6ce0c5b5ebeb8,1,poison_hunter,1.0,Phishing Address
0xf1025e734365cdb2be38a3ffbde6169f26295a85,1,poison_hunter,1.0,Phishing Address
0xf1119caa27cd392883331b86b8ea9eaca8ff0bf0,1,poison_hunter,1.0,Phishing Address
0xf1162f67600522a5a59aa840bcf5a3c0517e731e,1,poison_hunter,1.0,Phishing Address
0xf11ec75530c06d4417cbd55b67c119601219222a,1,poison_hunter,1.0,Phishing Address
0xf1240927ba080a61e46e13e158216a6762e962b9,1,poison_hunter,1.0,Phishing Address
0xf136fdab342fb33d93abc1f789b48892ebaccb3e,1,poison_hunter,1.0,Phishing Address
0xf13e751276ebd9d9fbfc3a8467032d2ae31d94a6,1,poison_hunter,1.0,Phishing Address
0xf14298caa670a6f5269a97c878af0d161aa151b5,1,poison_hunter,1.0,Phishing Address
0xf14b12c0ad563f979a9c984cacb2d5873e24b18b,1,poison_hunter,1.0,Phishing Address
0xf1731f70e1a46a45b29f74b5958495d3537df6a5,1,poison_hunter,1.0,Phishing Address
0xf1790b2eb23ba77fcdcb533e842e254aa2b21173,1,poison_hunter,1.0,Phishing Address
0xf185e685e9427c337a9f634faa9796b52d8c6280,1,poison_hunter,1.0,Phishing Address
0xf1952fb4f9a923e2d0ab465379afdc73170d2007,1,poison_hunter,1.0,Phishing Address
0xf1a1751d2c268a0c5f91d739c8b870ca3e4e5523,1,poison_hunter,1.0,Phishing Address
0xf1a7b5cb7c7fe6ab6cd4261edf3adc51cda8b5f1,1,poison_hunter,1.0,Phishing Address
0xf1ac3c7968fcffe4311d9b20800b810cdec2cabf,1,poison_hunter,1.0,Phishing Address
0xf1b429e1e43bb30064c11798c48779fd3fddb079,1,poison_hunter,1.0,Phishing Address
0xf1bfcd7aae40ea6656a63f12dbb012834184123e,1,poison_hunter,1.0,Phishing Address
0xf1c376e445c6d8ff4c64762853bf6c420463b84c,1,poison_hunter,1.0,Phishing Address
0xf1d40e208e0804ed5bfd93401b103aa8fceb5123,1,poison_hunter,1.0,Phishing Address
0xf1ef2a27d452d02e2366761c419f9e1a3de526ad,1,poison_hunter,1.0,Phishing Address
0xf1f013b2f9b93b81ad05b8558666c4d152893d7e,1,poison_hunter,1.0,Phishing Address
0xf1f0833ec847fbb4c1dc81a55ec62f8a7280b215,1,poison_hunter,1.0,Phishing Address
0xf20687bc3052f96dbd72837bb0b8ada559509120,1,poison_hunter,1.0,Phishing Address
0xf2114e6630c4bbabe22b559bfc511dafdaf9eec5,1,poison_hunter,1.0,Phishing Address
0xf217385f8cc053d528634a3766285041fabd3751,1,poison_hunter,1.0,Phishing Address
0xf23234d1f34022afb453e2c101936a7b59108629,1,poison_hunter,1.0,Phishing Address
0xf23b4ef9144a9c324341bb99a7fb617b6ffbbada,1,poison_hunter,1.0,Phishing Address
0xf23c0921b86361df643306a0e669e8ff3e43b09f,1,poison_hunter,1.0,Phishing Address
0xf23db18708ccee2169d8a2f74a4f65b46de73809,1,poison_hunter,1.0,Phishing Address
0xf24771b969e05c952fdfb703ec5d4e568ee68ccf,1,poison_hunter,1.0,Phishing Address
0xf2482b8eff9288f565abaf605ea528e1a8bebc64,1,poison_hunter,1.0,Phishing Address
0xf2692f777df84e02d4840393a2c6344ac86e33a0,1,poison_hunter,1.0,Phishing Address
0xf269f3e11e9c26799705c1ff4d002d67cceb6009,1,poison_hunter,1.0,Phishing Address
0xf27a0a9fb20c9850869392219eb0fc7cfed51042,1,poison_hunter,1.0,Phishing Address
0xf2818f2d087e9ad4b0f2a57e434ff0ec24702587,1,poison_hunter,1.0,Phishing Address
0xf29f21d2124dad8960f8e8c848efe85e661851e3,1,poison_hunter,1.0,Phishing Address
0xf2ab855c7a32b64b82580d4632d09dd87cb31bf4,1,poison_hunter,1.0,Phishing Address
0xf2b7227b881d88b946da68a5d2f8ea228c2784be,1,poison_hunter,1.0,Phishing Address
0xf2d23a45ac5b8fd9575dd2d8ad74962766582363,1,poison_hunter,1.0,Phishing Address
0xf2d8021d843a7bc8ed0e28065c4d03ef307c0a46,1,poison_hunter,1.0,Phishing Address
0xf2e57a8b06bd453d43d8878aa5d709e57cc28cc8,1,poison_hunter,1.0,Phishing Address
0xf305d3ab869189a318178cebac9dd20a35287b33,1,poison_hunter,1.0,Phishing Address
0xf315089f3f48f0a4b88a85a1493718eb0c454b9f,1,poison_hunter,1.0,Phishing Address
0xf328b715fbf96a1feffadc58f5c75cc689b642a5,1,poison_hunter,1.0,Phishing Address
0xf33289eb8cf1a6d405d726da5dc2fe64c1f96840,1,poison_hunter,1.0,Phishing Address
0xf33eed074180b05a7cfe8e40f3c8aadb5b7acc5c,1,poison_hunter,1.0,Phishing Address
0xf35d7167fbbb89cbc7ca7cc9979e67968fcd51c7,1,poison_hunter,1.0,Phishing Address
0xf37645efe36012aa15f9954b7167707290bcfd60,1,poison_hunter,1.0,Phishing Address
0xf393372ccd795e31a148b54a6c1fe60f75959847,1,poison_hunter,1.0,Phishing Address
0xf39912f3d0583197a4a9194943b83e8ebf0c26d8,1,poison_hunter,1.0,Phishing Address
0xf399313f813a629b1d2aebeba4305e5e0159fd3e,1,poison_hunter,1.0,Phishing Address
0xf39ff875a40c7905453e61faf213bfe602c60228,1,poison_hunter,1.0,Phishing Address
0xf3aa0da54b32661ccb7af462c089182bebdb0288,1,poison_hunter,1.0,Phishing Address
0xf3aaaf1019c0dcc5bcfd18a95347cd89b9342620,1,poison_hunter,1.0,Phishing Address
0xf3b0073ef8434191158c1ac05624fb2516c302a3,1,poison_hunter,1.0,Phishing Address
0xf3b16f211b338cf891c401ee36fc35d66b6c6ab5,1,poison_hunter,1.0,Phishing Address
0xf3b55db9d19afc8fdda0666f5643c962f4bc01fe,1,poison_hunter,1.0,Phishing Address
0xf3dd4c569cb1ba1d421acd306be45eb9a497aa11,1,poison_hunter,1.0,Phishing Address
0xf4347433c6f31d24398ceccd8d68eedfa3195c2a,1,poison_hunter,1.0,Phishing Address
0xf4421132cb422a90364cf3b1447b11c0004b1384,1,poison_hunter,1.0,Phishing Address
0xf445c35595751a66fe2a106a62bc42543ddfd646,1,poison_hunter,1.0,Phishing Address
0xf4492652f6f6835c199db24fa09ad17b2b6d627d,1,poison_hunter,1.0,Phishing Address
0xf4561c71ace5d99793aed001f0fee53203e94ca6,1,poison_hunter,1.0,Phishing Address
0xf4582c4bc9fa8219a49437fbe0cabf66ee7a6251,1,poison_hunter,1.0,Phishing Address
0xf4608d63dfa0cd720d2fe168fe51639ab471ec7f,1,poison_hunter,1.0,Phishing Address
0xf46aec2512ce2f319d70699575e0947a78f4f5f9,1,poison_hunter,1.0,Phishing Address
0xf46d6e5de995084636c748085be9191588c697e0,1,poison_hunter,1.0,Phishing Address
0xf46d94c6c034fb655d6433fe7bc810268775fa73,1,poison_hunter,1.0,Phishing Address
0xf46ed02d4e441f492916ebc3df2bcb8907a21a8f,1,poison_hunter,1.0,Phishing Address
0xf477a8ab3ec2f093fd8d6168ddc875065ddc7613,1,poison_hunter,1.0,Phishing Address
0xf4824fda9587d57ed6d00df683b3c3dcdf2a60f8,1,poison_hunter,1.0,Phishing Address
0xf48d05d6803d9d5f969fb418b46efaf6f767f58c,1,poison_hunter,1.0,Phishing Address
0xf48d24c10976fd8c3326704104a320a8d5d7a613,1,poison_hunter,1.0,Phishing Address
0xf4950532dc4edaed924482600290f8a554fac7c3,1,poison_hunter,1.0,Phishing Address
0xf499c8892f799d0fedff3a974ff433a585d6d9ac,1,poison_hunter,1.0,Phishing Address
0xf4a890f9d47d1ed13dcf8c56b108e212ac441d39,1,poison_hunter,1.0,Phishing Address
0xf4ae5a4f6ef5e1e3a51e08db1c4c3b7e61a49c4c,1,poison_hunter,1.0,Phishing Address
0xf4b1ebab6b56578525a5770fd09599fe41071f80,1,poison_hunter,1.0,Phishing Address
0xf4c372a3bd870d2807ac8582940971c590c87805,1,poison_hunter,1.0,Phishing Address
0xf4cf737fdd6e2486773a38710241123491fd488f,1,poison_hunter,1.0,Phishing Address
0xf4d69e2cb8660358ff7a0487a9a9917513368265,1,poison_hunter,1.0,Phishing Address
0xf4dcc329be13d07c6fbf46ce40ec01aa95c9344e,1,poison_hunter,1.0,Phishing Address
0xf4dde4923e1ff8ad6bbf4eca5eff4047dfc3768c,1,poison_hunter,1.0,Phishing Address
0xf4e3a9453a57f1aa46c4a0ae2a225ec5a712e007,1,poison_hunter,1.0,Phishing Address
0xf500ec851bb8227f10bbdaf6ceb60cde3a6f0fee,1,poison_hunter,1.0,Phishing Address
0xf50cc99366daedb07c5b4442a0542e600b987815,1,poison_hunter,1.0,Phishing Address
0xf51df4c67c3a85d2bfe3b11d4b5b99f93b85e335,1,poison_hunter,1.0,Phishing Address
0xf534b4676878aeafa67c107445321143141efa99,1,poison_hunter,1.0,Phishing Address
0xf53794ff0fe4f0bd9396ffe05128b86c85e6930a,1,poison_hunter,1.0,Phishing Address
0xf5384e2e450725f11670aebd58d3ad481057f866,1,poison_hunter,1.0,Phishing Address
0xf54de0346d39c02392d8b99b722076a3d6e258bc,1,poison_hunter,1.0,Phishing Address
0xf59077985c2ef9917260196154e3d9dd738af956,1,poison_hunter,1.0,Phishing Address
0xf59ca9e08983d0c5da002e5f6592f41cd8cbcf57,1,poison_hunter,1.0,Phishing Address
0xf59cfbd6d1dd66a3995ce0eb625168de67a88e1f,1,poison_hunter,1.0,Phishing Address
0xf5b986efbc54a98616be346795c1792331192fe0,1,poison_hunter,1.0,Phishing Address
0xf5cfa9f75b9cca77cbcfb3a4793c2a0095538a8e,1,poison_hunter,1.0,Phishing Address
0xf5cfc15a7b1167164409a10c1e73058968523c77,1,poison_hunter,1.0,Phishing Address
0xf5d991b767ca407909e7a3e292d3c330b51e5b32,1,poison_hunter,1.0,Phishing Address
0xf5efceee7384c5b206710b8526a932e0e1ee4da2,1,poison_hunter,1.0,Phishing Address
0xf5f2c82bf4a369257e3f4e95fc502bb80f992a12,1,poison_hunter,1.0,Phishing Address
0xf5f5ef0e05ae186a65c0ae3f3864e92801edee7f,1,poison_hunter,1.0,Phishing Address
0xf6315d1809fdfcc6091641ffa6f9e674e80fb2ba,1,poison_hunter,1.0,Phishing Address
0xf6603f322094c901380f64e2bf39150df6054f04,1,poison_hunter,1.0,Phishing Address
0xf68a0fe364297457afa32c073ce10c96e184ae72,1,poison_hunter,1.0,Phishing Address
0xf68df8aa61663af1679dc7af59be7fce92b97781,1,poison_hunter,1.0,Phishing Address
0xf6998fdfc2cb4d29c2dd7bcf29eb4dff7c8b773a,1,poison_hunter,1.0,Phishing Address
0xf69a58e87de9cb498c28b88d57f78f09721b86db,1,poison_hunter,1.0,Phishing Address
0xf69b20db1c0df1b527ac48a84c38707a42f8c668,1,poison_hunter,1.0,Phishing Address
0xf69ed1a7762de2a39fb147847219f1aff32f7aff,1,poison_hunter,1.0,Phishing Address
0xf69ed1a799ed1660aacde67ca1628436ba2f7aff,1,poison_hunter,1.0,Phishing Address
0xf6a3f6005b278a8b76ade211c5427c58060aba55,1,poison_hunter,1.0,Phishing Address
0xf6d1b170a725538a3333b7ec89fb2eaed97d44bf,1,poison_hunter,1.0,Phishing Address
0xf6d8e7732bdbc11d9899521e25b3ade2f67cdfa4,1,poison_hunter,1.0,Phishing Address
0xf6da8a940e69f463b4bd2a0dad8fac3da9d1b93c,1,poison_hunter,1.0,Phishing Address
0xf6dcd562a90d086912fc9b0ff19cfcc66528c650,1,poison_hunter,1.0,Phishing Address
0xf6e5936ad6f6b262d3ee75755a08a17c8b2bd162,1,poison_hunter,1.0,Phishing Address
0xf7004a42b31475008c27eef0ffcf292db65712fe,1,poison_hunter,1.0,Phishing Address
0xf708d40c852e000b814cf6a0c4799f1e0bd1b97e,1,poison_hunter,1.0,Phishing Address
0xf70d9feb62251831263c34aea503972859158bd3,1,poison_hunter,1.0,Phishing Address
0xf7131c6d4d452e9c725f3bfaae7d2959dbbeb69e,1,poison_hunter,1.0,Phishing Address
0xf72cf7021dd43d4eaf1e5898c5d3c01eb4599267,1,poison_hunter,1.0,Phishing Address
0xf73329d151bb4136dd5af41d495740ca0c2cde60,1,poison_hunter,1.0,Phishing Address
0xf73e4164e425215a6269082cff33c048ad1dde82,1,poison_hunter,1.0,Phishing Address
0xf73f7382bd6438f954ea1f1c5f5851cac5b4a237,1,poison_hunter,1.0,Phishing Address
0xf7478aeb398d9bf441effef2289ea7e39768871f,1,poison_hunter,1.0,Phishing Address
0xf7640dc7abcb88c521d59364727c3412386f6513,1,poison_hunter,1.0,Phishing Address
0xf76771b7b55082c76e5fc06204fed0a54304b058,1,poison_hunter,1.0,Phishing Address
0xf7708550eb8f7d982a4764935572d92b610385f8,1,poison_hunter,1.0,Phishing Address
0xf7a703678f578a1f3a030dd0b2c7d69132fd34da,1,poison_hunter,1.0,Phishing Address
0xf7ba247eaea42ade6bfd05fea23ee7fff434ff13,1,poison_hunter,1.0,Phishing Address
0xf7bdaf870605de9db52b32bfa9b73a891f9bf0ac,1,poison_hunter,1.0,Phishing Address
0xf7cb05509906ee6ef736fba0a35e51be3a34d0a5,1,poison_hunter,1.0,Phishing Address
0xf7ccdc897efa76c0675df27decfbe20ed7638067,1,poison_hunter,1.0,Phishing Address
0xf7ce995fdaf6a6151371059dd145bf80afeb3265,1,poison_hunter,1.0,Phishing Address
0xf7e84c6c9346bcffcb9f5fd68b1f7abdaafa20cc,1,poison_hunter,1.0,Phishing Address
0xf7ee24615712c69cbf69aa86fa9638aa2e11a495,1,poison_hunter,1.0,Phishing Address
0xf802993d32e22ef89a9282a6c86c4271d68a3247,1,poison_hunter,1.0,Phishing Address
0xf81025e4efa36826c869553d3cc217cb7f36fcbb,1,poison_hunter,1.0,Phishing Address
0xf816b8eab6f738572e072c452e21d53140998ad0,1,poison_hunter,1.0,Phishing Address
0xf81b444a4ad97ddb9f61c3e97915c8f76f7d8507,1,poison_hunter,1.0,Phishing Address
0xf81f60e9e5ea77931a297f17164a7ecc4cb2bdbf,1,poison_hunter,1.0,Phishing Address
0xf820defcf9c3cf605a5f59e57b24e2e90da9088e,1,poison_hunter,1.0,Phishing Address
0xf825178ec45e9683957e52940c856a18dcfa93d0,1,poison_hunter,1.0,Phishing Address
0xf84dc91b1a8219c0e8c8c9a069fff15dac7abd1d,1,poison_hunter,1.0,Phishing Address
0xf84f5cf25cec519a471ec6b259163603eda7a46c,1,poison_hunter,1.0,Phishing Address
0xf84f5cf2fad02c65b7559912b838684a95a7a46c,1,poison_hunter,1.0,Phishing Address
0xf853cc97114504f5da066120db4a3abdb94a7ab7,1,poison_hunter,1.0,Phishing Address
0xf8587ef6cda76fc215f451141ee1066400ec8bb0,1,poison_hunter,1.0,Phishing Address
0xf868f3fc6d267343c83ad7e33729f47e6baadd9a,1,poison_hunter,1.0,Phishing Address
0xf87899bfd26867a59450ac72e4568c7417beb275,1,poison_hunter,1.0,Phishing Address
0xf87eab67aa2954822b0438b48e7cc79b0c4fccc5,1,poison_hunter,1.0,Phishing Address
0xf888171790b1c23778452c961aa042d39b8f274e,1,poison_hunter,1.0,Phishing Address
0xf88b630687c8dcd086ff2f4e9a0675ad47b27c92,1,poison_hunter,1.0,Phishing Address
0xf88c9f07a1b4abcd8875da0e000f3c8ac2ca85a5,1,poison_hunter,1.0,Phishing Address
0xf88cdf17785ff1af403125e64bb315e168dd1a54,1,poison_hunter,1.0,Phishing Address
0xf89444239cac9ac49eb22bcf58fb65bc83d4abdd,1,poison_hunter,1.0,Phishing Address
0xf89bcc3b590123430297263e396807ba011901b2,1,poison_hunter,1.0,Phishing Address
0xf8aa6b85bf66fb4bf11f3753f3951d4392dcaaf2,1,poison_hunter,1.0,Phishing Address
0xf8b190a4151823eb3174fa360b1068381ef65e99,1,poison_hunter,1.0,Phishing Address
0xf8b1c9f6369885dcce66e872572f1f36619d5a02,1,poison_hunter,1.0,Phishing Address
0xf8c9973859892e3d67145ba43829c6bc9a6b660e,1,poison_hunter,1.0,Phishing Address
0xf8ccde1d27aea1896c36f5c01a73f570a16de190,1,poison_hunter,1.0,Phishing Address
0xf8cd17784c39917722c0845205ec13367813d040,1,poison_hunter,1.0,Phishing Address
0xf8d63d4dbe40ae50183e4fbe4825680cb449bdd7,1,poison_hunter,1.0,Phishing Address
0xf8f59d91f7f2460bb0d04e18199969857cf36f40,1,poison_hunter,1.0,Phishing Address
0xf8fa329b904ff65fb98ac7a6199686be811b6aaa,1,poison_hunter,1.0,Phishing Address
0xf8fe442732bbaa621f3a42ff26f2d3195f8abc83,1,poison_hunter,1.0,Phishing Address
0xf9071feaebfed70bf15c082e94f810910e5cfde8,1,poison_hunter,1.0,Phishing Address
0xf915d5a90ec08c7eeb56f90ad7514ced0dad8593,1,poison_hunter,1.0,Phishing Address
0xf91cb9b4b384f25f614a79d101fc182594594c65,1,poison_hunter,1.0,Phishing Address
0xf91f8c2079fce6840a9787e009fe4e1947a584fe,1,poison_hunter,1.0,Phishing Address
0xf923af307f92fcfbffe6df3ce543b24a21cf0c4b,1,poison_hunter,1.0,Phishing Address
0xf93a0db32a3ea581babbcefc5e1ca288cb112350,1,poison_hunter,1.0,Phishing Address
0xf941eae96a28cee2210a99e701376d76e74cd74c,1,poison_hunter,1.0,Phishing Address
0xf9445b0c6f07da58d419121c0ae9d865a7c85d22,1,poison_hunter,1.0,Phishing Address
0xf94ca9147d755a1fe0b2e351ee822e51299d2ff3,1,poison_hunter,1.0,Phishing Address
0xf94dd81248830b6c464b214e0c9022ebb3ef24ac,1,poison_hunter,1.0,Phishing Address
0xf94e24698143bc3b6527d04fa1034524b724ef40,1,poison_hunter,1.0,Phishing Address
0xf959d56f541db71a79232cf6f22914f8642377db,1,poison_hunter,1.0,Phishing Address
0xf96c254c166ee67ebd1fc1bd6090862048788f0a,1,poison_hunter,1.0,Phishing Address
0xf96c254c2f8cccde28aef27576804fa4e7788f0a,1,poison_hunter,1.0,Phishing Address
0xf9712f378fc68e00f454821df69ca76d0afafc5d,1,poison_hunter,1.0,Phishing Address
0xf9aa8fc86cbae87143aca49d8ae9ad34b8718d54,1,poison_hunter,1.0,Phishing Address
0xf9ac6a9afd716ba8faba5e6d6df771d2883094fe,1,poison_hunter,1.0,Phishing Address
0xf9db27d90379851713687ef48237b3ae3955c69f,1,poison_hunter,1.0,Phishing Address
0xf9dd31cdccce092065e43f1a88e3db15ea637d4e,1,poison_hunter,1.0,Phishing Address
0xf9e7d7dd8b1af47b5e446a00570c4c4dbbb6c8bc,1,poison_hunter,1.0,Phishing Address
0xf9ee455eb4d27eed20872a87c4d02530d9a01c3a,1,poison_hunter,1.0,Phishing Address
0xf9fd31ca66a89af8c075b5755d136cf91816b237,1,poison_hunter,1.0,Phishing Address
0xfa005875e410c9c2b6c1eafa4c5df117e8415df1,1,poison_hunter,1.0,Phishing Address
0xfa12a929a231cee39530b3ca37c9a14e66a68a8d,1,poison_hunter,1.0,Phishing Address
0xfa1bf9ca183d0d715ba0cb662a00f0aab313c8d7,1,poison_hunter,1.0,Phishing Address
0xfa3539a41dc832d5e9ddec2b69320d7117c3943e,1,poison_hunter,1.0,Phishing Address
0xfa382d47a6858e7019539b688dfa0db08eba3b67,1,poison_hunter,1.0,Phishing Address
0xfa3ef95746a8b60c5cc5a3d6b215d93973afab33,1,poison_hunter,1.0,Phishing Address
0xfa4fc4ec20b27a48ef20a5a0f5957bfff8e06199,1,poison_hunter,1.0,Phishing Address
0xfa522e962d16df284ca357d1f6739cd66a75e180,1,poison_hunter,1.0,Phishing Address
0xfa55e1116b4cb20e4263dd37348a44e96f47e593,1,poison_hunter,1.0,Phishing Address
0xfa56b7399b1730ca6d9edaa33c4df0c400dc0219,1,poison_hunter,1.0,Phishing Address
0xfa61a9f607fa48e5a443be5b1e45b9356ef11ed7,1,poison_hunter,1.0,Phishing Address
0xfa61cf25970a4409f573585dedd4108f3ed2fd10,1,poison_hunter,1.0,Phishing Address
0xfa6387e9446469ab77eddcf1927bc70297161f21,1,poison_hunter,1.0,Phishing Address
0xfa77b013eed23f7ad19f70da4e30fc67795998d8,1,poison_hunter,1.0,Phishing Address
0xfa77f4943a6c156d4981496ba74ee7e9806c2b41,1,poison_hunter,1.0,Phishing Address
0xfa85f7d60dec5543723742366d3121754ac489cc,1,poison_hunter,1.0,Phishing Address
0xfa9c00f642b8bb618c2f21f63f289845b2683789,1,poison_hunter,1.0,Phishing Address
0xfaa1b9a2d8ce569c4fe975581101a80e74e2cf26,1,poison_hunter,1.0,Phishing Address
0xfaa942308bdd150ca4958c927c3335e3b5e5fda9,1,poison_hunter,1.0,Phishing Address
0xfaae2ab6459e3c4d10abe78f9dbe5edee6ad34c5,1,poison_hunter,1.0,Phishing Address
0xfabf42ab7d1316e57619e932b55a2c3d943da942,1,poison_hunter,1.0,Phishing Address
0xfac4123534af8e01989e3699634590a5613e0eb5,1,poison_hunter,1.0,Phishing Address
0xfadd73f9417302398c0ac2af9325ba301dc4ec57,1,poison_hunter,1.0,Phishing Address
0xfae41fc0ca13634141d02f948e4c78ee9cd674eb,1,poison_hunter,1.0,Phishing Address
0xfaf6b51ea481ff73f8183fe57e27315058fe723e,1,poison_hunter,1.0,Phishing Address
0xfafdf12e3eebafa0a3d0a00c2e08787e4d5782ae,1,poison_hunter,1.0,Phishing Address
0xfb136dab174b80fa9cf03f33e2ee08b5eea5ae8a,1,poison_hunter,1.0,Phishing Address
0xfb143ca8000f89860af6b1761f69520cdc090bf8,1,poison_hunter,1.0,Phishing Address
0xfb2509ea0c331254a0f5fc096a6e1b60b93d7b27,1,poison_hunter,1.0,Phishing Address
0xfb2d96315460bf75212074622cf5a2b233f18775,1,poison_hunter,1.0,Phishing Address
0xfb339cf63c9349090b788e59cb3c3a486d9447eb,1,poison_hunter,1.0,Phishing Address
0xfb5256831a135cd7419d5cfb50d9d138716a1669,1,poison_hunter,1.0,Phishing Address
0xfb691b68d07837ba5657b4516faf40299c888ef7,1,poison_hunter,1.0,Phishing Address
0xfb6af69579707f30309e91d49fbeabc698ec5908,1,poison_hunter,1.0,Phishing Address
0xfb7d92ce1a4231b5a978a9afb2cd24847f1b255f,1,poison_hunter,1.0,Phishing Address
0xfba5c01df8d5a3900953dd4d821f556f9118e216,1,poison_hunter,1.0,Phishing Address
0xfbb1e930f137eeeac55368d76813a9703f093be2,1,poison_hunter,1.0,Phishing Address
0xfbbc4ce452d85934f8e654818b79891c1f3ef5ec,1,poison_hunter,1.0,Phishing Address
0xfbbd8e82c4856b8710766934f188f797ce15c0dd,1,poison_hunter,1.0,Phishing Address
0xfbd14b504678e9399f7591d16c6d0e3bed251190,1,poison_hunter,1.0,Phishing Address
0xfbd2ec643f090054dc51f119f0547ab4faa4554c,1,poison_hunter,1.0,Phishing Address
0xfbe0e452afc4f914bedaaaed92f09190ee48a130,1,poison_hunter,1.0,Phishing Address
0xfbe9d63fe61d93537ed1e887c72329c17d5b6c82,1,poison_hunter,1.0,Phishing Address
0xfbef0903bd189be0b5bee5fa07ff40e4632a2df3,1,poison_hunter,1.0,Phishing Address
0xfc134ecd953c9001f1444041b345e86557c5e580,1,poison_hunter,1.0,Phishing Address
0xfc25d68a604655576a52379ada42f500d7955e78,1,poison_hunter,1.0,Phishing Address
0xfc6ec27978764cb922805185d44b7168d68a7f8f,1,poison_hunter,1.0,Phishing Address
0xfc981719e8e7d68d48aff7a737ae8f3e465a74cb,1,poison_hunter,1.0,Phishing Address
0xfca778a22d8e24e4208eb6590849282db3eaee10,1,poison_hunter,1.0,Phishing Address
0xfcb0761de2c92f8701b90d2017b2584008f91a85,1,poison_hunter,1.0,Phishing Address
0xfcc04f66b1344b472630c5005e1615ef7cee870c,1,poison_hunter,1.0,Phishing Address
0xfcc5cd26636fa18f5c01de287ab3361dc5ec0173,1,poison_hunter,1.0,Phishing Address
0xfccfa3fed4f37b90d267915ae572fe68148cb4a6,1,poison_hunter,1.0,Phishing Address
0xfcecdefde6c31d6c35b79c3041a524e65b8c16de,1,poison_hunter,1.0,Phishing Address
0xfcedce03f58e3082d2d60d69c5703f1e1a817511,1,poison_hunter,1.0,Phishing Address
0xfcfb7dbb5c8b9aaea4a0d0be9c098bb1ea67f1ec,1,poison_hunter,1.0,Phishing Address
0xfd047b492d0319240e403f91c69195a0cda21753,1,poison_hunter,1.0,Phishing Address
0xfd067ea57ae76c299a208a29659fb960b5b64824,1,poison_hunter,1.0,Phishing Address
0xfd13ec579ad57839c296adcee3b97ea0d7537421,1,poison_hunter,1.0,Phishing Address
0xfd26880f2e1ec9681faf4d8640ccabb221766450,1,poison_hunter,1.0,Phishing Address
0xfd26a0404f60abd3c6b08f5e8182b339705e44f6,1,poison_hunter,1.0,Phishing Address
0xfd338cb31634ceb050c078745ac4c997991a8208,1,poison_hunter,1.0,Phishing Address
0xfd53b31299bfadb6e1039dd55dfff4aaa0209914,1,poison_hunter,1.0,Phishing Address
0xfd54206bb453ffbf4c4377573740c334e6ae082a,1,poison_hunter,1.0,Phishing Address
0xfd719fbf1affa4f2c49b3e7547f6dbdafde15e42,1,poison_hunter,1.0,Phishing Address
0xfd71f46f89876441a3c349391a8c05ca415c40fb,1,poison_hunter,1.0,Phishing Address
0xfd761e25bb70416b12b3334542d8f71dae649129,1,poison_hunter,1.0,Phishing Address
0xfda58ef5830bfc29cb3067bef76e085f98ff16dc,1,poison_hunter,1.0,Phishing Address
0xfdae8e54c491a17cf9af3168f2ae111c16ac2ff3,1,poison_hunter,1.0,Phishing Address
0xfdb166efb41c9efff6b7130ea3076428efcc9a20,1,poison_hunter,1.0,Phishing Address
0xfdb466d7089dcff869ef51c13f086be1dd6f2ac7,1,poison_hunter,1.0,Phishing Address
0xfdbfdc6fa89530c2ebb4f7abc96bc80db3e89122,1,poison_hunter,1.0,Phishing Address
0xfdd046bac7e3a62b47be350b1656f8b4e0f256d1,1,poison_hunter,1.0,Phishing Address
0xfdd1a5994bdccbaae41d345d3cb6cf0990f8945a,1,poison_hunter,1.0,Phishing Address
0xfde9562ef19cca23cba1c4ba259c52027346b486,1,poison_hunter,1.0,Phishing Address
0xfdea53297fbba9d2245ed5cf974e9b3804d2bad3,1,poison_hunter,1.0,Phishing Address
0xfdf0dfff4694f720153464d1185163be8a767550,1,poison_hunter,1.0,Phishing Address
0xfdf2b336d8417c47653f23b0b768741844bedaa0,1,poison_hunter,1.0,Phishing Address
0xfdfb8cf48254b1ff9ee41f639adabae51e4508e4,1,poison_hunter,1.0,Phishing Address
0xfe09bc1c6192d7846fa52bc4d0d1f4cea4f43cb3,1,poison_hunter,1.0,Phishing Address
0xfe0ba7a49eaba0691668f1e770eef02941893b04,1,poison_hunter,1.0,Phishing Address
0xfe0dda744106d38d9d7142bd8143464f329b52d8,1,poison_hunter,1.0,Phishing Address
0xfe182e9a30180c86e2f3ff93dfd1167f58997578,1,poison_hunter,1.0,Phishing Address
0xfe189fa3c4c2cea5005db42ea3dfa4d94a42fc5f,1,poison_hunter,1.0,Phishing Address
0xfe241e1c050e000de1b189b34351e263585a318d,1,poison_hunter,1.0,Phishing Address
0xfe4a41e393757bf302dd6917927866ac25a09b4e,1,poison_hunter,1.0,Phishing Address
0xfe53cbed8483c9efa351cdc9e3aad2665863cd4b,1,poison_hunter,1.0,Phishing Address
0xfe5a5c0a140cbbcc913bb9348d9f3bcfcc39e671,1,poison_hunter,1.0,Phishing Address
0xfe5f18033d59aa2ad27f804c30fbee1035e8958f,1,poison_hunter,1.0,Phishing Address
0xfe62fd108827e32aac2ed4f446228143fd1ac06d,1,poison_hunter,1.0,Phishing Address
0xfe70e2be882eceb5f496e889ab8262c81f190780,1,poison_hunter,1.0,Phishing Address
0xfe70e2be8bb4e065de2517b21f2abdbcdc190780,1,poison_hunter,1.0,Phishing Address
0xfe7c79d2a5e5c7a786a312c10ddb3e8ccf9a941d,1,poison_hunter,1.0,Phishing Address
0xfe954dd6ae131a5681dfc83662c22b5cb0a8b95e,1,poison_hunter,1.0,Phishing Address
0xfea33af85c2c6276b5fb749fd7a1d247f5987874,1,poison_hunter,1.0,Phishing Address
0xfeab4d55b612ef549d52410b1932550cebe3a8c2,1,poison_hunter,1.0,Phishing Address
0xfebf398c075368da96a78ae9b2cac862fa0509fe,1,poison_hunter,1.0,Phishing Address
0xfec2155b183ab16e5cbce4842fbe3169d59c173c,1,poison_hunter,1.0,Phishing Address
0xfec5bf5f38e13d7c9d1b8b8a2fe9d54c47bfaead,1,poison_hunter,1.0,Phishing Address
0xfed4fca4ff62bb099d5d31df4b8e34678a5f12bb,1,poison_hunter,1.0,Phishing Address
0xfede4ff64102fdfdec3ef8bd8e5bd93575664ab0,1,poison_hunter,1.0,Phishing Address
0xfeed91f0473a1cf117f57e10e8045a9b8b14a7dc,1,poison_hunter,1.0,Phishing Address
0xfeee1a75bd10576826c594c2da3dbae5e9f98451,1,poison_hunter,1.0,Phishing Address
0xfef9251c97cd5ead747bfe12c168820a073f4fd5,1,poison_hunter,1.0,Phishing Address
0xfefb80d02d420cd1a4633dcd9c43b7a684e119b5,1,poison_hunter,1.0,Phishing Address
0xff0ee48d5e36fedbed769128af18c8aa948c9a51,1,poison_hunter,1.0,Phishing Address
0xff113f510bd02d2cc74b36f1f6eb08c2eb026520,1,poison_hunter,1.0,Phishing Address
0xff1e08f3b4eae77b1c0201420c7897cb934cc028,1,poison_hunter,1.0,Phishing Address
0xff24ed79317851aeb976579b5b2b106f0eff48b2,1,poison_hunter,1.0,Phishing Address
0xff25846d3fd58f62b5beb123f2d8107782f6a160,1,poison_hunter,1.0,Phishing Address
0xff53261c02551eb542004261813dc122caf1c6cd,1,poison_hunter,1.0,Phishing Address
0xff533ff0597fa3bee95950578ecda05e593f257f,1,poison_hunter,1.0,Phishing Address
0xff5878367e7c8a7e84de6b7dcd5f79d6a7981b86,1,poison_hunter,1.0,Phishing Address
0xff5d240502be7bca2d5b32db372d4d0bf42e39b7,1,poison_hunter,1.0,Phishing Address
0xff5fca8dafc5333feaccef1b35bf496458c38006,1,poison_hunter,1.0,Phishing Address
0xff62eee3157cb4dc6c529dcdc698df4c9babd7a8,1,poison_hunter,1.0,Phishing Address
0xff633d8cc887aced2dea51f6136694eed871a06b,1,poison_hunter,1.0,Phishing Address
0xff655611af3af7cf1cff8976b1079d71f17fb70d,1,poison_hunter,1.0,Phishing Address
0xff75509d0e130666961fb6adad6c1064c44e768a,1,poison_hunter,1.0,Phishing Address
0xff808b0e27a78820cd90396e9a98ab365bf531ec,1,poison_hunter,1.0,Phishing Address
0xff9325458e68c070304ba2441fa5dece55798658,1,poison_hunter,1.0,Phishing Address
0xff98fdf8eb060f19e0020b814adebef86661aa4e,1,poison_hunter,1.0,Phishing Address
0xffaec50d50c5eff132c8b4d03d1e96b9c87fb912,1,poison_hunter,1.0,Phishing Address
0xffc4ac99c21b8537d623b195102fc6513a726db4,1,poison_hunter,1.0,Phishing Address
0xffc6e6160d64c9664a8e79d386fd9253e648c442,1,poison_hunter,1.0,Phishing Address
0xffdd273cebcf8059fecc694be894febc7462eedd,1,poison_hunter,1.0,Phishing Address
0xffdd725c07ba9625a4ac3377fb1f9809c14eebb1,1,poison_hunter,1.0,Phishing Address
0xffecc453b404b4000990d33be3206d8c6a346548,1,poison_hunter,1.0,Phishing Address
0xfff0e2b5328289d3098877d54547d47f50bdfe3f,1,poison_hunter,1.0,Phishing Address
0xfff682bc87245ad2333e6f2826dc522584b9a4c9,1,poison_hunter,1.0,Phishing Address
0xfff8edf696fff214754ebcd0f3820562ef644555,1,poison_hunter,1.0,Phishing Address
0x87230146e138d3f296a9a77e497a2a83012e9bc5,1,known_rugpull,1.0,Squid Game Token
0xdac17f958d2ee523a2206206994597c13d831ec7,0,etherscan_top_tokens,1.0,"Tether USD
(USDT)"
0xb8c77482e45f1f44de1745f52c74426c631bdd52,0,etherscan_top_tokens,1.0,"BNB
(BNB)"
0xa0b86991c6218b36c1d19d4a2e9eb0ce3606eb48,0,etherscan_top_tokens,1.0,"USDC
(USDC)"
0xae7ab96520de3a18e5e111b5eaab095312d7fe84,0,etherscan_top_tokens,1.0,"stETH
(stETH)"
0x4a64515e5e1d1073e83f30cb97bed20400b66e10,0,etherscan_top_tokens,1.0,"Wrapped ZEC
(WZEC)"
0x7f39c581f595b53c5cb19bd0b3f8da6c935e2ca0,0,etherscan_top_tokens,1.0,"Wrapped liquid staked Ether 2.0
(wstETH)"
0xdc035d45d973e3ec169d2276ddab16f1e407384f,0,etherscan_top_tokens,1.0,"USDS Stablecoin
(USDS)"
0x514910771af9ca656af840dff83e8264ecf986ca,0,etherscan_top_tokens,1.0,"ChainLink Token
(LINK)"
0x66eff5221ca926636224650fd3b9c497ff828f7d,0,etherscan_top_tokens,1.0,"Multichain BTC
(multiBTC)"
0x2260fac5e5542a773aa44fbcfedf7c193bc2c599,0,etherscan_top_tokens,1.0,"Wrapped BTC
(WBTC)"
0xa2e3356610840701bdf5611a53974510ae27e2e1,0,etherscan_top_tokens,1.0,"Wrapped Binance Beacon ETH
(wBETH)"
0xc02aaa39b223fe8d0a0e5c4f27ead9083c756cc2,0,etherscan_top_tokens,1.0,"Wrapped Ether
(WETH)"
0x2af5d2ad76741191d15dfe7bf6ac92d4bd912ca3,0,etherscan_top_tokens,1.0,"Bitfinex LEO Token
(LEO)"
0xcbb7c0000ab88b473b1f5afd9ef808440eed33bf,0,etherscan_top_tokens,1.0,"Coinbase Wrapped BTC
(cbBTC)"
0x85f17cf997934a597031b2e18a9ab6ebd4b9f6a4,0,etherscan_top_tokens,1.0,"NEAR
(NEAR)"
0x4d5f47fa6a74757f35c14fd3a6ef8e3c9bc514e8,0,etherscan_top_tokens,1.0,"Aave Ethereum WETH
(aEthWETH)"
0xcd5fe23c85820f7b72d0926fc9b05b43e359b7ee,0,etherscan_top_tokens,1.0,"Wrapped eETH
(weETH)"
0xa3931d71877c0e7a3148cb7eb4463524fec27fbd,0,etherscan_top_tokens,1.0,"Savings USDS
(sUSDS)"
0xbc65ad17c5c0a2a4d159fa5a503f4992c7b545fe,0,etherscan_top_tokens,1.0,"Spark USDC Vault
(sUSDC)"
0x4c9edd5852cd905f086c759e8383e09bff1e68b3,0,etherscan_top_tokens,1.0,"USDe
(USDe)"
0x1f9840a85d5af5bf1d1762f925bdaddc4201f984,0,etherscan_top_tokens,1.0,"Uniswap
(UNI)"
0x6b175474e89094c44da98b954eedeac495271d0f,0,etherscan_top_tokens,1.0,"Dai Stablecoin
(DAI)"
0x8d0d000ee44948fc98c9b98a4fa4921476f08b0d,0,etherscan_top_tokens,1.0,"World Liberty Financial USD
(USD1)"
0x3a63de3572c69a1307ff08394f3ee7702c16d25d,0,etherscan_top_tokens,1.0,"Bitway Token
(BTW)"
0x582d872a1b094fc48f5de31d3b73f2d9be47def1,0,etherscan_top_tokens,1.0,"Wrapped TON Coin
(TONCOIN)"
0x4a220e6096b25eadb88358cb44068a3248254675,0,etherscan_top_tokens,1.0,"Quant
(QNT)"
0x68749665ff8d2d112fa859aa293f07a622782f38,0,etherscan_top_tokens,1.0,"Tether Gold
(XAUt)"
0x95ad61b0a150d79219dcf64e1e6cc01f0b64c4ce,0,etherscan_top_tokens,1.0,"SHIBA INU
(SHIB)"
0xe343167631d89b6ffc58b88d6b7fb0228795491d,0,etherscan_top_tokens,1.0,"Global Dollar
(USDG)"
0xa0b73e1ff0b80914ab6fe0444e65848c4c34450b,0,etherscan_top_tokens,1.0,"Cronos Coin
(CRO)"
0x6c3ea9036406852006290770bedfcaba0e23a0e8,0,etherscan_top_tokens,1.0,"PayPal USD
(PYUSD)"
0x57e114b691db790c35207b2e685d4a43181e6061,0,etherscan_top_tokens,1.0,"Ethena
(ENA)"
0x75231f58b43240c9718dd58b4967c5114342a86c,0,etherscan_top_tokens,1.0,"OKB
(OKB)"
0x7fc66500c84a76ad7e9c93437bfc5ac33e2ddae9,0,etherscan_top_tokens,1.0,"Aave Token
(AAVE)"
0x4da27a545c0c5b758a6ba100e3a049001de870f5,0,etherscan_top_tokens,1.0,"Staked Aave
(stkAAVE)"
0x8292bb45bf1ee4d140127049757c2e0ff06317ed,0,etherscan_top_tokens,1.0,"RLUSD
(RLUSD)"
0x136471a34f6ef19fe571effc1ca711fdb8e49f2b,0,etherscan_top_tokens,1.0,"US Yield Coin
(USYC)"
0xfaba6f8e4a5e8ab82f62fe7c39859fa577269be3,0,etherscan_top_tokens,1.0,"Ondo
(ONDO)"
0x96f6ef951840721adbf46ac996b59e0235cb985c,0,etherscan_top_tokens,1.0,"Ondo U.S. Dollar Yield
(USDY)"
0x7712c34205737192402172409a8f7ccef8aa2aec,0,etherscan_top_tokens,1.0,"BlackRock USD Institutional Digital Liquidity Fund
(BUIDL)"
0x6a9da2d710bb9b700acde7cb81f10f1ff8c89041,0,etherscan_top_tokens,1.0,"BlackRock USD Institutional Digital Liquidity Fund - I Class
(BUIDL-I)"
0x21c2c96dbfa137e23946143c71ac8330f9b44001,0,etherscan_top_tokens,1.0,"Polkadot (IBC)
(DOT)"
0x163f8c2467924be0ae7b5347228cabf260318753,0,etherscan_top_tokens,1.0,"Worldcoin
(WLD)"
0x45804880de22913dafe09f4980848ece6ecbaf78,0,etherscan_top_tokens,1.0,"Paxos Gold
(PAXG)"
0x56072c95faa701256059aa122697b133aded9279,0,etherscan_top_tokens,1.0,"SKY Governance Token
(SKY)"
0x3c3a81e81dc49a522a592e7622a7e711c06bf354,0,etherscan_top_tokens,1.0,"Mantle
(MNT)"
0xda5e1988097297dcdc1f90d4dfe7909e847cbef6,0,etherscan_top_tokens,1.0,"World Liberty Financial
(WLFI)"
0x58d97b57bb95320f9a05dc918aef65434969c2b2,0,etherscan_top_tokens,1.0,"Morpho Token
(MORPHO)"
0x00f3c42833c3170159af4e92dbb451fb3f708917,0,etherscan_top_tokens,1.0,"ICP
(ICP)"
0x6982508145454ce325ddbe47a25d4ec3d2311933,0,etherscan_top_tokens,1.0,"Pepe
(PEPE)"
0xfa2b947eec368f42195f24f36d2af29f7c24cec2,0,etherscan_top_tokens,1.0,"Falcon USD
(USDf)"
0x0990b149e915cb08e2143a5c6f669c907eddc8b0,0,etherscan_top_tokens,1.0,"Spiko Amundi Overnight Swap Fund (EUR)
(eurSAFO)"
0x80ac24aa929eaf5013f6436cda2a7ba190f5cc0b,0,etherscan_top_tokens,1.0,"Syrup USDC
(syrupUSDC)"
0x4f8e5de400de08b164e7421b3ee387f461becd1a,0,etherscan_top_tokens,1.0,"Usdd Stablecoin
(USDD)"
0xce24439f2d9c6a2289f741120fe202248b666666,0,etherscan_top_tokens,1.0,"United Stables
(U)"
0x61ec85ab89377db65762e234c946b5c25a56e99e,0,etherscan_top_tokens,1.0,"HTX
(HTX)"
0x50327c6c5a14dcade707abad2e27eb517df87ab5,0,etherscan_top_tokens,1.0,"TRON
(TRX)"
0xd1d82d3ab815e0b47e38ec2d666c5b8aa05ae501,0,etherscan_top_tokens,1.0,"Wrapped Solana (IBC)
(SOL)"
0x54d2252757e1672eead234d27b1270728ff90581,0,etherscan_top_tokens,1.0,"BitgetToken
(BGB)"
0x9d39a5de30e57443bff2a8307a4256c8797a3497,0,etherscan_top_tokens,1.0,"Staked USDe
(sUSDe)"
0xb50721bcf8d664c30412cfbc6cf7a15145234ad1,0,etherscan_top_tokens,1.0,"Arbitrum
(ARB)"
0xe7ae30c03395d66f30a26c49c91edae151747911,0,etherscan_top_tokens,1.0,"clBTC
(clBTC)"
0xe66747a101bff2dba3697199dcce5b743b454759,0,etherscan_top_tokens,1.0,"GateChainToken
(GT)"
0xf34960d9d60be18cc1d5afc1a6f012a723a28811,0,etherscan_top_tokens,1.0,"KuCoin Token
(KCS)"
0x455e53cbb86018ac2b8092fdcd39d8444affc3f6,0,etherscan_top_tokens,1.0,"Polygon Ecosystem Token
(POL)"
0xa1290d69c65a6fe4df752f95823fae25cb99e5a7,0,etherscan_top_tokens,1.0,"rsETH
(rsETH)"
0x8d983cb9388eac77af0474fa441c4815500cb7bb,0,etherscan_top_tokens,1.0,"Cosmos
(ATOM)"
0x519ddeff5d142fc177d95f24952ef3d2ede530bc,0,etherscan_top_tokens,1.0,"Cosmos Hub (IBC)
(ATOM)"
0x6de037ef9ad2725eb40118bb1702ebb27e4aeb24,0,etherscan_top_tokens,1.0,"Render Token
(RNDR)"
0x8236a87084f8b84306f72007f36f2618a5634494,0,etherscan_top_tokens,1.0,"Lombard BTC
(LBTC)"
0x8347fffb3abeb2fae5c21b09e983bdefa1a047dc,0,etherscan_top_tokens,1.0,"Blockchain Capital Token
(BCAP)"
0x232ce3bd40fcd6f80f3d55a522d03f25df784ee2,0,etherscan_top_tokens,1.0,"Lighter
(LIT)"
0xae78736cd615f374d3085123a210448e74fc6393,0,etherscan_top_tokens,1.0,"Rocket Pool ETH
(rETH)"
0x6e1a19f235be7ed8e3369ef73b196c07257494de,0,etherscan_top_tokens,1.0,"Wrapped Filecoin
(WFIL)"
0x6985884c4392d348587b19cb9eaaf157f13271cd,0,etherscan_top_tokens,1.0,"LayerZero
(ZRO)"
0xb62132e35a6c13ee1ee0f84dc5d40bad8d815206,0,etherscan_top_tokens,1.0,"Nexo
(NEXO)"
0x43415eb6ff9db7e26a15b704e7a3edce97d31c4e,0,etherscan_top_tokens,1.0,"Invesco Short Duration US Government Securities Fund
(USTB)"
0x9f6f3991d525015a6f8caf062c83b62fd3ac4436,0,etherscan_top_tokens,1.0,"OpenUSD
(OUSD)"
0x73e0c0d45e048d25fc26fa3159b0aa04bfa4db98,0,etherscan_top_tokens,1.0,"Kraken Wrapped Bitcoin
(kBTC)"
0xe28b3b32b6c345a34ff64674606124dd5aceca30,0,etherscan_top_tokens,1.0,"Injective Token
(INJ)"
0x40d16fc0246ad3160ccc09b8d0d3a2cd28ae6c2f,0,etherscan_top_tokens,1.0,"GHO Token
(GHO)"
0x1a88df1cfe15af22b3c4c783d4e6f7f9e0c1885d,0,etherscan_top_tokens,1.0,"stk GHO
(stkGHO)"
0x152649ea73beab28c5b49b26eb48f7ead6d4c898,0,etherscan_top_tokens,1.0,"PancakeSwap Token
(Cake)"
0xfe0c30065b384f05761f15d0cc899d4f9f9cc0eb,0,etherscan_top_tokens,1.0,"ether.fi governance token
(ETHFI)"
0xc96de26018a54d51c097160568752c4e3bd6c364,0,etherscan_top_tokens,1.0,"FunctionBTC
(FBTC)"
0xd850942ef8811f2a866692a623011bde52a462c1,0,etherscan_top_tokens,1.0,"VeChain
(VEN)"
0xa0769f7a8fc65e47de93797b4e21c073c117fc80,0,etherscan_top_tokens,1.0,"Spiko EU T-Bills Money Market Fund
(EUTBL)"
0x6ad12e761b438bea3ea09f6c6266556bb24c2181,0,etherscan_top_tokens,1.0,"BELDEX
(BDX)"
0x2f913c820ed3beb3a67391a6eff64e70c4b20b19,0,etherscan_top_tokens,1.0,"Merlin BTC
(M-BTC)"
0xd5f7838f5c461feff7fe49ea5ebaf7728bb0adfa,0,etherscan_top_tokens,1.0,"mETH
(mETH)"
0x356b8d89c1e1239cbbb9de4815c39a1474d5ba7d,0,etherscan_top_tokens,1.0,"Syrup USDT
(syrupUSDT)"
0x19ebb35279a16207ec4ba82799cc64715065f7f6,0,etherscan_top_tokens,1.0,"Hastra PRIME
(PRIME)"
0x73a15fed60bf67631dc6cd7bc5b6e8da8190acf5,0,etherscan_top_tokens,1.0,"Usual USD
(USD0)"
0xd533a949740bb3306d119cc777fa900ba034cd52,0,etherscan_top_tokens,1.0,"Curve DAO Token
(CRV)"
0xca14007eff0db1f8135f4c25b34de49ab0d42766,0,etherscan_top_tokens,1.0,"Starknet Token
(STRK)"
0xaea46a60368a7bd060eec7df8cba43b7ef41ad85,0,etherscan_top_tokens,1.0,"Fetch
(FET)"
0x6418c0dd099a9fda397c766304cdd918233e8847,0,etherscan_top_tokens,1.0,"Pudgy Penguins
(PENGU)"
0x72dfb2e44f59c5ad2bafe84314e5b99a7cd5075e,0,etherscan_top_tokens,1.0,"Circle Wrapped Bitcoin
(cirBTC)"
0x0000000000085d4780b73119b644ae5ecd22b376,0,etherscan_top_tokens,1.0,"TrueUSD
(TUSD)"
0x1abaea1f7c830bd89acc67ec4af516284b1bc33c,0,etherscan_top_tokens,1.0,"EURC
(EURC)"
0xbe9895146f7af43049ca1c1ae358b0541ea49704,0,etherscan_top_tokens,1.0,"Coinbase Wrapped Staked ETH
(cbETH)"
0x44ff8620b8ca30902395a7bd3f2407e1a091bf73,0,etherscan_top_tokens,1.0,"Virtual Protocol
(VIRTUAL)"
0x6fa0be17e4bea2fcfa22ef89bf8ac9aab0ab0fc9,0,etherscan_top_tokens,1.0,"A7A5
(A7A5)"
0xb1d1eae60eea9525032a6dcb4c1ce336a1de71be,0,etherscan_top_tokens,1.0,"Derive
(DRV)"
0xbdf43ecadc5cef51b7d1772f722e40596bc1788b,0,etherscan_top_tokens,1.0,"SEI
(SEI)"
0x013addc6512432304c055cec20bbb0f6aa5ed7d5,0,etherscan_top_tokens,1.0,"Sei (IBC)
(SEI)"
0xc139190f447e929f090edeb554d95abb8b18ac1c,0,etherscan_top_tokens,1.0,"USDtb
(USDtb)"
0xf1c9acdc66974dfb6decb12aa385b9cd01190e38,0,etherscan_top_tokens,1.0,"Staked ETH
(osETH)"
0x808507121b80c02388fad14726482e061b8da827,0,etherscan_top_tokens,1.0,"Pendle
(PENDLE)"
0x0e63b9c287e32a05e6b9ab8ee8df88a2760225a9,0,etherscan_top_tokens,1.0,"Pieverse Token
(PIEVERSE)"
0x5a98fcbea516cf06857215779fd812ca3bef1b32,0,etherscan_top_tokens,1.0,"Lido DAO Token
(LDO)"
0xc669928185dbce49d2230cc9b0979be6dc797957,0,etherscan_top_tokens,1.0,"BitTorrent
(BTT)"
0xfa1c09fc8b491b6a4d3ff53a10cad29381b3f949,0,etherscan_top_tokens,1.0,"Falcon Finance
(FF)"
0x6944e1df6bf5972305f9ab25df47ef10de01bcc8,0,etherscan_top_tokens,1.0,"Unibase
(UB)"
0xe0f63a424a4439cbe457d80e4f4b51ad25b2c56c,0,etherscan_top_tokens,1.0,"SPX6900
(SPX)"
0xf0bb20865277abd641a307ece5ee04e79073416c,0,etherscan_top_tokens,1.0,"Ether.Fi Liquid ETH
(liquidETH)"
0x8daebade922df735c38c80c7ebd708af50815faa,0,etherscan_top_tokens,1.0,"tBTC
(TBTC)"
0x18084fba666a33d37592fa2633fd49a74dd93a88,0,etherscan_top_tokens,1.0,"tBTC v2
(tBTC)"
0x0cb6d03b0ac88a463f67b7ad99f9f3ec4678092e,0,etherscan_top_tokens,1.0,"SoFiUSD
(SOFID)"
0x8c213ee79581ff4984583c6a801e5263418c4b86,0,etherscan_top_tokens,1.0,"Janus Henderson Anemoy Treasury Fund
(JTRSY)"
0xc5f0f7b66764f6ec8c8dff7ba683102295e16409,0,etherscan_top_tokens,1.0,"First Digital USD
(FDUSD)"
0x118b70df4f06fa5678e7d543e6066e028c8ea0c0,0,etherscan_top_tokens,1.0,"Kite
(KITE)"
0x1b19c19393e2d034d8ff31ff34c81252fcbbee92,0,etherscan_top_tokens,1.0,"Ondo Short-Term U.S. Government Bond Fund
(OUSG)"
0x6810e776880c02933d47db1b9fc05908e5386b96,0,etherscan_top_tokens,1.0,"Gnosis
(GNO)"
0x5086bf358635b81d8c47c66d1c8b9e567db70c72,0,etherscan_top_tokens,1.0,"Re Protocol Deposit Token
(reUSD)"
0x64aa3364f17a4d01c6f1751fd97c2bd3d7e7f1d5,0,etherscan_top_tokens,1.0,"Olympus
(OHM)"
0x4aef9bd3fbb09d8f374436d9ec25711a1be9bacb,0,etherscan_top_tokens,1.0,"Bonk (IBC)
(BONK)"
0xc944e90c64b2c07662a292be6244bdf05cda44a7,0,etherscan_top_tokens,1.0,"Graph Token
(GRT)"
0x643c4e15d7d62ad0abec4a9bd4b001aa3ef52d66,0,etherscan_top_tokens,1.0,"Syrup Token
(SYRUP)"
0xc18360217d8f7ab5e7c516566761ea12ce7f9d72,0,etherscan_top_tokens,1.0,"Ethereum Name Service
(ENS)"
0xcf0c122c6b73ff809c693db761e7baebe62b6a2e,0,etherscan_top_tokens,1.0,"FLOKI
(FLOKI)"
0x004e9c3ef86bc1ca1f0bb5c7662861ee93350568,0,etherscan_top_tokens,1.0,"uniBTC
(uniBTC)"
0x9be89d2a4cd102d8fecc6bf9da793be995c22541,0,etherscan_top_tokens,1.0,"Binance Wrapped BTC
(BBTC)"
0xc00e94cb662c3520282e6f5717214004a7f26888,0,etherscan_top_tokens,1.0,"Compound
(COMP)"
0x7420b4b9a0110cdc71fb720908340c03f9bc03ec,0,etherscan_top_tokens,1.0,"JasmyCoin
(JASMY)"
0x198d14f2ad9ce69e76ea330b374de4957c3f850a,0,etherscan_top_tokens,1.0,"AINFT
(NFT)"
0xec53bf9167f50cdeb3ae105f56099aaab9061f83,0,etherscan_top_tokens,1.0,"Eigen
(EIGEN)"
0xcbade7d9bdee88411cb6cbcbb29952b742036992,0,etherscan_top_tokens,1.0,"Spiko Amundi Overnight Swap Fund
(SAFO)"
0x3883f5e181fccaf8410fa61e12b59bad963fb645,0,etherscan_top_tokens,1.0,"Theta Token
(THETA)"
0x853d955acef822db058eb8505911ed77f175b99e,0,etherscan_top_tokens,1.0,"Frax
(FRAX)"
0xcf7e6742266ad5a76ee042e26d3f766c34195e5f,0,etherscan_top_tokens,1.0,"dogwifhat (IBC)
(WIF)"
0xf939e0a03fb07f59a73314e73794be0e57ac1b4e,0,etherscan_top_tokens,1.0,"Curve.Fi USD Stablecoin
(crvUSD)"
0x8be3460a480c80728a8c4d7a5d5303c85ba7b3b9,0,etherscan_top_tokens,1.0,"Staked ENA
(sENA)"
0x3845badade8e6dff049820680d1f14bd3903a5d0,0,etherscan_top_tokens,1.0,"SAND
(SAND)"
0xc5d6a7b61d18afa11435a889557b068bb9f29930,0,etherscan_top_tokens,1.0,"Savings Usdd
(sUSDDsavings-usdd)"
0xa35b1b31ce002fbf2058d22f30f95d405200a15b,0,etherscan_top_tokens,1.0,"ETHx
(ETHx)"
0xbb0e17ef65f82ab018d8edd776e8dd940327b28b,0,etherscan_top_tokens,1.0,"Axie Infinity Shard
(AXS)"
0x87b65c4aaffa76881f9e96f3e7ed945ddfc3cd7a,0,etherscan_top_tokens,1.0,"syrupUSDG
(syrupUSDG)"
0x4e3fbd56cd56c3e72c1403e103b45db9da5b9d2b,0,etherscan_top_tokens,1.0,"Convex Token
(CVX)"
0xbbfc8683c8fe8cf73777fede7ab9574935fea0a4,0,etherscan_top_tokens,1.0,"Lido Earn ETH
(earnETH)"
0x8881562783028f5c1bcb985d2283d5e170d88888,0,etherscan_top_tokens,1.0,"Shuffle
(SHFL)"
0x00000000efe302beaa2b3e6e1b18d08d69a9012a,0,etherscan_top_tokens,1.0,"AUSD
(AUSD)"
0xa12cc123ba206d4031d1c7f6223d1c2ec249f4f3,0,etherscan_top_tokens,1.0,"Zama
(ZAMA)"
0x5f7827fdeb7c20b443265fc2f40845b715385ff2,0,etherscan_top_tokens,1.0,"EUR CoinVertible
(EURCV)"
0x0f5d2fb29fb7d3cfee444a200298f468908cc942,0,etherscan_top_tokens,1.0,"Decentraland
(MANA)"
0xfd09cf7cfffa9932e33668311c4777cb9db3c9be,0,etherscan_top_tokens,1.0,"Wrapped Decentraland MANA
(wMANA)"
0x07041776f5007aca2a54844f50503a18a72a8b68,0,etherscan_top_tokens,1.0,"Tether America USD
(USAT)"
0x35fa164735182de50811e8e2e824cfb9b6118ac2,0,etherscan_top_tokens,1.0,"ether.fi ETH
(eETH)"
0xaa7a9ca87d3694b5755f213b5d04094b8d0f0a6f,0,etherscan_top_tokens,1.0,"Trace
(TRAC)"
0x56a3ba04e95d34268a19b2a4474dc979babdaf76,0,etherscan_top_tokens,1.0,"Sentient
(SENT)"
0x73bd5dc5f4aa468c021f9c2ce21a7cfa606a6a06,0,etherscan_top_tokens,1.0,"Macy's xStock
(Mx)"
0x11eef04c884e24d9b7b4760e7476d06ddf797f36,0,etherscan_top_tokens,1.0,"MX Token
(MX)"
0x6f40d4a6237c257fff2db00fa0510deeecd303eb,0,etherscan_top_tokens,1.0,"Fluid
(FLUID)"
0x0d8775f648430679a709e98d2b0cb6250d2887ef,0,etherscan_top_tokens,1.0,"BAT
(BAT)"
0xf57e7e7c23978c3caec3c3548e3d615c346e79ff,0,etherscan_top_tokens,1.0,"Immutable X
(IMX)"
0xe4880249745eac5f1ed9d8f7df844792d560e750,0,etherscan_top_tokens,1.0,"Spiko US T-Bills Money Market Fund
(USTBL)"
0xba9d4199fab4f26efe3551d490e3821486f135ba,0,etherscan_top_tokens,1.0,"SwissBorg
(CHSB)"
0x64d0f55cd8c7133a9d7102b13987235f486f2224,0,etherscan_top_tokens,1.0,"SwissBorg Token
(BORG)"
0xa2cd3d43c775978a96bdbf12d733d5a1ed94fb18,0,etherscan_top_tokens,1.0,"Onyxcoin
(XCN)"
0x8ed97a637a790be1feff5e888d43629dc05408f6,0,etherscan_top_tokens,1.0,"Non-Playable Coin
(NPC)"
0x83f20f44975d03b1b09e64809b757c47f942beea,0,etherscan_top_tokens,1.0,"Savings Dai
(sDAI)"
0xb0f70c0bd6fd87dbeb7c10dc692a2a6106817072,0,etherscan_top_tokens,1.0,"Bitcoin
(BTC.b)"
0x699ccf919c1dfdfa4c374292f42cadc9899bf753,0,etherscan_top_tokens,1.0,"Vision
(VSN)"
0x3506424f91fd33084466f402d5d97f05f8e3b4af,0,etherscan_top_tokens,1.0,"chiliZ
(CHZ)"
0x666d875c600aa06ac1cf15641361dec3b00432ef,0,etherscan_top_tokens,1.0,"BTSE Token
(BTSE)"
0x977b6fc5de62598b08c85ac8cf2b745874e8b78c,0,etherscan_top_tokens,1.0,"Aave Ethereum cbETH
(aEthcbETH)"
0x1aad217b8f78dba5e6693460e8470f8b1a3977f3,0,etherscan_top_tokens,1.0,"Strategy PP Variable xStock
(STRCx)"
0xe53ec727dbdeb9e2d5456c3be40cff031ab40a55,0,etherscan_top_tokens,1.0,"SuperVerse
(SUPER)"
0x7ddc52c4de30e94be3a6a0a2b259b2850f421989,0,etherscan_top_tokens,1.0,"GoMining Token
(GMT)"
0xe76c6c83af64e4c60245d8c7de953df673a7a33d,0,etherscan_top_tokens,1.0,"Rail
(RAIL)"
0xde4ee8057785a7e8e800db58f9784845a5c2cbd6,0,etherscan_top_tokens,1.0,"Dexe
(DEXE)"
0x9b61879e91a0b1322f3d61c23aaf936231882096,0,etherscan_top_tokens,1.0,"Bedrock
(BR)"
0x626e8036deb333b408be468f951bdb42433cbf18,0,etherscan_top_tokens,1.0,"AIOZ Network
(AIOZ)"
0x04c618cdbc1d59142dfeb4b9864835a06983ec2d,0,etherscan_top_tokens,1.0,"Joseon Mun
(JSM)"
0xc07e1300dc138601fa6b0b59f8d0fa477e690589,0,etherscan_top_tokens,1.0,"Quack AI Token
(Q)"
0x12e2b8033420270db2f3b328e32370cb5b2ca134,0,etherscan_top_tokens,1.0,"SafePalToken
(SFP)"
0x177d39ac676ed1c67a2b268ad7f1e58826e5b0af,0,etherscan_top_tokens,1.0,"CoinDash Token
(CDT)"
0x62d0a8458ed7719fdaf978fe5929c6d342b0bfce,0,etherscan_top_tokens,1.0,"Beam
(BEAM)"
0xccaf57dda945a03813ecb8542df4f2fb3b13e480,0,etherscan_top_tokens,1.0,"SharkNinja xStock
(SNx)"
0xd0da9cbea9c3852c5d63a95f9abcc4f6ea0f9032,0,etherscan_top_tokens,1.0,"Synthetix Network Token
(SNX)"
0xc011a73ee8576fb46f5e1c5751ca3b9fe0af2a6f,0,etherscan_top_tokens,1.0,"Synthetix Network Token
(SNX)"
0x111111111117dc0aa78b770fa6a738034120c302,0,etherscan_top_tokens,1.0,"1INCH Token
(1INCH)"
0x0d09d36644a4eb39a72636253fb02e7487caeef9,0,etherscan_top_tokens,1.0,"Ultima
(ULTIMA)"
0xde7d85157d9714eadf595045cc12ca4a5f3e2adb,0,etherscan_top_tokens,1.0,"STPT
(STPT)"
0xe7c3d8c9a439fede00d2600032d5db0be71c3c29,0,etherscan_top_tokens,1.0,"JPY Coin
(JPYC)"
0xbe0ed4138121ecfc5c0e56b40517da27e6c5226b,0,etherscan_top_tokens,1.0,"Aethir Token
(ATH)"
0xcf5104d094e3864cfcbda43b82e1cefd26a016eb,0,etherscan_top_tokens,1.0,"Humanity
(H)"
0xe76c5b78f93909d34404e9eb4c1f19e7582a5de1,0,etherscan_top_tokens,1.0,"Humanity
(H)"
0x66a5cfb2e9c529f14fe6364ad1075df3a649c0a5,0,etherscan_top_tokens,1.0,"ZKsync
(ZK)"
0x7dd9c5cba05e151c895fde1cf355c9a1d5da6429,0,etherscan_top_tokens,1.0,"Golem Network Token
(GLM)"
0x8b353021189375591723e7384262f45709a3c3dc,0,etherscan_top_tokens,1.0,"Tomocoin
(TOMO)"
0x76a0e27618462bdac7a29104bdcfff4e6bfcea2d,0,etherscan_top_tokens,1.0,"SoSoValue
(SOSO)"
0xb0076de78dc50581770bba1d211ddc0ad4f2a241,0,etherscan_top_tokens,1.0,"Edge
(EDGE)"
0x6781d5631bfe47432b089e64e3eab3b6edd26177,0,etherscan_top_tokens,1.0,"JPYSC
(JPYSC)"
0x4c1746a800d224393fe2470c70a35717ed4ea5f1,0,etherscan_top_tokens,1.0,"Plume
(PLUME)"
0x1dd91a111606382b77a917633ed90feaf25e0f76,0,etherscan_top_tokens,1.0,"Midas Fasanara Global Open
(mGLO)"
0x516d31321928700c6b4fb0db0c8c6bc5d6799787,0,etherscan_top_tokens,1.0,"SHX
(SHX)"
0x5fa487bca6158c64046b2813623e20755091da0b,0,etherscan_top_tokens,1.0,"Theo Short Duration US Treasury Fund
(thBILL)"
0x119dd7daff816f29d7ee47596ae5e4bdc4299165,0,etherscan_top_tokens,1.0,"Nest BlackOpal LiquidStone II Vault
(nOPAL)"
0xb0ffa8000886e57f86dd5264b9582b2ad87b2b91,0,etherscan_top_tokens,1.0,"Wormhole Token
(W)"
0xae2f842ef90c0d5213259ab82639d5bbf649b08e,0,etherscan_top_tokens,1.0,"MicroStrategy xStock
(MSTRx)"
0x99991c6aabba5a096f24f250b73580f5179b9999,0,etherscan_top_tokens,1.0,"Cap
(CAP)"
0xd1d2eb1b1e90b638588728b4130137d262c87cae,0,etherscan_top_tokens,1.0,"Gala
(GALA)"
0x046eee2cc3188071c02bfc1745a6b17c656e3f3d,0,etherscan_top_tokens,1.0,"Rollbit Coin
(RLB)"
0xd3fd63209fa2d55b07a0f6db36c2f43900be3094,0,etherscan_top_tokens,1.0,"Wrapped Savings rUSD
(wsrUSD)"
0xbeef088055857739c12cd3765f20b7679def0f51,0,etherscan_top_tokens,1.0,"Steakhouse Prime Instant
(steakUSDC)"
0x8c106eedad96553e64287a5a6839c3cc78afa3d0,0,etherscan_top_tokens,1.0,"Gauntlet USDC Prime
(gtUSDCp)"
0xbf5495efe5db9ce00f80364c8b423567e58d2110,0,etherscan_top_tokens,1.0,"ezETH
(Renzo Restaked ETH)"
0xa227cc36938f0c9e09ce0e64dfab226cad739447,0,etherscan_top_tokens,1.0,"Open
(OPEN)"
0xac3e018457b222d93114458476f3e3416abbe38f,0,etherscan_top_tokens,1.0,"Staked Frax Ether
(sfrxETH)"
0x607f4c5bb672230e8672085532f7e901544a7375,0,etherscan_top_tokens,1.0,"RLC
(RLC)"
0xd7c49cee7e9188cca6ad8ff264c1da2e69d4cf3b,0,etherscan_top_tokens,1.0,"NXM
(NXM)"
0xcacd6fd266af91b8aed52accc382b4e165586e29,0,etherscan_top_tokens,1.0,"Frax USD
(frxUSD)"
0x51c2d74017390cbbd30550179a16a1c28f7210fc,0,etherscan_top_tokens,1.0,"Securitize Tokenized AAA CLO Fund
(STAC)"
0x1776e1f26f98b1a5df9cd347953a26dd3cb46671,0,etherscan_top_tokens,1.0,"Numeraire
(NMR)"
0xaeeaa594e7dc112d67b8547fe9767a02c15b5597,0,etherscan_top_tokens,1.0,"Anvil
(ANVL)"
0x697beac28b09e122c4332d163985e8a73121b97f,0,etherscan_top_tokens,1.0,"QRL
(QRL)"
0xe41d2489571d322189246dafa5ebde1f4699f498,0,etherscan_top_tokens,1.0,"ZRX
(ZRX)"
0x3103df8f05c4d8af16fd22ae63e406b97fec6938,0,etherscan_top_tokens,1.0,"WQtum
(WQTUM)"
0x3632dea96a953c11dac2f00b4a05a32cd1063fae,0,etherscan_top_tokens,1.0,"Circle Internet Group (Ondo Tokenized)
(CRCLon)"
0x0c1c1c109fe34733fca54b82d7b46b75cfb71f6e,0,etherscan_top_tokens,1.0,"USD.AI
(CHIP)"
0x320623b8e4ff03373931769a31fc52a4e78b5d70,0,etherscan_top_tokens,1.0,"Reserve Rights
(RSR)"
0xfe18ae03741a5b84e39c295ac9c856ed7991c38e,0,etherscan_top_tokens,1.0,"Crypto.com Wrapped Staked ETH
(CDCETH)"
0x0520930f21b14cafac7a27b102487bee7138a017,0,etherscan_top_tokens,1.0,"Bitget Wrapped BTC
(BGBTC)"
0xfc82bb4ba86045af6f327323a46e80412b91b27d,0,etherscan_top_tokens,1.0,"Token Prometeus Network
(PROM)"
0x419d0d8bdd9af5e606ae2232ed285aff190e711b,0,etherscan_top_tokens,1.0,"FunFair
(FUN)"
0x23238f20b894f29041f48d88ee91131c395aaa71,0,etherscan_top_tokens,1.0,"USDat
(USDat)"
0x17418038ecf73ba4026c4f428547bf099706f27b,0,etherscan_top_tokens,1.0,"Apollo Diversified Credit Securitize Fund
(ACRED)"
0xb44d6c324a6c15127f1451465f1e1dbc39142a60,0,etherscan_top_tokens,1.0,"Kusama (IBC)
(KSM)"
0x7bc3485026ac48b6cf9baf0a377477fff5703af8,0,etherscan_top_tokens,1.0,"Wrapped Aave Ethereum USDT
(waEthUSDT)"
0xfebded1b0986a8ee107f5ab1a1c5a813491deceb,0,etherscan_top_tokens,1.0,"Circle xStock
(CRCLx)"
0xb197e02499e6502733c6bce2eb39013c39a03147,0,etherscan_top_tokens,1.0,"Pharos
(PROS)"
0x856c4efb76c1d1ae02e20ceb03a2a6a08b0b8dc3,0,etherscan_top_tokens,1.0,"Origin Ether
(OETH)"
0x58b6a8a3302369daec383334672404ee733ab239,0,etherscan_top_tokens,1.0,"Livepeer Token
(LPT)"
0x085780639cc2cacd35e474e71f4d000e2405d8f6,0,etherscan_top_tokens,1.0,"f(x) USD
(fxUSD)"
0x5afe3855358e112b5647b952709e6165e1c1eeee,0,etherscan_top_tokens,1.0,"Safe Token
(SAFE)"
0x7e2ac793f3e692f388e66c7dc28f739d13b0b71a,0,etherscan_top_tokens,1.0,"Goldfish
(GGBR)"
0xb2617246d0c6c0087f18703d576831899ca94f01,0,etherscan_top_tokens,1.0,"ZigCoin
(ZIG)"
0x0bc529c00c6401aef6d220be8c6ea1667f6ad93e,0,etherscan_top_tokens,1.0,"yearn.finance
(YFI)"
0xdef1ca1fb7fbcdc777520aa7f396b4e015f497ab,0,etherscan_top_tokens,1.0,"CoW Protocol Token
(COW)"
0x7796f4e23a62ef3653829c21032a9e24beaf4cf5,0,etherscan_top_tokens,1.0,"Bending Spoons xStock
(BSPx)"
0x437cc33344a0b27a429f795ff6b469c72698b291,0,etherscan_top_tokens,1.0,"WrappedM by M^0
(wM)"
0xd9d920aa40f578ab794426f5c90f6c731d159def,0,etherscan_top_tokens,1.0,"xSolvBTC
(xSolvBTC)"
0x7743e50f534a7f9f1791dde7dcd89f7783eefc39,0,etherscan_top_tokens,1.0,"f(x) USD Saving
(fxSAVE)"
0xc43c6bfeda065fe2c4c11765bf838789bd0bb5de,0,etherscan_top_tokens,1.0,"Redstone
(RED)"
0x8b1484d57abbe239bb280661377363b03c89caea,0,etherscan_top_tokens,1.0,"ADI
(ADI)"
0xf091867ec603a6628ed83d274e835539d82e9cc8,0,etherscan_top_tokens,1.0,"Zeta
(ZETA)"
0xdd629e5241cbc5919847783e6c96b2de4754e438,0,etherscan_top_tokens,1.0,"mTBILL
(mTBILL)"
0x031de51f3e8016514bd0963d0b2ab825a591db9a,0,etherscan_top_tokens,1.0,"Espresso
(ESP)"
0xed35af169af46a02ee13b9d79eb57d6d68c1749e,0,etherscan_top_tokens,1.0,"OMI Token
(OMI)"
0xecabe1ff8a9e1dc55899cf58dac8497ece5ae84c,0,etherscan_top_tokens,1.0,"Strategy Stretch Preferred (Ondo Tokenized)
(STRCon)"
0x6c6ee5e31d828de241282b9606c8e98ea48526e2,0,etherscan_top_tokens,1.0,"HoloToken
(HOT)"
0xd7ca0e2c36d647446b782d1b72308e598373e2f5,0,etherscan_top_tokens,1.0,"Crown BRLV
(BRLV)"
0xc20059e0317de91738d13af027dfc4a50781b066,0,etherscan_top_tokens,1.0,"Spark
(SPK)"
0x8ad3c73f833d3f9a523ab01476625f269aeb7cf0,0,etherscan_top_tokens,1.0,"Tesla xStock
(TSLAx)"
0xb73ee5488647a6302ebf5fee8af3152f6960ae4c,0,etherscan_top_tokens,1.0,"Hex Trust Wrapped XRP
(wXRP)"
0x526526528f35ac738177003b8773b402b8df8143,0,etherscan_top_tokens,1.0,"Re Protocol
(RE)"
0x62ca254a363dc3c748e7e955c20447ab5bf06ff7,0,etherscan_top_tokens,1.0,"iShares Core S&P 500 ETF (Ondo Tokenized)
(IVVon)"
0x5dd1a7a369e8273371d2dbf9d83356057088082c,0,etherscan_top_tokens,1.0,"Flying Tulip
(FT)"
0x470ebf5f030ed85fc1ed4c2d36b9dd02e77cf1b7,0,etherscan_top_tokens,1.0,"Temple
(TEMPLE)"
0x05f4a42e251f2d52b8ed15e9fedaacfcef1fad27,0,etherscan_top_tokens,1.0,"Zilliqa
(ZIL)"
0x2103e845c5e135493bb6c2a4f0b8651956ea8682,0,etherscan_top_tokens,1.0,"Matrixdock Gold
(XAUM)"
0xcccc62962d17b8914c62d74ffb843d73b2a3cccc,0,etherscan_top_tokens,1.0,"cap USD
(cUSD)"
0x5faa989af96af85384b8a938c2ede4a7378d9875,0,etherscan_top_tokens,1.0,"Galxe
(GAL)"
0x2b66aade1e9c062ff411bd47c44e0ad696d43bd9,0,etherscan_top_tokens,1.0,"USDa saving token
(sUSDa)"
0x88887be419578051ff9f4eb6c858a951921d8888,0,etherscan_top_tokens,1.0,"Staked cap USD
(stcUSD)"
0xd7efb00d12c2c13131fd319336fdf952525da2af,0,etherscan_top_tokens,1.0,"Proton
(XPR)"
0xa0c56a8c0692bd10b3fa8f8ba79cf5332b7107f9,0,etherscan_top_tokens,1.0,"MERL
(MERL)"
0x0f3a12b78fee11ee088e454a0547bdbc5a253a6d,0,etherscan_top_tokens,1.0,"MERL
(MERL)"
0x6b3595068778dd592e39a122f4f5a5cf09c90fe2,0,etherscan_top_tokens,1.0,"SushiToken
(SUSHI)"
0x1789e0043623282d5dcc7f213d703c6d8bafbb04,0,etherscan_top_tokens,1.0,"Linea
(LINEA)"
0xa35923162c49cf95e6bf26623385eb431ad920d3,0,etherscan_top_tokens,1.0,"Turbo
(TURBO)"
0x238a700ed6165261cf8b2e544ba797bc11e466ba,0,etherscan_top_tokens,1.0,"Midas Fasanara ONE
(mF-ONE)"
0x90a2a4c76b5d8c0bc892a69ea28aa775a8f2dd48,0,etherscan_top_tokens,1.0,"SP500 xStock
(SPYx)"
0x23d7ff057c696fee679c60cef61fee6614218f04,0,etherscan_top_tokens,1.0,"Unipoly Coin
(UNP)"
0xbeef01735c132ada46aa9aa4c54623caa92a64cb,0,etherscan_top_tokens,1.0,"Steakhouse USDC
(steakUSDC)"
0xd166337499e176bbc38a1fbd113ab144e5bd2df7,0,etherscan_top_tokens,1.0,"Staked USDat
(sUSDat)"
0x467719ad09025fcc6cf6f8311755809d45a5e5f3,0,etherscan_top_tokens,1.0,"Axelar
(AXL)"
0xace8e719899f6e91831b18ae746c9a965c2119f1,0,etherscan_top_tokens,1.0,"Ondo U.S. Dollar Token
(USDon)"
0xa1fa7777974312f7d801a8880714a218f76233f8,0,etherscan_top_tokens,1.0,"USDx
(USDx)"
0xcb21311d3b91b5324f6c11b4f5a656fcacbff122,0,etherscan_top_tokens,1.0,"QuantixAI
(QAI)"
0x26b80fbfc01b71495f477d5237071242e0d959d7,0,etherscan_top_tokens,1.0,"Wrapped ROSE (Wormhole)
(wROSE)"
0xf629cbd94d3791c9250152bd8dfbdf380e2a3b9c,0,etherscan_top_tokens,1.0,"EnjinCoin
(ENJ)"
0x3ed0b3c4c0168a560d34e361b8130dcca4677736,0,etherscan_top_tokens,1.0,"Royal Euro
(REUR)"
0x4b948d64de1f71fcd12fb586f4c776421a35b3ee,0,etherscan_top_tokens,1.0,"0G
(0G)"
0xff20817765cb7f73d4bde2e66e067e58d11095c2,0,etherscan_top_tokens,1.0,"Amp
(AMP)"
0xd084b83c305dafd76ae3e1b4e1f1fe2ecccb3988,0,etherscan_top_tokens,1.0,"Terra Virtua Kolect
(TVK)"
0xcb1592591996765ec0efc1f92599a19767ee5ffa,0,etherscan_top_tokens,1.0,"BIO
(BIO)"
0xbeef003c68896c7d2c3c60d363e8d71a49ab2bf9,0,etherscan_top_tokens,1.0,"Steakhouse Prime Instant
(steakUSDT)"
0xd11c452fc99cf405034ee446803b6f6c1f6d5ed8,0,etherscan_top_tokens,1.0,"Treehouse ETH
(tETH)"
0xf27441230eadeac85b764610325cc9a0d7859689,0,etherscan_top_tokens,1.0,"Astar
(ASTR)"
0x12652c6d93fdb6f4f37d48a8687783c782bb0d10,0,etherscan_top_tokens,1.0,"Entangle
(NTGL)"
0x2255718832bc9fd3be1caf75084f4803da14ff01,0,etherscan_top_tokens,1.0,"VanEck Treasury Fund
(VBILL)"
0xa3ee21c306a700e682abcdfe9baa6a08f3820419,0,etherscan_top_tokens,1.0,"Gluwa Creditcoin Vesting Token
(G-CRE)"
0xa1aa371e450c5aee7fff259cbf5cca9384227272,0,etherscan_top_tokens,1.0,"PentagonChain
(PC)"
0xcdf7028ceab81fa0c6971208e83fa7872994bee5,0,etherscan_top_tokens,1.0,"Threshold Network Token
(T)"
0x057898f3c43f129a17517b9056d23851f124b19f,0,etherscan_top_tokens,1.0,"Celo native asset
(CELO)"
0xe452e6ea2ddeb012e20db73bf5d3863a3ac8d77a,0,etherscan_top_tokens,1.0,"Wrapped Celo
(wCELO)"
0x8cd41041505885ef0ad3858181d66f17be8aae7e,0,etherscan_top_tokens,1.0,"LCX
(LCX)"
0x2dff88a56767223a5529ea5960da7a3f5f766406,0,etherscan_top_tokens,1.0,"SPACE ID
(ID)"
0xf8173a39c56a554837c4c7f104153a005d284d11,0,etherscan_top_tokens,1.0,"EDU Coin
(EDU)"
0x48f9e38f3070ad8945dfeae3fa70987722e3d89c,0,etherscan_top_tokens,1.0,"infiniFi USD
(iUSD)"
0x0501b9188436e35bb10f35998c40adc079003866,0,etherscan_top_tokens,1.0,"AI Analysis Token
(AIAT)"
0x25ec98773d7b4ced4cafab96a2a1c0945f145e10,0,etherscan_top_tokens,1.0,"Staked USDT
(stUSDT)"
0xc0c17dd08263c16f6b64e772fb9b723bf1344ddf,0,etherscan_top_tokens,1.0,"Precious Metals USD
(pmUSD)"
0x5283d291dbcf85356a21ba090e6db59121208b44,0,etherscan_top_tokens,1.0,"Blur
(BLUR)"
0x8457ca5040ad67fdebbcc8edce889a335bc0fbfb,0,etherscan_top_tokens,1.0,"AltLayer Token
(ALT)"
0x4cff203005b24aa1083b35063d684a76b1080f22,0,etherscan_top_tokens,1.0,"FONQ Token
(FONQ)"
0x4ddc2d193948926d02f9b1fe9e1daa0718270ed5,0,etherscan_top_tokens,1.0,"Compound Ether
(cETH)"
0x01d33fd36ec67c6ada32cf36b31e88ee190b1839,0,etherscan_top_tokens,1.0,"BRZ Token
(BRZ)"
0xe556aba6fe6036275ec1f87eda296be72c811bce,0,etherscan_top_tokens,1.0,"Neutrl USD
(NUSD)"
0x88df592f8eb5d7bd38bfef7deb0fbc02cf3778a0,0,etherscan_top_tokens,1.0,"Tellor Tributes
(TRB)"
0x4ce1ac8f43e0e5bd7a346a98af777bf8fbea1981,0,etherscan_top_tokens,1.0,"Lido Earn USD
(earnUSD)"
0x1db1591540d7a6062be0837ca3c808add28844f6,0,etherscan_top_tokens,1.0,"Origami hOHM
(hOHM)"
0xbf2179859fc6d5bee9bf9158632dc51678a4100e,0,etherscan_top_tokens,1.0,"ELF
(ELF)"
0xcccccccccc33d538dbc2ee4feab0a7a1ff4e8a94,0,etherscan_top_tokens,1.0,"Centrifuge
(CFG)"
0x6c5ba91642f10282b576d91922ae6448c9d52f4e,0,etherscan_top_tokens,1.0,"Phala
(PHA)"
0x6033f7f88332b8db6ad452b7c6d5bb643990ae3f,0,etherscan_top_tokens,1.0,"Lisk
(LSK)"
0x5c147e74d63b1d31aa3fd78eb229b65161983b2b,0,etherscan_top_tokens,1.0,"Wrapped Flow
(WFLOW)"
0x9477724bb54ad5417de8baff29e59df3fb4da74f,0,etherscan_top_tokens,1.0,"Anemoy Tokenized Apollo Diversified Credit Fund
(ACRDX)"
0xbafdabadcf19d0cfbbe0ab9c69cf050d86ff888c,0,etherscan_top_tokens,1.0,"Zedxion
(Zedxion)"
0x7c135549504245b5eae64fc0e99fa5ebabb8e35d,0,etherscan_top_tokens,1.0,"Fidelity Digital Dollar
(FIDD)"
0xc273986a91e4bfc543610a5cb5860b7cfefb6cc0,0,etherscan_top_tokens,1.0,"Spiko Amundi Overnight Swap Fund (GBP)
(gbpSAFO)"
0x3078bcf707e457d3af2f938a2a478bbeea50a942,0,etherscan_top_tokens,1.0,"BlackRock Daily Reinvestment Stablecoin Reserve Vehicle
(BRSRV)"
0x9eead9ce15383caeed975427340b3a369410cfbf,0,etherscan_top_tokens,1.0,"aUSD₮
(aUSD₮)"
0x55296f69f40ea6d20e478533c15a6b08b654e758,0,etherscan_top_tokens,1.0,"XY Oracle
(XYO)"
0xe820c06321e60d36257c666643fa5436643445e3,0,etherscan_top_tokens,1.0,"USDKG
(USDKG)"
0x2ec37d45fcae65d9787ecf71dc85a444968f6646,0,etherscan_top_tokens,1.0,"brBTC
(brBTC)"
0x57ab1e0003f623289cd798b1824be09a793e4bec,0,etherscan_top_tokens,1.0,"Resupply USD
(reUSD)"
0x68fa48b1c2fe52b3d776e1953e0e782b5044ce28,0,etherscan_top_tokens,1.0,"SpaceX xStock
(SPCXx)"
0x940a2db1b7008b6c776d4faaca729d6d4a4aa551,0,etherscan_top_tokens,1.0,"Dusk Network
(DUSK)"
0x9c7beba8f6ef6643abd725e45a4e8387ef260649,0,etherscan_top_tokens,1.0,"Gravity
(G)"
0x64351fc9810adad17a690e4e1717df5e7e085160,0,etherscan_top_tokens,1.0,"Metronome Synth ETH
(msETH)"
0xc8495eaff71d3a563b906295fcf2f685b1783085,0,etherscan_top_tokens,1.0,"Midas Hyperithm BTC
(mHyperBTC)"
0x17205fab260a7a6383a81452ce6315a39370db97,0,etherscan_top_tokens,1.0,"RaveDAO
(RAVE)"
0xf57d49646621f563b0b905afc8336923ac569ec5,0,etherscan_top_tokens,1.0,"Nexus
(NEX)"
0xfedc5f4a6c38211c1338aa411018dfaf26612c08,0,etherscan_top_tokens,1.0,"SPDR S&P 500 ETF (Ondo Tokenized)
(SPYon)"
0x8290333cef9e6d528dd5618fb97a76f268f3edd4,0,etherscan_top_tokens,1.0,"Ankr Network
(ANKR)"
0x0b38210ea11411557c13457d4da7dc6ea731b88a,0,etherscan_top_tokens,1.0,"API3
(API3)"
0xc08e7e23c235073c6807c2efe7021304cb7c2815,0,etherscan_top_tokens,1.0,"XUSD
(XUSD)"
0x216b3643ff8b7bb30d8a48e9f1bd550126202add,0,etherscan_top_tokens,1.0,"ACU
(ACU)"
0x69af81e73a73b40adf4f3d4223cd9b1ece623074,0,etherscan_top_tokens,1.0,"Mask Network
(MASK)"
0xab5eb14c09d416f0ac63661e57edb7aecdb9befa,0,etherscan_top_tokens,1.0,"Metronome Synth USD
(msUSD)"
0x2411802d8bea09be0af8fd8d08314a63e706b29c,0,etherscan_top_tokens,1.0,"Fluid Wrapped liquid staked Ether 2.0
(fwstETH)"
0xf0db65d17e30a966c2ae6a21f6bba71cea6e9754,0,etherscan_top_tokens,1.0,"Lombard
(BARD)"
0xc845b2894dbddd03858fd2d643b4ef725fe0849d,0,etherscan_top_tokens,1.0,"NVIDIA xStock
(NVDAx)"
0x7cf9a80db3b29ee8efe3710aadb7b95270572d47,0,etherscan_top_tokens,1.0,"Nillion
(NIL)"
0xaaaaaa20d9e0e2461697782ef11675f668207961,0,etherscan_top_tokens,1.0,"Aurora
(AURORA)"
0xa27ec0006e59f245217ff08cd52a7e8b169e62d2,0,etherscan_top_tokens,1.0,"AZTEC
(AZTEC)"
0xa2085073878152ac3090ea13d1e41bd69e60dc99,0,etherscan_top_tokens,1.0,"EscoinToken
(ELG)"
0xda987c655ebc38c801db64a8608bc1aa56cd9a31,0,etherscan_top_tokens,1.0,"Synternet Token
(SYNT)"
0x6c28f8cab28121ed757edb36201511aa18cdd187,0,etherscan_top_tokens,1.0,"Wrapped FB
(WFB)"
0x050362ab1072cb2ce74d74770e22a3203ad04ee5,0,etherscan_top_tokens,1.0,"Micron Technology (Ondo Tokenized)
(MUon)"
0x839e71613f9aa06e5701cf6de63e303616b0dde3,0,etherscan_top_tokens,1.0,"VVS
(VVS)"
0xaaee1a9723aadb7afa2810263653a34ba2c21c7a,0,etherscan_top_tokens,1.0,"Mog Coin
(Mog)"
0xba11d00c5f74255f56a5e366f4f77f5a186d7f55,0,etherscan_top_tokens,1.0,"BandToken
(BAND)"
0x8f8221afbb33998d8584a2b05749ba73c37a938a,0,etherscan_top_tokens,1.0,"Request
(REQ)"
0xe6bfd33f52d82ccb5b37e16d3dd81f9ffdabb195,0,etherscan_top_tokens,1.0,"Space and Time
(SXT)"
0xe5f130253ff137f9917c0107659a4c5262abf6b0,0,etherscan_top_tokens,1.0,"SavingsVault ZCHF
(svZCHF)"
0x9d65ff81a3c488d585bbfb0bfe3c7707c7917f54,0,etherscan_top_tokens,1.0,"SSV Token
(SSV)"
0x4d0528598f916fd1d8dc80e5f54a8feedcfd4b18,0,etherscan_top_tokens,1.0,"Atoshi
(ATOS)"
0x3073f7aaa4db83f95e9fff17424f71d4751a3073,0,etherscan_top_tokens,1.0,"Movement
(MOVE)"
0x4ba01f22827018b4772cd326c7627fb4956a7c00,0,etherscan_top_tokens,1.0,"msUSD
(msUSD)"
0xa753a7395cae905cd615da0b82a53e0560f250af,0,etherscan_top_tokens,1.0,"Nasdaq xStock
(QQQx)"
0xff7f8f301f7a706e3cfd3d2275f5dc0b9ee8009b,0,etherscan_top_tokens,1.0,"Folks Finance
(FOLKS)"
0x0f2d719407fdbeff09d87557abb7232601fd9f29,0,etherscan_top_tokens,1.0,"Synapse
(SYN)"
0xd33526068d116ce69f19a9ee46f0bd304f21a51f,0,etherscan_top_tokens,1.0,"Rocket Pool
(RPL)"
0x9fdbde76236998dc2836fe67a9954ede456a1d63,0,etherscan_top_tokens,1.0,"Baseline
(B)"
0x7a58c0be72be218b41c608b7fe7c5bb630736c71,0,etherscan_top_tokens,1.0,"ConstitutionDAO
(PEOPLE)"
0x0649cef6d11ed6f88535462e147304d3fe5ae14d,0,etherscan_top_tokens,1.0,"Bitkub Token
(KUB)"
0x00007ac313f4f4c1ad809e8a4ca42bc613aa0000,0,etherscan_top_tokens,1.0,"Unitas
(UP)"
0xf944e35f95e819e752f3ccb5faf40957d311e8c5,0,etherscan_top_tokens,1.0,"Moca
(MOCA)"
0xe92f673ca36c5e2efd2de7628f815f84807e803f,0,etherscan_top_tokens,1.0,"Alphabet xStock
(GOOGLx)"
0xddb3422497e61e13543bea06989c0789117555c5,0,etherscan_top_tokens,1.0,"COTI Token
(COTI)"
0x230f1e241c621d5af670dad83ebcdd18971e2995,0,etherscan_top_tokens,1.0,"Nesa
(NES)"
0x0c7d5ae016f806603cb1782bea29ac69471cab9c,0,etherscan_top_tokens,1.0,"Bifrost
(BFC)"
0x6bef15d938d4e72056ac92ea4bdd0d76b1c4ad29,0,etherscan_top_tokens,1.0,"Succinct
(PROVE)"
0xe6829d9a7ee3040e1276fa75293bde931859e8fa,0,etherscan_top_tokens,1.0,"cmETH
(cmETH)"
0x744d70fdbe2ba4cf95131626614a1763df805b9e,0,etherscan_top_tokens,1.0,"Status Network Token
(SNT)"
0xcf62f905562626cfcdd2261162a51fd02fc9c5b6,0,etherscan_top_tokens,1.0,"Staked Frax USD
(sfrxUSD)"
0x04fa0d235c4abf4bcf4787af4cf447de572ef828,0,etherscan_top_tokens,1.0,"UMA Voting Token v1
(UMA)"
0x890a5122aa1da30fec4286de7904ff808f0bd74a,0,etherscan_top_tokens,1.0,"msY
(msY)"
0x6440f144b7e50d6a8439336510312d2f54beb01d,0,etherscan_top_tokens,1.0,"BOLD Stablecoin
(BOLD)"
0xf469fbd2abcd6b9de8e169d128226c0fc90a012e,0,etherscan_top_tokens,1.0,"pumpBTC
(pumpBTC)"
0x9d1a7a3191102e9f900faa10540837ba84dcbae7,0,etherscan_top_tokens,1.0,"EURITE
(EURI)"
0x056fd409e1d7a124bd7017459dfea2f387b6d5cd,0,etherscan_top_tokens,1.0,"Gemini dollar
(GUSD)"
0xeef9f339514298c6a857efcfc1a762af84438dee,0,etherscan_top_tokens,1.0,"Hermez Network Token
(HEZ)"
0x7296eaa225804451a91616b29d040cab05435f0d,0,etherscan_top_tokens,1.0,"Waves
(WAVES)"
0x6fb3e0a217407efff7ca062d46c26e5d60a14d69,0,etherscan_top_tokens,1.0,"IoTeX Network
(IOTX)"
0xaca92e438df0b2401ff60da7e4337b687a2435da,0,etherscan_top_tokens,1.0,"MetaMask USD
(mUSD)"
0x868fced65edbf0056c4163515dd840e9f287a4c3,0,etherscan_top_tokens,1.0,"Sign
(SIGN)"
0xfdffb411c4a70aa7c95d5c981a6fb4da867e1111,0,etherscan_top_tokens,1.0,"Sahara AI
(SAHARA)"
0xda67b4284609d2d48e5d10cfac411572727dc1ed,0,etherscan_top_tokens,1.0,"Noon USN
(USN)"
0xdd3b11ef34cd511a2da159034a05fcb94d806686,0,etherscan_top_tokens,1.0,"Rekt
(REKT)"
0x000c0dee51a14997adc2c7491e4aef428d56d672,0,etherscan_top_tokens,1.0,"Opcode
(OPCODE)"
0xb131f4a55907b10d1f0a50d8ab8fa09ec342cd74,0,etherscan_top_tokens,1.0,"Memecoin
(MEME)"
0xc059a531b4234d05e9ef4ac51028f7e6156e2cce,0,etherscan_top_tokens,1.0,"Staked Memecoin
(sMEME)"
0x018dd3a0dd7f213cc822076b3800816d3ce1ed86,0,etherscan_top_tokens,1.0,"HotKeySwap
(HOTKEY)"
0x2d1f7226bd1f780af6b9a49dcc0ae00e8df4bdee,0,etherscan_top_tokens,1.0,"NVIDIA (Ondo Tokenized)
(NVDAon)"
0x52a8845df664d76c69d2eea607cd793565af42b8,0,etherscan_top_tokens,1.0,"ApeX Token
(APEX)"
0xff56cc6b1e6ded347aa0b7676c85ab0b3d08b0fa,0,etherscan_top_tokens,1.0,"Orbs
(ORBS)"
0xd9fcd98c322942075a5c3860693e9f4f03aae07b,0,etherscan_top_tokens,1.0,"Euler
(EUL)"
0xf3e621395fc714b90da337aa9108771597b4e696,0,etherscan_top_tokens,1.0,"Reward EUL
(rEUL)"
0xc22956c3cfec3ee9a9925abee044f05bc47f6632,0,etherscan_top_tokens,1.0,"Celo Dollar (Wormhole)
(cUSD)"
0xad3e3fc59dff318beceaab7d00eb4f68b1ecf195,0,etherscan_top_tokens,1.0,"Wrapped Celo USD
(wCUSD)"
0xfee293840d23b0b2de8c55e1cf7a9f01c157767c,0,etherscan_top_tokens,1.0,"DEGEN
(DEGEN)"
0xbeef00a59b577423653a1526c7009bde103f542b,0,etherscan_top_tokens,1.0,"Steakhouse Confidential Prime USDC
(steakcUSDC)"
0x595832f8fc6bf59c85c527fec3740a1b7a361269,0,etherscan_top_tokens,1.0,"PowerLedger
(POWR)"
0x812ba41e071c7b7fa4ebcfb62df5f45f6fa853ee,0,etherscan_top_tokens,1.0,"Neiro
(Neiro)"
0x967da4048cd07ab37855c090aaf366e4ce1b9f48,0,etherscan_top_tokens,1.0,"Ocean Token
(OCEAN)"
0x0e397938c1aa0680954093495b70a9f5e2249aba,0,etherscan_top_tokens,1.0,"Invesco QQQ (Ondo Tokenized)
(QQQon)"
0x3b50805453023a91a8bf641e279401a0b23fa6f9,0,etherscan_top_tokens,1.0,"Renzo
(REZ)"
0x226bb599a12c826476e3a771454697ea52e9e220,0,etherscan_top_tokens,1.0,"Propy
(PRO)"
0x4274cd7277c7bb0806bd5fe84b9adae466a8da0a,0,etherscan_top_tokens,1.0,"YUSD
(YUSD)"
0x396382f6048ceb0407e5b8f0b6fefeebd244c6f7,0,etherscan_top_tokens,1.0,"PalladiumV3
(PLLDv3)"
0x720cd16b011b987da3518fbf38c3071d4f0d1495,0,etherscan_top_tokens,1.0,"Flux
(FLUX)"
0x4fabb145d64652a948d72533023f6e7a623c7c53,0,etherscan_top_tokens,1.0,"BUSD
(BUSD)"
0x99e980265bf36516c442be982df1772a6ccb3233,0,etherscan_top_tokens,1.0,"REAL
(ASSET)"
0x45e02bc2875a2914c4f585bbf92a6f28bc07cb70,0,etherscan_top_tokens,1.0,"$MBG Token
($MBG)"
0x77777feddddffc19ff86db637967013e6c6a116c,0,etherscan_top_tokens,1.0,"TORN Token
(TORN)"
0x89d24a6b4ccb1b6faa2625fe562bdd9a23260359,0,etherscan_top_tokens,1.0,"Sai Stablecoin v1.0
(SAI)"
0x491604c0fdf08347dd1fa4ee062a822a5dd06b5d,0,etherscan_top_tokens,1.0,"Cartesi Token
(CTSI)"
0xe24a3dc889621612422a64e6388927901608b91d,0,etherscan_top_tokens,1.0,"Staked USN
(sUSN)"
0x0581ccdf2d9bca21baeff8b32b2551fd49cf70aa,0,etherscan_top_tokens,1.0,"APRO oracle Token
(AT)"
0xe7c6bf469e97eeb0bfb74c8dbff5bd47d4c1c98a,0,etherscan_top_tokens,1.0,"HashKey Platform Token
(HSK)"
0xb6ee9668771a79be7967ee29a63d4184f8097143,0,etherscan_top_tokens,1.0,"CargoX
(CXO)"
0x66661c7229901f568f16bd1551b3ba826f83ce49,0,etherscan_top_tokens,1.0,"Teller
(DEBIT)"
0x8207c1ffc5b6804f6024322ccf34f29c3541ae26,0,etherscan_top_tokens,1.0,"OriginToken
(OGN)"
0xe9a95d175a5f4c9369f3b74222402eb1b837693b,0,etherscan_top_tokens,1.0,"ChangeNOW
(NOW)"
0x767fe9edc9e0df98e07454847909b5e959d7ca0e,0,etherscan_top_tokens,1.0,"Illuvium
(ILV)"
0xd5cd84d6f044abe314ee7e414d37cae8773ef9d3,0,etherscan_top_tokens,1.0,"Harmony ONE
(1ONE)"
0x799a4202c12ca952cb311598a024c80ed371a41e,0,etherscan_top_tokens,1.0,"HarmonyOne
(ONE)"
0x77e06c9eccf2e797fd462a92b6d7642ef85b0a44,0,etherscan_top_tokens,1.0,"Wrapped TAO
(wTAO)"
0x1f573d6fb3f13d689ff844b4ce37794d79a7ff1c,0,etherscan_top_tokens,1.0,"Bancor
(BNT)"
0x7ff7fa94b8b66ef313f7970d4eebd2cb3103a2c0,0,etherscan_top_tokens,1.0,"Vana
(VANA)"
0x00c83aecc790e8a4453e5dd3b0b4b3680501a7a7,0,etherscan_top_tokens,1.0,"SKALE
(SKL)"
0x9b5528528656dbc094765e2abb79f293c21191b9,0,etherscan_top_tokens,1.0,"Midas Hyperithm
(mHYPER)"
0x3868d4e336d14d38031cf680329d31e4712e11cc,0,etherscan_top_tokens,1.0,"Spiko Digital Assets Cash and Carry Fund (EUR hedged)
(eurSPKCC)"
0x44108f0223a3c3028f5fe7aec7f9bb2e66bef82f,0,etherscan_top_tokens,1.0,"Across Protocol Token
(ACX)"
0x26fb86579e371c7aedc461b2ddef0a8628c93d3b,0,etherscan_top_tokens,1.0,"BORA
(BORA)"
0x94efe52d17983e6545180fa46d14f344372e180f,0,etherscan_top_tokens,1.0,"eBORA
(eBORA)"
0xe4ca6596d2c28014c6f89964f57838e0be9f369b,0,etherscan_top_tokens,1.0,"USD Universal
(USDU)"
0x4161725d019690a3e0de50f6be67b07a86a9fae1,0,etherscan_top_tokens,1.0,"TokenPocket Token
(TPT)"
0xfa1a856cfa3409cfa145fa4e20eb270df3eb21ab,0,etherscan_top_tokens,1.0,"IOSToken
(IOST)"
0x761d38e5ddf6ccf6cf7c55759d5210750b5d60f3,0,etherscan_top_tokens,1.0,"Dogelon
(ELON)"
0xb98d4c97425d9908e66e53a6fdf673acca0be986,0,etherscan_top_tokens,1.0,"ArcBlock
(ABT)"
0xca468554e5c0423ee858fe3942c9568c51fcaa79,0,etherscan_top_tokens,1.0,"Hims & Hers Health (Ondo Tokenized)
(HIMSon)"
0x6b6b78672795d079a3697a987e1da5cb3d8eae38,0,etherscan_top_tokens,1.0,"Hive Token
(HIVE)"
0x6c060ba738af39a09f3b45ac6487dfc9ebb885f6,0,etherscan_top_tokens,1.0,"rsERG
(rsERG)"
0xdd468a1ddc392dcdbef6db6e34e89aa338f9f186,0,etherscan_top_tokens,1.0,"Mezo USD
(MUSD)"
0xcabd955322dfbf94c084929ac5e9eca3feb5556f,0,etherscan_top_tokens,1.0,"MicroStrategy (Ondo Tokenized)
(MSTRon)"
0xf951e335afb289353dc249e82926178eac7ded78,0,etherscan_top_tokens,1.0,"swETH
(swETH)"
0xa849eaae994fb86afa73382e9bd88c2b6b18dc71,0,etherscan_top_tokens,1.0,"Mass Vehicle Ledger Token
(MVL)"
0x66761fa41377003622aee3c7675fc7b5c1c2fac5,0,etherscan_top_tokens,1.0,"Clearpool
(CPOOL)"
0x0bb217e40f8a5cb79adf04e1aab60e5abd0dfc1e,0,etherscan_top_tokens,1.0,"SwftCoin
(SWFTC)"
0xf433089366899d83a9f26a773d59ec7ecf30355e,0,etherscan_top_tokens,1.0,"Metal
(MTL)"
0xc08cd26474722ce93f4d0c34d16201461c10aa8c,0,etherscan_top_tokens,1.0,"CARV
(CARV)"
0x1a3496c18d558bd9c6c8f609e1b129f67ab08163,0,etherscan_top_tokens,1.0,"DEAPCOIN
(DEP)"
0x0fd10b9899882a6f2fcb5c371e17e70fdee00c38,0,etherscan_top_tokens,1.0,"Pundi X Token
(PUNDIX)"
0x1e2c4fb7ede391d116e6b41cd0608260e8801d59,0,etherscan_top_tokens,1.0,"Backed CSPX Core S&P 500
(bCSPX)"
0x4ef53d2caa51c447fdfeeedee8f07fd1962c9ee6,0,etherscan_top_tokens,1.0,"kpk USDC
(kpk_USDC_v2)"
0x1c48f86ae57291f7686349f12601910bd8d470bb,0,etherscan_top_tokens,1.0,"USDK
(USDK)"
0x35e78b3982e87ecfd5b3f3265b601c046cdbe232,0,etherscan_top_tokens,1.0,"SideShift Token
(XAI)"
0xfae103dc9cf190ed75350761e95403b7b8afa6c0,0,etherscan_top_tokens,1.0,"rswETH
(rswETH)"
0x6e2a43be0b1d33b726f0ca3b8de60b3482b8b050,0,etherscan_top_tokens,1.0,"Arkham
(ARKM)"
0x24a3d725c37a8d1a66eb87f0e5d07fe67c120035,0,etherscan_top_tokens,1.0,"Eden Token
(EDEN)"
0x12b004719fb632f1e7c010c6f5d6009fb4258442,0,etherscan_top_tokens,1.0,"Locked iUSD - 1 weeks
(liUSD-1w)"
0x87acfa3fd7a6e0d48677d070644d76905c2bdc00,0,etherscan_top_tokens,1.0,"Spacecoin
(SPACE)"
0x3432b6a60d23ca0dfca7761b7ab56459d9c964d0,0,etherscan_top_tokens,1.0,"Frax Share
(FXS)"
0x122940c4c5f9ccfae7fa86455a42d3ec140855ce,0,etherscan_top_tokens,1.0,"iShares Bitcoin Trust (Ondo Tokenized)
(IBITon)"
0xdefa4e8a7bcba345f687a2f1456f5edd9ce97202,0,etherscan_top_tokens,1.0,"Kyber Network Crystal v2
(KNC)"
0x4cda244c7e93045c88f86e6ec571c223bec2fc70,0,etherscan_top_tokens,1.0,"Vatreni Token
(VATRENI)"
0x8806926ab68eb5a7b909dcaf6fdbe5d93271d6e2,0,etherscan_top_tokens,1.0,"Uquid Coin
(UQC)"
0xa9b1eb5908cfc3cdf91f9b8b3a74108598009096,0,etherscan_top_tokens,1.0,"Bounce Token
(Auction)"
0x9e32b13ce7f2e80a01932b42553652e053d6ed8e,0,etherscan_top_tokens,1.0,"Metis Token
(Metis)"
0xa0d69e286b938e21cbf7e51d71f6a4c8918f482f,0,etherscan_top_tokens,1.0,"Electronic Dollar
(eUSD)"
0xb33d999469a7e6b9ebc25a3a05248287b855ed46,0,etherscan_top_tokens,1.0,"Flockerz
(FLOCK)"
0x5ab3d4c385b400f3abb49e80de2faf6a88a7b691,0,etherscan_top_tokens,1.0,"FLock.io
(FLOCK)"
0xc477b6dfd26ec2460b3b92de18837fd476ea7549,0,etherscan_top_tokens,1.0,"JANCTION
(JCT)"
0x826180541412d574cf1336d22c0c0a287822678a,0,etherscan_top_tokens,1.0,"Chainflip
(FLIP)"
0x39bb259f66e1c59d5abef88375979b4d20d98022,0,etherscan_top_tokens,1.0,"WAX Token
(WAX)"
0x27f6c8289550fce67f6b50bed1f519966afe5287,0,etherscan_top_tokens,1.0,"tGBP
(tGBP)"
0x5f98805a4e8be255a32880fdec7f6728c6568ba0,0,etherscan_top_tokens,1.0,"LUSD Stablecoin
(LUSD)"
0xe7e7e741c23a4767831a56a8c99f522c5ac1e7e7,0,etherscan_top_tokens,1.0,"Everything
(EV)"
0xfab99fcf605fd8f4593edb70a43ba56542777777,0,etherscan_top_tokens,1.0,"ZEROBASE
(ZBT)"
0xad29f2723fcdbcf665f210f25e06f97477e417cf,0,etherscan_top_tokens,1.0,"GRVT
(GRVT)"
0xb0c7a3ba49c7a6eaba6cd4a96c55a1391070ac9a,0,etherscan_top_tokens,1.0,"MAGIC
(MAGIC)"
0x54a4fc78431f9201824643e99bec891bb7462a1d,0,etherscan_top_tokens,1.0,"Fidelity USD Digital Liquidity Fund-Acc
(FILQ-A)"
0x2e3cfe45e3ee7c017277f22e35d2f29edc99d570,0,etherscan_top_tokens,1.0,"Wrapped DAG
(wDAG)"
0xf3e4872e6a4cf365888d93b6146a2baa7348f1a4,0,etherscan_top_tokens,1.0,"iShares Silver Trust (Ondo Tokenized)
(SLVon)"
0x18aaa7115705e8be94bffebde57af9bfc265b998,0,etherscan_top_tokens,1.0,"Audius
(AUDIO)"
0xf1376bcef0f78459c0ed0ba5ddce976f1ddf51f4,0,etherscan_top_tokens,1.0,"Universal ETH
(uniETH)"
0xbeef0046fcab1de47e41fb75bb3dc4dfc94108e3,0,etherscan_top_tokens,1.0,"Steakhouse Prime Instant
(steakETH)"
0x4ed257678fc4e76df9642a416b223729fdedbefd,0,etherscan_top_tokens,1.0,"StrikeX
(STRX)"
0xe3c408bd53c31c085a1746af401a4042954ff740,0,etherscan_top_tokens,1.0,"GreenMetaverseToken
(GMT)"
0x0d438f3b5175bebc262bf23753c1e53d03432bde,0,etherscan_top_tokens,1.0,"Wrapped NXM
(wNXM)"
0x39fbbabf11738317a448031930706cd3e612e1b9,0,etherscan_top_tokens,1.0,"Wrapped XRP
(WXRP)"
0x8e870d67f660d95d5be530380d0ec0bd388289e1,0,etherscan_top_tokens,1.0,"Pax Dollar
(USDP)"
0xeb964a1a6fab73b8c72a0d15c7337fa4804f484d,0,etherscan_top_tokens,1.0,"Hemi
(HEMI)"
0x7d5121505149065b562c789a0145ed750e6e8cdd,0,etherscan_top_tokens,1.0,"Victoria VR
(VR)"
0xf6718b2701d4a6498ef77d7c152b2137ab28b8a3,0,etherscan_top_tokens,1.0,"Lorenzo stBTC
(stBTC)"
0xbe1936a67f503e0eaf2434b0cf9f4e3d7100008a,0,etherscan_top_tokens,1.0,"Prospective
(PROS)"
0xb528edbef013aff855ac3c50b381f253af13b997,0,etherscan_top_tokens,1.0,"Aevo
(AEVO)"
0x48ab4e39ac59f4e88974804b04a991b3a402717f,0,etherscan_top_tokens,1.0,"Fidelity Digital Interest Token
(FDIT)"
0x41e5560054824ea6b0732e656e3ad64e20e94e45,0,etherscan_top_tokens,1.0,"Civic
(CVC)"
0xbeef050ecd6a16c4e7bffbb52ebba7846c4b8cd4,0,etherscan_top_tokens,1.0,"Steakhouse ETH
(steakETH)"
0x85eee30c52b0b379b046fb0f85f4f3dc3009afec,0,etherscan_top_tokens,1.0,"KEEP Token
(KEEP)"
0xbf59dbc154421a7b37f4f2841e11f4ed2a1dee7c,0,etherscan_top_tokens,1.0,"Edel
(EDEL)"
0x738865301a9b7dd80dc3666dd48cf034ec42bdda,0,etherscan_top_tokens,1.0,"Agoras Token
(AGRS)"
0x5f0e628b693018f639d10e4a4f59bd4d8b2b6b44,0,etherscan_top_tokens,1.0,"Whiteheart Token
(WHITE)"
0xc4441c2be5d8fa8126822b9929ca0b81ea0de38e,0,etherscan_top_tokens,1.0,"USUAL
(USUAL)"
0x0000000000095413afc295d19edeb1ad7b71c952,0,etherscan_top_tokens,1.0,"LON Token
(LON)"
0x93a2db22b7c736b341c32ff666307f4a9ed910f5,0,etherscan_top_tokens,1.0,"Hyperlane
(HYPER)"
0x64bc2ca1be492be7185faa2c8835d9b824c8a194,0,etherscan_top_tokens,1.0,"Big Time
(BIGTIME)"
0x4f9254c83eb525f9fcf346490bbb3ed28a81c667,0,etherscan_top_tokens,1.0,"CelerToken
(CELR)"
0xda7ad9dea9397cffddae2f8a052b82f1484252b3,0,etherscan_top_tokens,1.0,"River
(RIVER)"
0x25f8087ead173b73d6e8b84329989a8eea16cf73,0,etherscan_top_tokens,1.0,"Yield Guild Games Token
(YGG)"
0x4691937a7508860f876c9c0a2a617e7d9e945d4b,0,etherscan_top_tokens,1.0,"WOO
(WOO)"
0xe5e0b73380181273abcfd88695f52c4d0c825661,0,etherscan_top_tokens,1.0,"Impossible Cloud Network Token
(ICNT)"
0xb1110919016846972056ab995054d65560d5f05e,0,etherscan_top_tokens,1.0,"Billions Network Token
(BILL)"
0x2be5e8c109e2197d077d13a82daead6a9b3433c5,0,etherscan_top_tokens,1.0,"Tokamak Network Token
(TON)"
0x43fcd85e8d9d003d515f886891b7c742ac9f92da,0,etherscan_top_tokens,1.0,"WETH PRIME
(gtwethp)"
0x579cea1889991f68acc35ff5c3dd0621ff29b0c9,0,etherscan_top_tokens,1.0,"Everipedia IQ
(IQ)"
0xcc8fa225d80b9c7d42f96e9570156c65d6caaa25,0,etherscan_top_tokens,1.0,"Smooth Love Potion
(SLP)"
0xf8750b54d86be7ae9e32b4a0c826811198d63313,0,etherscan_top_tokens,1.0,"Hex Trust USD
(USDX)"
0x7a486f809c952a6f8dec8cb0ff68173f2b8ed56c,0,etherscan_top_tokens,1.0,"Hex Trust USD
(USDX)"
0x4dc3643dbc642b72c158e7f3d2ff232df61cb6ce,0,etherscan_top_tokens,1.0,"Amber
(AMB)"
0xccf4429db6322d5c611ee964527d42e5d685dd6a,0,etherscan_top_tokens,1.0,"Compound Wrapped BTC
(cWBTC)"
0xdcee70654261af21c44c093c300ed3bb97b78192,0,etherscan_top_tokens,1.0,"Wrapped OETH
(WOETH)"
0x824a50df33ac1b41afc52f4194e2e8356c17c3ac,0,etherscan_top_tokens,1.0,"KickToken
(KICK)"
0x6dea81c8171d0ba574754ef6f8b412f2ed88c54d,0,etherscan_top_tokens,1.0,"LQTY
(LQTY)"
0x431d5dff03120afa4bdf332c61a6e1766ef37bdb,0,etherscan_top_tokens,1.0,"JPY Coin
(JPYC)"
0xdd0f28e19c1780eb6396170735d45153d261490d,0,etherscan_top_tokens,1.0,"Gauntlet USDC Prime
(gtUSDC)"
0xe5caef4af8780e59df925470b050fb23c43ca68c,0,etherscan_top_tokens,1.0,"Ferrum Network Token
(FRM)"
0x84ca8bc7997272c7cfb4d0cd3d55cd942b3c9419,0,etherscan_top_tokens,1.0,"DIAToken
(DIA)"
0x8a2279d4a90b6fe1c4b30fa660cc9f926797baa2,0,etherscan_top_tokens,1.0,"Chroma
(CHR)"
0xaaa9214f675316182eaa21c85f0ca99160cc3aaa,0,etherscan_top_tokens,1.0,"QANX Token
(QANX)"
0x917cee801a67f933f2e6b33fc0cd1ed2d5909d88,0,etherscan_top_tokens,1.0,"Super Symbiotic LRT
(weETHs)"
0x657e8c867d8b37dcc18fa4caead9c45eb088c642,0,etherscan_top_tokens,1.0,"ether.fi BTC
(eBTC)"
0x169e36f327caa83d004f5c2668ac25a1424c940d,0,etherscan_top_tokens,1.0,"Solv
(SOLV)"
0x73d7c860998ca3c01ce8c808f5577d94d545d1b4,0,etherscan_top_tokens,1.0,"Ixs Token
(IXS)"
0xe172e9b6cfbeeb5593bdce3f077356fdb33af904,0,etherscan_top_tokens,1.0,"Interfold
(FOLD)"
0x95697cb93cdd65a29ca2613beeafa18e39fa5b76,0,etherscan_top_tokens,1.0,"SCANDIC COIN
(SNC)"
0xddc0f880ff6e4e22e4b74632fbb43ce4df6ccc5a,0,etherscan_top_tokens,1.0,"Re Protocol reUSDe
(reUSDe)"
0x0d37af9d8ae74f35f3a38bd2a08fcb29890ca6d2,0,etherscan_top_tokens,1.0,"AIXBT
(AIXBT)"
0x2370f9d504c7a6e775bf6e14b3f12846b594cd53,0,etherscan_top_tokens,1.0,"JPY Coin
(JPYC)"
0x01791f726b4103694969820be083196cc7c045ff,0,etherscan_top_tokens,1.0,"Yield Basis
(YB)"
0xba47214edd2bb43099611b208f75e4b42fdcfedc,0,etherscan_top_tokens,1.0,"Alphabet Class A (Ondo Tokenized)
(GOOGLon)"
0x0100546f2cd4c9d97f798ffc9755e47865ff7ee6,0,etherscan_top_tokens,1.0,"Alchemix ETH
(alETH)"
0xfeac2eae96899709a43e252b6b92971d32f9c0f9,0,etherscan_top_tokens,1.0,"ANyONe Protocol
(ANYONE)"
0xdbb5cf12408a3ac17d668037ce289f9ea75439d7,0,etherscan_top_tokens,1.0,"WorldMobileToken
(WMTX)"
0x6af487beb661ccecd1d045e9561a0dac9aa5c7db,0,etherscan_top_tokens,1.0,"DUAL
(DUAL)"
0xf17e65822b568b3903685a7c9f496cf7656cc6c2,0,etherscan_top_tokens,1.0,"Biconomy Token
(BICO)"
0x14778860e937f509e651192a90589de711fb88a9,0,etherscan_top_tokens,1.0,"CyberConnect
(CYBER)"
0xb683d83a532e2cb7dfa5275eed3698436371cc9f,0,etherscan_top_tokens,1.0,"BTU Protocol
(BTU)"
0x94a8b4ee5cd64c79d0ee816f467ea73009f51aa0,0,etherscan_top_tokens,1.0,"Realio Network
(RIO)"
0xe95a203b1a91a908f9b9ce46459d101078c2c3cb,0,etherscan_top_tokens,1.0,"Ankr Staked ETH
(ankrETH)"
0x986ee2b944c42d017f52af21c4c69b84dbea35d8,0,etherscan_top_tokens,1.0,"BitMartToken
(BMC)"
0xa8258abc8f2811dd48eccd209db68f25e3e34667,0,etherscan_top_tokens,1.0,"Constellation
(DAG)"
0x9aab071b4129b083b01cb5a0cb513ce7eca26fa5,0,etherscan_top_tokens,1.0,"HUNT Token
(HUNT)"
0x699f088b5dddcafb7c4824db5b10b57b37cb0c66,0,etherscan_top_tokens,1.0,"Enso
(ENSO)"
0x764a726d9ced0433a8d7643335919deb03a9a935,0,etherscan_top_tokens,1.0,"Pocket Network
(POKT)"
0xaf5191b0de278c7286d6c7cc6ab6bb8a73ba2cd6,0,etherscan_top_tokens,1.0,"StargateToken
(STG)"
0x53c8395465a84955c95159814461466053dedede,0,etherscan_top_tokens,1.0,"DeGate Token
(DG)"
0xd9343a049d5dbd89cd19dc6bca8c48fb3a0a42a7,0,etherscan_top_tokens,1.0,"Lumia Token
(LUMIA)"
0xea26c4ac16d4a5a106820bc8aee85fd0b7b2b664,0,etherscan_top_tokens,1.0,"QuarkChain Token
(QKC)"
0x2744ea5ac9b11cb5e3cd63d3a88e858336aeddc2,0,etherscan_top_tokens,1.0,"rsFIRO
(rsFIRO)"
0x5e362eb2c0706bd1d134689ec75176018385430b,0,etherscan_top_tokens,1.0,"Decentralized Validator Token
(DVstETH)"
0xef4461891dfb3ac8572ccf7c794664a8dd927945,0,etherscan_top_tokens,1.0,"WalletConnect
(WCT)"
0x88fdb07a5bc6e2536587acc0a9d5d180da48752f,0,etherscan_top_tokens,1.0,"BP xStock
(BPx)"
0x5dc60c4d5e75d22588fa17ffeb90a63e535efce0,0,etherscan_top_tokens,1.0,"dKargo
(DKA)"
0x10dea67478c5f8c5e2d90e5e9b26dbe60c54d800,0,etherscan_top_tokens,1.0,"Taiko Token
(TAIKO)"
0x4647e1fe715c9e23959022c2416c71867f5a6e80,0,etherscan_top_tokens,1.0,"Wrapped OCT
(wOCT)"
0x9e46a38f5daabe8683e10793b06749eef7d733d1,0,etherscan_top_tokens,1.0,"Nectar
(NCT)"
0x992651bfeb9a0dcc4457610e284ba66d86489d4d,0,etherscan_top_tokens,1.0,"iShares 20+ Year Treasury Bond ETF (Ondo Tokenized)
(TLTon)"
0xde30da39c46104798bb5aa3fe8b9e0e1f348163f,0,etherscan_top_tokens,1.0,"Gitcoin
(GTC)"
0x6b7774cb12ed7573a7586e7d0e62a2a563ddd3f0,0,etherscan_top_tokens,1.0,"Sophon
(SOPH)"
0x1b379a79c91a540b2bcd612b4d713f31de1b80cc,0,etherscan_top_tokens,1.0,"Naoris Protocol
(NAORIS)"
0xcfcecfe2bd2fed07a9145222e8a7ad9cf1ccd22a,0,etherscan_top_tokens,1.0,"Adshares
(ADS)"
0x31c8eacbffdd875c74b94b077895bd78cf1e64a3,0,etherscan_top_tokens,1.0,"Radicle
(RAD)"
0x43dfc4159d86f3a37a5a4b3d4580b888ad7d4ddd,0,etherscan_top_tokens,1.0,"DODO bird
(DODO)"
0xfda09936dbd717368de0835ba441d9e62069d36f,0,etherscan_top_tokens,1.0,"Intel (Ondo Tokenized)
(INTCon)"
0x3b790d651e950497c7723d47b24e6f61534f7969,0,etherscan_top_tokens,1.0,"Staked POL
(sPOL)"
0x3d7d6fdf07ee548b939a80edbc9b2256d0cdc003,0,etherscan_top_tokens,1.0,"Strata Senior USDe
(srUSDe)"
0xb63efbc28860c8097e341de1fcf59456161e9d98,0,etherscan_top_tokens,1.0,"Sandisk Corporation xStock
(SNDKx)"
0xa21af1050f7b26e0cff45ee51548254c41ed6b5c,0,etherscan_top_tokens,1.0,"Osaka Protocol
(OSAK)"
0x78a0a62fba6fb21a83fe8a3433d44c73a4017a6f,0,etherscan_top_tokens,1.0,"Open Exchange Token
(OX)"
0x4dc26fc5854e7648a064a4abd590bbe71724c277,0,etherscan_top_tokens,1.0,"Animecoin
(ANIME)"
0xba50933c268f567bdc86e1ac131be072c6b0b71a,0,etherscan_top_tokens,1.0,"ARPA Token
(ARPA)"
0xac51066d7bec65dc4589368da368b212745d63e8,0,etherscan_top_tokens,1.0,"ALICE
(ALICE)"
0x888883b5f5d21fb10dfeb70e8f9722b9fb0e5e51,0,etherscan_top_tokens,1.0,"EURØP
(EUROP)"
0xf6b1117ec07684d3958cad8beb1b302bfd21103f,0,etherscan_top_tokens,1.0,"Tesla (Ondo Tokenized)
(TSLAon)"
0x80122c6a83c8202ea365233363d3f4837d13e888,0,etherscan_top_tokens,1.0,"Messier
(M87)"
0x18f52b3fb465118731d9e0d276d4eb3599d57596,0,etherscan_top_tokens,1.0,"AI Dollar
(AID)"
0xac8d365ecc9074a679f75b3e6b2bbf303e466728,0,etherscan_top_tokens,1.0,"Wrapped QIE
(WQIE)"
0xec2af1c8b110a61fd9c3fa6a554a031ca9943926,0,etherscan_top_tokens,1.0,"MegaUSD
(USDm)"
0xfeff7a377a86462f5a2a872009722c154707f09e,0,etherscan_top_tokens,1.0,"iShares Core MSCI EAFE ETF (Ondo Tokenized)
(IEFAon)"
0xab93df617f51e1e415b5b4f8111f122d6b48e55c,0,etherscan_top_tokens,1.0,"Delta Exchange Token
(DETO)"
0xa4842662637e7c8a0210247d89244b0e45d3f777,0,etherscan_top_tokens,1.0,"x-DOL-x
(XDOL)"
0x33f6be84becff45ea6aa2952d7ef890b44bfb59d,0,etherscan_top_tokens,1.0,"Orochi Network Token
(ON)"
0xf404e5f887dbd5508e16a1198fcdd5de1a4296b8,0,etherscan_top_tokens,1.0,"Marvell Technology (Ondo Tokenized)
(MRVLon)"
0x1d926bbe67425c9f507b9a0e8030eedc7880bf33,0,etherscan_top_tokens,1.0,"Superform
(UP)"
0x8de39b057cc6522230ab19c0205080a8663331ef,0,etherscan_top_tokens,1.0,"wojak
(wojak)"
0xa6c0c097741d55ecd9a3a7def3a8253fd022ceb9,0,etherscan_top_tokens,1.0,"AVA
(AVA)"
0x5fab9761d60419c9eeebe3915a8fa1ed7e8d2e1b,0,etherscan_top_tokens,1.0,"Dimo
(DIMO)"
0x0655977feb2f289a4ab78af67bab0d17aab84367,0,etherscan_top_tokens,1.0,"Savings crvUSD
(scrvUSD)"
0x090185f2135308bad17527004364ebcc2d37e5f6,0,etherscan_top_tokens,1.0,"Spell Token
(SPELL)"
0xb6c3dc857845a713d3531cea5ac546f6767992f4,0,etherscan_top_tokens,1.0,"Advertise Coin
(ADCO)"
0x94314a14df63779c99c0764a30e0cd22fa78fc0e,0,etherscan_top_tokens,1.0,"Epic Chain
(EPIC)"
0xae12c5930881c53715b369cec7606b70d8eb229f,0,etherscan_top_tokens,1.0,"Coin98
(C98)"
0x4f2b33840227ddd0e28da8d4185d6fa07adfed87,0,etherscan_top_tokens,1.0,"Based Token
(BASED)"
0x584bc13c7d411c00c01a62e8019472de68768430,0,etherscan_top_tokens,1.0,"Hegic
(HEGIC)"
0xa0df17b5ac76ababa36e1450e2cbcd18a620c845,0,etherscan_top_tokens,1.0,"Fake World Assets
(FWA)"
0xa9e8acf069c58aec8825542845fd754e41a9489a,0,etherscan_top_tokens,1.0,"pepeCoin
(pepecoin)"
0xc9746f73cc33a36c2cd55b8aefd732586946cedd,0,etherscan_top_tokens,1.0,"BOB
(BOB)"
0x38e68a37e401f7271568cecaac63c6b1e19130b4,0,etherscan_top_tokens,1.0,"Banana
(BANANA)"
0x8238884ec9668ef77b90c6dff4d1a9f4f4823bfe,0,etherscan_top_tokens,1.0,"OpenEden Open Dollar
(USDO)"
0x70bef3bb2f001da2fddb207dae696cd9faff3f5d,0,etherscan_top_tokens,1.0,"Ninja Squad Token
(NST)"
0xc79eb575ce6027f3671400b6b2df8c13f81a36b4,0,etherscan_top_tokens,1.0,"Chemed xStock
(CHEx)"
0x9ce84f6a69986a83d92c324df10bc8e64771030f,0,etherscan_top_tokens,1.0,"Chintai Exchange Token
(CHEX)"
0xe3a46b2bc1d83c731d58cab765d3b45bce789095,0,etherscan_top_tokens,1.0,"DAYSTARTER
(DST)"
0xf695df6c0f3bb45918a7a82e83348fc59517734e,0,etherscan_top_tokens,1.0,"Spiko Digital Assets Cash & Carry Fund
(UKTBL)"
0x030ba81f1c18d280636f32af80b9aad02cf0854e,0,etherscan_top_tokens,1.0,"Aave interest bearing WETH
(aWETH)"
0xabd4c63d2616a5201454168269031355f4764337,0,etherscan_top_tokens,1.0,"Orderly Network
(ORDER)"
0xba61dabc6eca684273e0a21a4fe34a86e8efffab,0,etherscan_top_tokens,1.0,"ICON
(ICX)"
0x4e72025984424e52838cf8953e2863eff036b67a,0,etherscan_top_tokens,1.0,"Midas Wellington Income Opportunities
(mWIN)"
0x8f051ca72a3440d83b18e71c3e59676203ab8f91,0,etherscan_top_tokens,1.0,"Katana
(KAT)"
0xc7283b66eb1eb5fb86327f08e1b5816b0720212b,0,etherscan_top_tokens,1.0,"Tribe
(TRIBE)"
0xf9902edfca4f49dcaebc335c73aebd82c79c2886,0,etherscan_top_tokens,1.0,"ADO Protocol
(ADO)"
0xde2f7766c8bf14ca67193128535e5c7454f8387c,0,etherscan_top_tokens,1.0,"Metadium
(META)"
0xb23d80f5fefcddaa212212f028021b41ded428cf,0,etherscan_top_tokens,1.0,"Prime
(PRIME)"
0x2781246fe707bb15cee3e5ea354e2154a2877b16,0,etherscan_top_tokens,1.0,"ELYSIA
(EL)"
0x1bbe973bef3a977fc51cbed703e8ffdefe001fed,0,etherscan_top_tokens,1.0,"PORTAL
(PORTAL)"
0xdddddd4301a082e62e84e43f474f044423921918,0,etherscan_top_tokens,1.0,"DeversiFi Token
(DVF)"
0x6df0e641fc9847c0c6fde39be6253045440c14d3,0,etherscan_top_tokens,1.0,"Dinero Governance Token
(DINERO)"
0x997408c01aaa6396af806115dafdebe4fad879fd,0,etherscan_top_tokens,1.0,"MovieBloc
(MBL)"
0xb879da8b24c9b8685de8526cf492e954f165d74b,0,etherscan_top_tokens,1.0,"MovieBloc
(MBL)"
0x3f80b1c54ae920be41a77f8b902259d48cf24ccf,0,etherscan_top_tokens,1.0,"KERNEL
(KERNEL)"
0x0c5d9fae8670cfa0aa5f57b42ccd630c46bbe498,0,etherscan_top_tokens,1.0,"Peoples Reserve
(PRN)"
0xff7cf16aa2ffc463b996db2f7b7cf0130336899d,0,etherscan_top_tokens,1.0,"iShares Core US Aggregate Bond ETF (Ondo Tokenized)
(AGGon)"
0xf8a80d1cb9cfd70d03d655d9df42339846f3b3c8,0,etherscan_top_tokens,1.0,"Intel xStock
(INTCx)"
0x936facdf10c8c36294e7b9d28345255539d81bc7,0,etherscan_top_tokens,1.0,"RockSolid rETH Vault
(rock.rETH)"
0x57b946008913b82e4df85f501cbaed910e58d26c,0,etherscan_top_tokens,1.0,"Marlin POND
(POND)"
0x6c76de483f1752ac8473e2b4983a873991e70da7,0,etherscan_top_tokens,1.0,"BTR token
(BTR)"
0x32b77729cd87f1ef2bea4c650c16f89f08472c69,0,etherscan_top_tokens,1.0,"DeBoxToken
(BOX)"
0xba5bde662c17e2adff1075610382b9b691296350,0,etherscan_top_tokens,1.0,"SuperRare
(RARE)"
0x667102bd3413bfeaa3dffb48fa8288819e480a88,0,etherscan_top_tokens,1.0,"Tokenize Emblem
(TKX)"
0x14862c03a0caccc1ab328b062e64e31b2a1afcd7,0,etherscan_top_tokens,1.0,"SEDA
(SEDA)"
0xba25b2281214300e4e649fead9a6d6acd25f1c0a,0,etherscan_top_tokens,1.0,"Tree
(TREE)"
0xbbbbca6a901c926f240b89eacb641d8aec7aeafd,0,etherscan_top_tokens,1.0,"LoopringCoin V2
(LRC)"
0x9d275685dc284c8eb1c79f6aba7a63dc75ec890a,0,etherscan_top_tokens,1.0,"Apple xStock
(AAPLx)"
0x44f49ff0da2498bcb1d3dc7c0f999578f67fd8c6,0,etherscan_top_tokens,1.0,"Corn
(CORN)"
0x0001a500a6b18995b03f44bb040a5ffc28e45cb0,0,etherscan_top_tokens,1.0,"Autonolas
(OLAS)"
0x364f210f430ec2448fc68a49203040f6124096f0,0,etherscan_top_tokens,1.0,"Coinbase xStock
(COINx)"
0x7448c7456a97769f6cd04f1e83a4a23ccdc46abd,0,etherscan_top_tokens,1.0,"Maverick Token
(MAV)"
0xd8a271974e8edae9d7b58e3370dc1669427503f4,0,etherscan_top_tokens,1.0,"Fluent
(BLEND)"
0x92e52a1a235d9a103d970901066ce910aacefd37,0,etherscan_top_tokens,1.0,"UCASH
(UCASH)"
0x70e8de73ce538da2beed35d14187f6959a8eca96,0,etherscan_top_tokens,1.0,"XSGD
(XSGD)"
0xb907aef1d25396c1e8a27746026d368ea508000a,0,etherscan_top_tokens,1.0,"Melrose Industries xStock
(MROx)"
0x67e1f506b148d0fc95a4e3ffb49068ceb6855c05,0,etherscan_top_tokens,1.0,"Midas Rockaway Market Neutral
(mROX)"
0xd101dcc414f310268c37eeb4cd376ccfa507f571,0,etherscan_top_tokens,1.0,"ResearchCoin
(RSC)"
0x0692481c369e2bdc728a69ae31b848343a4567be,0,etherscan_top_tokens,1.0,"iShares Core S&P Total US Stock Market ETF (Ondo Tokenized)
(ITOTon)"
0x399b29975cbe313c56269cd5097f5ae097fa2741,0,etherscan_top_tokens,1.0,"USDSM
(USDSM)"
0x593ccca4c4bf58b7526a4c164ceef4003c6388db,0,etherscan_top_tokens,1.0,"Nest Alpha Vault
(nALPHA)"
0xc9eef266834730340a55b6cc24621b31baf55581,0,etherscan_top_tokens,1.0,"SpaceX (Ondo Tokenized)
(SPCXon)"
0xb64ef51c888972c908cfacf59b47c1afbc0ab8ac,0,etherscan_top_tokens,1.0,"Storj
(STORJ)"
0xbd356a39bff2cada8e9248532dd879147221cf76,0,etherscan_top_tokens,1.0,"WOM Token
(WOM)"
0x3a43aec53490cb9fa922847385d82fe25d0e9de7,0,etherscan_top_tokens,1.0,"yoVaultETH
(yoETH)"
0x0f81001ef0a83ecce5ccebf63eb302c70a39a654,0,etherscan_top_tokens,1.0,"Dolomite
(DOLO)"
0x4d1c297d39c5c1277964d0e3f8aa901493664530,0,etherscan_top_tokens,1.0,"PUFFER
(PUFFER)"
0xad55aebc9b8c03fc43cd9f62260391c13c23e7c0,0,etherscan_top_tokens,1.0,"Compounding Open Dollar
(cUSDO)"
0xcc40965d3621362c3ee1dd946ba98d6a708ea86b,0,etherscan_top_tokens,1.0,"PDD Holdings (Ondo Tokenized)
(PDDon)"
0x2380f2673c640fb67e2d6b55b44c62f0e0e69da9,0,etherscan_top_tokens,1.0,"Gold xStock
(GLDx)"
0xe9fa21e671bcfb04e6868784b89c19d5aa2424ea,0,etherscan_top_tokens,1.0,"EurocoinToken
(ECTE)"
0x8d6cebd76f18e1558d4db88138e2defb3909fad6,0,etherscan_top_tokens,1.0,"Mai Stablecoin
(MAI)"
0x246908bff0b1ba6ecadcf57fb94f6ae2fcd43a77,0,etherscan_top_tokens,1.0,"Divi
(DIVI)"
0x0fc2a55d5bd13033f1ee0cdd11f60f7efe66f467,0,etherscan_top_tokens,1.0,"Lagrange
(LA)"
0xac3211a5025414af2866ff09c23fc18bc97e79b1,0,etherscan_top_tokens,1.0,"DOVU
(DOV)"
0x2aeabde1ab736c59e9a19bed67681869eef39526,0,etherscan_top_tokens,1.0,"Dovu
(DOVU[eth])"
0x66a0f676479cee1d7373f3dc2e2952778bff5bd6,0,etherscan_top_tokens,1.0,"Wise Token
(WISE)"
0x41545f8b9472d758bb669ed8eaeeecd7a9c4ec29,0,etherscan_top_tokens,1.0,"Forta
(FORT)"
0x6b0b3a982b4634ac68dd83a4dbf02311ce324181,0,etherscan_top_tokens,1.0,"Artificial Liquid Intelligence Token
(ALI)"
0x000006c2a22ff4a44ff1f5d0f2ed65f781f55555,0,etherscan_top_tokens,1.0,"ZK Coin
(ZKC)"
0xa6773c4f26c80c86bc04aa6506533693a39d1195,0,etherscan_top_tokens,1.0,"Zenchain
(ZTC)"
0x06b964d96f5dcf7eae9d7c559b09edce244d4b8e,0,etherscan_top_tokens,1.0,"USUALX
(USUALX)"
0x06c84db1f9899e1203ef3c9f05b2300ba47e4023,0,etherscan_top_tokens,1.0,"BounceBit Token
(BB)"
0xeeb4d8400aeefafc1b2953e0094134a887c76bd8,0,etherscan_top_tokens,1.0,"Avail
(AVAIL)"
0x7977bf3e7e0c954d12cdca3e013adaf57e0b06e0,0,etherscan_top_tokens,1.0,"OPINION
(OPN)"
0xe2ad0bf751834f2fbdc62a41014f84d67ca1de2a,0,etherscan_top_tokens,1.0,"Caldera
(ERA)"
0x4111b60bc87f2bd1e81e783e271d7f0ec6ee088b,0,etherscan_top_tokens,1.0,"iShares MSCI EAFE ETF (Ondo Tokenized)
(EFAon)"
0x9f2e3eb0160117c56b07652fe66a08a48b5bd7b5,0,etherscan_top_tokens,1.0,"SoFi Technologies (Ondo Tokenized)
(SOFIon)"
0x9ce115f0341ae5dabc8b477b74e83db2018a6f42,0,etherscan_top_tokens,1.0,"HairDAO Token
(HAIR)"
0x40eb746dee876ac1e78697b7ca85142d178a1fc8,0,etherscan_top_tokens,1.0,"IAGON
(IAG)"
0xcbb8f1bda10b9696c57e13bc128fe674769dcec0,0,etherscan_top_tokens,1.0,"MOR
(MOR)"
0x90ce5720c17587d28e4af120ae2d313b3bad1722,0,etherscan_top_tokens,1.0,"Overtime DAO Token
(OVER)"
0xe1385fdd5ffb10081cd52c56584f25efa9084015,0,etherscan_top_tokens,1.0,"Robinhood xStock
(HOODx)"
0x19ebd191f7a24ece672ba13a302212b5ef7f35cb,0,etherscan_top_tokens,1.0,"YieldFi yUSD
(yUSD)"
0x2df38ca485d01fc15e4fd85847ed26b7ef871c1c,0,etherscan_top_tokens,1.0,"iShares TIPS Bond ETF (Ondo Tokenized)
(TIPon)"
0x18b5c15e5196a38a162b1787875295b76e4313fb,0,etherscan_top_tokens,1.0,"Spiko Amundi Overnight Swap Fund (CHF)
(chfSAFO)"
0x71ffb6a81786ec285d429d531cf655107b9d878d,0,etherscan_top_tokens,1.0,"Galaxy USDT Quality
(gUSDTq)"
0x04c46e830bb56ce22735d5d8fc9cb90309317d0f,0,etherscan_top_tokens,1.0,"Ekubo Protocol
(EKUBO)"
0xe1bad922f84b198a08292fb600319300ae32471b,0,etherscan_top_tokens,1.0,"[FCT] FirmaChain Token
(FCT)"
0xfc209eeba3d744aa741cc5c2a73ebf9c977b5f82,0,etherscan_top_tokens,1.0,"Brickken
(BKN)"
0xade00c28244d5ce17d72e40330b1c318cd12b7c3,0,etherscan_top_tokens,1.0,"heyAura
(ADX)"
0xb66a5d30d04f076e78ffb0d045c55846fdcde928,0,etherscan_top_tokens,1.0,"Energy Web Token
(EWT)"
0x178c820f862b14f316509ec36b13123da19a6054,0,etherscan_top_tokens,1.0,"Energy Web Token Bridged
(EWTB)"
0xc50673edb3a7b94e8cad8a7d4e0cd68864e33edf,0,etherscan_top_tokens,1.0,"PunkStrategy
(PNKSTR)"
0xe72b141df173b999ae7c1adcbf60cc9833ce56a8,0,etherscan_top_tokens,1.0,"ETHPlus
(ETH+)"
0x1bbf25e71ec48b84d773809b4ba55b6f4be946fb,0,etherscan_top_tokens,1.0,"Vow
(VOW)"
0xa2c2c937333165d4c5f2dc5f31a43e1239fecfeb,0,etherscan_top_tokens,1.0,"Hera Token
(HERA)"
0x91600e31fbedc72433d4a57f16639cfe661be7d8,0,etherscan_top_tokens,1.0,"Galaxy USDC Quality
(gUSDCq)"
0x42bbfa2e77757c645eeaad1655e0911a7553efbc,0,etherscan_top_tokens,1.0,"Boba Token
(BOBA)"
0x4f0ca3df1c2e6b943cf82e649d576ffe7b2fabcf,0,etherscan_top_tokens,1.0,"iShares Gold Trust (Ondo Tokenized)
(IAUon)"
0x4575f41308ec1483f3d399aa9a2826d74da13deb,0,etherscan_top_tokens,1.0,"Orchid
(OXT)"
0x0c1f3412a44ff99e40bf14e06e5ea321ae7b3938,0,etherscan_top_tokens,1.0,"AMD (Ondo Tokenized)
(AMDon)"
0x24d7ad9402717f429a81925fe7643b78918eda8b,0,etherscan_top_tokens,1.0,"XION
(XION)"
0xccc8cb5229b0ac8069c51fd58367fd1e622afd97,0,etherscan_top_tokens,1.0,"Gods Unchained
(GODS)"
0xa9299c296d7830a99414d1e5546f5171fa01e9c8,0,etherscan_top_tokens,1.0,"Digital Gold
(DGLD)"
0x4c11249814f11b9346808179cf06e71ac328c1b5,0,etherscan_top_tokens,1.0,"Oraichain Token
(ORAI)"
0xf8f173e20e15f3b6cb686fb64724d370689de083,0,etherscan_top_tokens,1.0,"Heima
(HEI)"
0x590f820444fa3638e022776752c5eef34e2f89a6,0,etherscan_top_tokens,1.0,"Alephium (AlphBridge)
(ALPH)"
0xbc6da0fe9ad5f3b0d58160288917aa56653660e9,0,etherscan_top_tokens,1.0,"Alchemix USD
(alUSD)"
0xcdd60d15125bf3362b6838d2506b0fa33bc1a515,0,etherscan_top_tokens,1.0,"iShares Core MSCI Emerging Markets ETF (Ondo Tokenized)
(IEMGon)"
0x888888848b652b3e3a0f34c96e00eec0f3a23f72,0,etherscan_top_tokens,1.0,"Alien Worlds Trilium
(TLM)"
0x8d05432c2786e3f93f1a9a62b9572dbf54f3ea06,0,etherscan_top_tokens,1.0,"iShares Russell 1000 Growth ETF (Ondo Tokenized)
(IWFon)"
0xd0ec028a3d21533fdd200838f39c85b03679285d,0,etherscan_top_tokens,1.0,"Newton
(NEWT)"
0xbb97e381f1d1e94ffa2a5844f6875e6146981009,0,etherscan_top_tokens,1.0,"WiBX Utility Token
(WBX)"
0x95bf7e307bc1ab0ba38ae10fc27084bc36fcd605,0,etherscan_top_tokens,1.0,"ColossusXT
(eCOLX)"
0x28d38df637db75533bd3f71426f3410a82041544,0,etherscan_top_tokens,1.0,"Prompt
(PROMPT)"
0xa91ac63d040deb1b7a5e4d4134ad23eb0ba07e14,0,etherscan_top_tokens,1.0,"Bella
(BEL)"
0x998ffe1e43facffb941dc337dd0468d52ba5b48a,0,etherscan_top_tokens,1.0,"Rupiah Token
(IDRT)"
0xaaa0008c8cf3a7dca931adaf04336a5d808c82cc,0,etherscan_top_tokens,1.0,"DeFi Janus Henderson Anemoy AAA CLO Fund Token
(deJAAA)"
0xdef1b2d939edc0e4d35806c59b3166f790175afe,0,etherscan_top_tokens,1.0,"Infinex
(INX)"
0x14fee680690900ba0cccfc76ad70fd1b95d10e16,0,etherscan_top_tokens,1.0,"PAAL AI
($PAAL)"
0xd5cce260e7a755ddf0fb9cdf06443d593aaeaa13,0,etherscan_top_tokens,1.0,"kpk USDC Yield
(kpk_USDC_YieldV2)"
0xe5b826ca2ca02f09c1725e9bd98d9a8874c30532,0,etherscan_top_tokens,1.0,"ZEON
(ZEON)"
0xe1be424f442d0687129128c6c38aace44f8c8dbc,0,etherscan_top_tokens,1.0,"zkPass
(ZKP)"
0x1223334444a7466fbf985b14e1f4edaf3883bca6,0,etherscan_top_tokens,1.0,"Grow
(GROW)"
0xa258c4606ca8206d8aa700ce2143d7db854d168c,0,etherscan_top_tokens,1.0,"WETH yVault
(yvWETH)"
0x4afc4522e896aeacc83ea5322708ab64a9de5d1d,0,etherscan_top_tokens,1.0,"COQINU
(COQ)"
0x420fca0121dc28039145009570975747295f2329,0,etherscan_top_tokens,1.0,"COQINU
(COQ)"
0x3557ba345b01efa20a1bddc61f573bfd87195081,0,etherscan_top_tokens,1.0,"Amazon.com xStock
(AMZNx)"
0x8de5d49725550f7b318b2fa0f1b1f118e98e8d0f,0,etherscan_top_tokens,1.0,"iShares 0-3 Month Treasury Bond ETF (Ondo Tokenized)
(SGOVon)"
0xa5f2211b9b8170f694421f2046281775e8468044,0,etherscan_top_tokens,1.0,"THORSwap Token
(THOR)"
0x259338656198ec7a76c729514d3cb45dfbf768a1,0,etherscan_top_tokens,1.0,"Resolv
(RESOLV)"
0xa29c9a740de8194e4016747e9a04a84946ada0a5,0,etherscan_top_tokens,1.0,"NUMINE Token
(NUMI)"
0x14c3abf95cb9c93a8b82c1cdcb76d72cb87b2d4c,0,etherscan_top_tokens,1.0,"Apple (Ondo Tokenized)
(AAPLon)"
0x4e352cf164e64adcbad318c3a1e222e9eba4ce42,0,etherscan_top_tokens,1.0,"MCDEX Token
(MCB)"
0x88800092ff476844f74dc2fc427974bbee2794ae,0,etherscan_top_tokens,1.0,"Ambire Wallet
(WALLET)"
0xc20d9413bb7c03cb147a5590960ddaf389afaaa4,0,etherscan_top_tokens,1.0,"TAC Token
(TAC)"
0x5c8d0c48810fd37a0a824d074ee290e64f7a8fa2,0,etherscan_top_tokens,1.0,"AVL
(AVL)"
0xba100000625a3754423978a60c9317c58a424e3d,0,etherscan_top_tokens,1.0,"Balancer
(BAL)"
0x044d078f1c86508e13328842cc75ac021b272958,0,etherscan_top_tokens,1.0,"WrappedPeercoin
(wPPC)"
0x1d88713b483a8e45cff0e5cd7c2e15e5fab4534d,0,etherscan_top_tokens,1.0,"StakeStone
(STO)"
0x2565ae0385659badcada1031db704442e1b69982,0,etherscan_top_tokens,1.0,"ASSEMBLE
(ASM)"
0xb753428af26e81097e7fd17f40c88aaa3e04902c,0,etherscan_top_tokens,1.0,"Spice
(SFI)"
0xea60cd69f2b9fd6eb067bddbbf86a5bdeffbbc55,0,etherscan_top_tokens,1.0,"Wecan
(WECAN)"
0x657d9aba1dbb59e53f9f3ecaa878447dcfc96dcb,0,etherscan_top_tokens,1.0,"ynETH MAX
(ynETHx)"
0xe868084cf08f3c3db11f4b73a95473762d9463f7,0,etherscan_top_tokens,1.0,"Yala stablecoin
(YU)"
0xf042cfa86cf1d598a75bdb55c3507a1f39f9493b,0,etherscan_top_tokens,1.0,"Coinbase (Ondo Tokenized)
(COINon)"
0x30d20208d987713f46dfd34ef128bb16c404d10f,0,etherscan_top_tokens,1.0,"Stader
(SD)"
0xf5581dfefd8fb0e4aec526be659cfab1f8c781da,0,etherscan_top_tokens,1.0,"HOPR Token
(HOPR)"
0x16a3543fa6b32cac3b0a755f64a729e84f89a75c,0,etherscan_top_tokens,1.0,"Wrapped Hypertensor
(TENSOR)"
0xb1f66997a5760428d3a87d68b90bfe0ae64121cc,0,etherscan_top_tokens,1.0,"LuaToken
(LUA)"
0x50614cc8e44f7814549c223aa31db9296e58057c,0,etherscan_top_tokens,1.0,"Aligned Token
(ALIGN)"
0x9fc65df3997073b8551ffd617154b5102facbb88,0,etherscan_top_tokens,1.0,"TEXITcoin
(wTXC)"
0x54991328ab43c7d5d31c19d1b9fa048e77b5cd16,0,etherscan_top_tokens,1.0,"Soil
(SOIL)"
0x87c9053c819bb28e0d73d33059e1b3da80afb0cf,0,etherscan_top_tokens,1.0,"Midas Re7 Yield
(mRe7YIELD)"
0xb812837b81a3a6b81d7cd74cfb19a7f2784555e5,0,etherscan_top_tokens,1.0,"Microsoft (Ondo Tokenized)
(MSFTon)"
0xc5bddf9843308380375a611c18b50fb9341f502a,0,etherscan_top_tokens,1.0,"veCRV-DAO yVault
(yveCRV-DAO)"
0x420a24c9c65bd44c48bfb1cc8d6cd1ea8b1ac840,0,etherscan_top_tokens,1.0,"JumpToken
(JMPT)"
0xbbcb0356bb9e6b3faa5cbf9e5f36185d53403ac9,0,etherscan_top_tokens,1.0,"Backed Coinbase Global
(bCOIN)"
0x8400d94a5cb0fa0d041a3788e395285d61c9ee5e,0,etherscan_top_tokens,1.0,"UniBright
(UBT)"
0x5621737f42dae558b81269fcb9e9e70c19aa6b35,0,etherscan_top_tokens,1.0,"Microsoft xStock
(MSFTx)"
0x7046933234a82af77f14625e8d0fa9bcc5044a7e,0,etherscan_top_tokens,1.0,"MAP Protocol
(MAPO)"
0x68025a4615407993a680102b08a23a61d11c657c,0,etherscan_top_tokens,1.0,"WETH ARM
(ARM-WETH)"
0xb9a7da9e90d3b428083bae04b860faa6325b721e,0,etherscan_top_tokens,1.0,"yoUSDT
(yoUSDT)"
0x193f4a4a6ea24102f49b931deeeb931f6e32405d,0,etherscan_top_tokens,1.0,"TLOS
(TLOS)"
0xb72e76ccf005313868db7b48070901a44629da98,0,etherscan_top_tokens,1.0,"SquidGrow
(SQGROW)"
0x218f4cf85ac26909a1b2a37205bd054f7dd0c11f,0,etherscan_top_tokens,1.0,"Guardant Health xStock
(GHx)"
0x93ed3fbe21207ec2e8f2d3c3de6e058cb73bc04d,0,etherscan_top_tokens,1.0,"Pinakion
(PNK)"
0xc210b2cb65ed3484892167f5e05f7ab496ab0598,0,etherscan_top_tokens,1.0,"Bridged LUKSO (Hyperlane)
(LYX)"
0xe866c6222bf253d1da2cc6a0520c96fdca2e5b5e,0,etherscan_top_tokens,1.0,"DitGold
(DitAu)"
0x77a1a02e4a888ada8620b93c30de8a41e621126c,0,etherscan_top_tokens,1.0,"iShares MSCI Emerging Markets ETF (Ondo Tokenized)
(EEMon)"
0x2e44f3f609ff5aa4819b323fd74690f07c3607c4,0,etherscan_top_tokens,1.0,"PinLink
(Pin)"
0x39aa39c021dfbae8fac545936693ac917d5e7563,0,etherscan_top_tokens,1.0,"Compound USD Coin
(cUSDC)"
0x79bbf4508b1391af3a0f4b30bb5fc4aa9ab0e07c,0,etherscan_top_tokens,1.0,"HeyAnon
(Anon)"
0xbe9f61555f50dd6167f2772e9cf7519790d96624,0,etherscan_top_tokens,1.0,"SX Network
(SX)"
0xeae00d6f9b16deb1bd584c7965e4c7d762f178a1,0,etherscan_top_tokens,1.0,"XBorg Token
(XBG)"
0xa469b7ee9ee773642b3e93e842e5d9b5baa10067,0,etherscan_top_tokens,1.0,"USDz
(USDz)"
0xa2b4c0af19cc16a6cfacce81f192b024d625817d,0,etherscan_top_tokens,1.0,"Kishu Inu
(KISHU)"
0x70b7f7044d2ca8e2f1e999b90ef16d7cb7a0cda1,0,etherscan_top_tokens,1.0,"Quai Network
(QUAI)"
0x41d5d79431a913c4ae7d69a668ecdfe5ff9dfb68,0,etherscan_top_tokens,1.0,"Inverse DAO
(INV)"
0x228bec415ade4b61d7caf0adf8c91eac587ba369,0,etherscan_top_tokens,1.0,"TRIA
(TRIA)"
0x675b68aa4d9c2d3bb3f0397048e62e6b7192079c,0,etherscan_top_tokens,1.0,"FUEL
(FUEL)"
0xc58d044404d8b14e953c115e67823784dea53d8f,0,etherscan_top_tokens,1.0,"Strata Junior USDe
(jrUSDe)"
0xeaad46f4146ded5a47b55aa7f6c48c191deaec88,0,etherscan_top_tokens,1.0,"Marvell xStock
(MRVLx)"
0x28ff2e4dd1b58efeb0fc138602a28d5ae81e44e2,0,etherscan_top_tokens,1.0,"Cronos zkEVM CRO
(zkCRO)"
0x33483a58079b4225b10e57958ca28ad7b9cdbaf7,0,etherscan_top_tokens,1.0,"BitMine Immersion Technologies (Ondo Tokenized)
(BMNRon)"
0x8db2350d78abc13f5673a411d4700bcf87864dde,0,etherscan_top_tokens,1.0,"swBTC
(swBTC)"
0xc86d054809623432210c107af2e3f619dcfbf652,0,etherscan_top_tokens,1.0,"SENTINEL PROTOCOL
(UPP)"
0x728f30fa2f100742c7949d1961804fa8e0b1387d,0,etherscan_top_tokens,1.0,"GamerCoin
(GHX)"
0x020940df9f5e77338a094d55b5b5914122a804a5,0,etherscan_top_tokens,1.0,"Redbelly Network coin
(RBNT)"
0xd2ba23de8a19316a638dc1e7a9adda1d74233368,0,etherscan_top_tokens,1.0,"QuickSwap
(QUICK)"
0xdf574c24545e5ffecb9a659c229253d4111d87e1,0,etherscan_top_tokens,1.0,"HUSD
(HUSD)"
0xa37db5456b5938aa50b33575ae2eb8048ca5959b,0,etherscan_top_tokens,1.0,"Data Ownership Protocol
(DOP)"
0x814e0908b12a99fecf5bc101bb5d0b8b5cdf7d26,0,etherscan_top_tokens,1.0,"Measurable Data Token
(MDT)"
0x38bac69cbbd28156796e4163b2b6dcb81e336565,0,etherscan_top_tokens,1.0,"Broadcom xStock
(AVGOx)"
0xc360e625f19a7ea47e47810b13e386221d5187d1,0,etherscan_top_tokens,1.0,"NUVA nvPRIME
(nvPRIME)"
0x77146784315ba81904d654466968e3a7c196d1f3,0,etherscan_top_tokens,1.0,"Treehouse
(TREE)"
0x38c87aa89b2b8cd9b95b736e1fa7b612ea972169,0,etherscan_top_tokens,1.0,"AMO Coin
(AMO)"
0x5d3a536e4d6dbd6114cc1ead35777bab948e3643,0,etherscan_top_tokens,1.0,"Compound Dai
(cDAI)"
0x871ab8e36cae9af35c6a3488b049965233deb7ed,0,etherscan_top_tokens,1.0,"Dialectic ETH
(DETH)"
0x236eb848c95b231299b4aa9f56c73d6893462720,0,etherscan_top_tokens,1.0,"Yellow
(YELLOW)"
0x6e6f6d696e61decd6605bd4a57836c5db6923340,0,etherscan_top_tokens,1.0,"Nomina
(NOM)"
0x340d2bde5eb28c1eed91b2f790723e3b160613b7,0,etherscan_top_tokens,1.0,"BLOCKv
(VEE)"
0xd26114cd6ee289accf82350c8d8487fedb8a0c07,0,etherscan_top_tokens,1.0,"OMG Network
(OMG)"
0xbb8774fb97436d23d74c1b882e8e9a69322cfd31,0,etherscan_top_tokens,1.0,"Amazon (Ondo Tokenized)
(AMZNon)"
0x7cf9dec92ca9fd46f8d86e7798b72624bc116c05,0,etherscan_top_tokens,1.0,"Midas Apollo Crypto
(mAPOLLO)"
0x2a3bff78b79a009976eea096a51a948a3dc00e34,0,etherscan_top_tokens,1.0,"Wilder
(WILD)"
0x92d6c1e31e14520e676a687f0a93788b716beff5,0,etherscan_top_tokens,1.0,"dYdX
(DYDX)"
0xdb25f211ab05b1c97d595516f45794528a807ad8,0,etherscan_top_tokens,1.0,"STASIS EURS Token
(EURS)"
0x73968b9a57c6e53d41345fd57a6e6ae27d6cdb2f,0,etherscan_top_tokens,1.0,"Stake DAO Token
(SDT)"
0x0abdace70d3790235af448c88547603b945604ea,0,etherscan_top_tokens,1.0,"district0x
(DNT)"
0x58100046a4afcd4ee4fadbd4244f3f895a341c56,0,etherscan_top_tokens,1.0,"SK hynix xStock
(SKHYx)"
0xb3999f658c0391d94a37f7ff328f3fec942bcadc,0,etherscan_top_tokens,1.0,"Hashflow
(HFT)"
0x71e2400cf1cb83204f33794ed326636a71a9aafc,0,etherscan_top_tokens,1.0,"SanDisk (Ondo Tokenized)
(SNDKon)"
0x3cafdbfe682aec17d5ace2f97a2f3ab3dcf6a4a9,0,etherscan_top_tokens,1.0,"Taiwan Semiconductor Manufacturing (Ondo Tokenized)
(TSMon)"
0x0a5e677a6a24b2f1a2bf4f3bffc443231d2fdec8,0,etherscan_top_tokens,1.0,"dForce USD
(USX)"
0xe346c29b5b60ef870b9724c57ccfbbc631e47dee,0,etherscan_top_tokens,1.0,"Wrapped iTRY
(wiTRY)"
0x36ac219f90f5a6a3c77f2a7b660e3cc701f68e25,0,etherscan_top_tokens,1.0,"CoinMetro Token
(XCM)"
0xae53d5bdc95e83e956a2f29771b18175abb8273f,0,etherscan_top_tokens,1.0,"POFU
(POFU)"
0x92d5942f468447f1f21c2092580f15544923b434,0,etherscan_top_tokens,1.0,"Vestra DAO
(VSTR)"
0x628a3b2e302c7e896acc432d2d0dd22b6cb9bc88,0,etherscan_top_tokens,1.0,"LimeWire Token
(LMWR)"
0xf2b2f7b47715256ce4ea43363a867fdce9353e3a,0,etherscan_top_tokens,1.0,"Bitgert
(BRISE)"
0xdbdb4d16eda451d0503b854cf79d55697f90c8df,0,etherscan_top_tokens,1.0,"Alchemix
(ALCX)"
0xd4fa1460f537bb9085d22c7bccb5dd450ef28e3a,0,etherscan_top_tokens,1.0,"Populous
(PPT)"
0x66fd8de541c0594b4dccdfc13bf3a390e50d3afd,0,etherscan_top_tokens,1.0,"Turtle
(TURTLE)"
0xb788144df611029c60b859df47e79b7726c4deba,0,etherscan_top_tokens,1.0,"Vultisig Token
(VULT)"
0x3472a5a71965499acd81997a54bba8d852c6e53d,0,etherscan_top_tokens,1.0,"Badger
(BADGER)"
0x51cb253744189f11241becb29bedd3f1b5384fdb,0,etherscan_top_tokens,1.0,"Dimitra Token
(DMTR)"
0x76e222b07c53d28b89b0bac18602810fc22b49a8,0,etherscan_top_tokens,1.0,"Joe Coin
(JOE)"
0x3597bfd533a99c9aa083587b074434e61eb0a258,0,etherscan_top_tokens,1.0,"DENT
(DENT)"
0xdc7404100a092c898e93708ef73f3322a7acc213,0,etherscan_top_tokens,1.0,"SUPRA
(SUPRA)"
0x2270f71bfd8f3396d9b28ecf2eae7f0e6d48caff,0,etherscan_top_tokens,1.0,"RENEC
(RENEC)"
0x5b423e07dfba087d72840851f63a51cbe1967cda,0,etherscan_top_tokens,1.0,"Staked NXM
(stNXM)"
0xbaac2b4491727d78d2b78815144570b9f2fe8899,0,etherscan_top_tokens,1.0,"The Doge NFT
(DOG)"
0xb30fe1cf884b48a22a50d22a9282004f2c5e9406,0,etherscan_top_tokens,1.0,"Grove
(GROVE)"
0x81f8f0bb1cb2a06649e51913a151f0e7ef6fa321,0,etherscan_top_tokens,1.0,"VitaDAO Token
(VITA)"
0x14cf922aa1512adfc34409b63e18d391e4a86a2f,0,etherscan_top_tokens,1.0,"ETH Strategy
(STRAT)"
0x7b43e3875440b44613dc3bc08e7763e6da63c8f8,0,etherscan_top_tokens,1.0,"StablR USD
(USDR)"
0x13119e34e140097a507b07a5564bde1bc375d9e6,0,etherscan_top_tokens,1.0,"MoneyToken
(IMT)"
0x7575c2e267a1a2ff98ac65bc26d40c948989031b,0,etherscan_top_tokens,1.0,"WAT Income token
(INC)"
0xba3335588d9403515223f109edc4eb7269a9ab5d,0,etherscan_top_tokens,1.0,"Gearbox
(GEAR)"
0x2a8e1e676ec238d8a992307b495b45b3feaa5e86,0,etherscan_top_tokens,1.0,"Origin Dollar
(OUSD)"
0xcb86c6a22cb56b6cf40cafedb06ba0df188a416e,0,etherscan_top_tokens,1.0,"inSure
(SURE)"
0xc08512927d12348f6620a698105e1baac6ecd911,0,etherscan_top_tokens,1.0,"GMO JPY
(GYEN)"
0xd4f4d0a10bcae123bb6655e8fe93a30d01eebd04,0,etherscan_top_tokens,1.0,"LinqAI
(LNQ)"
0x8143182a775c54578c8b7b3ef77982498866945d,0,etherscan_top_tokens,1.0,"Wrapped QUIL
(wQUIL)"
0x6d57b2e05f26c26b549231c866bdd39779e4a488,0,etherscan_top_tokens,1.0,"VNX Gold
(VNXAU)"
0x321c2fe4446c7c963dc41dd58879af648838f98d,0,etherscan_top_tokens,1.0,"Cryptex
(CTX)"
0x01ba69727e2860b37bc1a2bd56999c1afb4c15d8,0,etherscan_top_tokens,1.0,"YieldNest RWA MAX
(ynRWAx)"
0x975da7b2325f815f1de23c8b68f721fb483b8071,0,etherscan_top_tokens,1.0,"LooPIN
(LOOPIN)"
0x2925ac3be7d585874b88ea51ed50add376ad8239,0,etherscan_top_tokens,1.0,"AxCNH
(AxCNH)"
0xfb7b4564402e5500db5bb6d63ae671302777c75a,0,etherscan_top_tokens,1.0,"DEXTools
(DEXT)"
0x1494ca1f11d487c2bbe4543e90080aeba4ba3c2b,0,etherscan_top_tokens,1.0,"DefiPulse Index
(DPI)"
0xf3527ef8de265eaa3716fb312c12847bfba66cef,0,etherscan_top_tokens,1.0,"USDX
(USDX)"
0x908ddb096bfb3acb19e2280aad858186ea4935c4,0,etherscan_top_tokens,1.0,"eesee
(ESE)"
0x83e6f1e41cdd28eaceb20cb649155049fac3d5aa,0,etherscan_top_tokens,1.0,"PolkastarterToken
(POLS)"
0x12970e6868f88f6557b76120662c1b3e50a646bf,0,etherscan_top_tokens,1.0,"Milady
(LADYS)"
0x59644165402b611b350645555b50afb581c71eb2,0,etherscan_top_tokens,1.0,"Meta Platforms (Ondo Tokenized)
(METAon)"
0x27702a26126e0b3702af63ee09ac4d1a084ef628,0,etherscan_top_tokens,1.0,"aleph.im v2
(ALEPH)"
0xa45cd7ac9865b9539166ebaf2abc362df4736580,0,etherscan_top_tokens,1.0,"ProShares UltraPro QQQ (Ondo Tokenized)
(TQQQon)"
0x4f33acf823e6eeb697180d553ce0c710124c8d59,0,etherscan_top_tokens,1.0,"Spiko Digital Assets Cash and Carry Fund
(SPKCC)"
0xcf6a0a7826fa124b7705d6f3c675ead76f1e540d,0,etherscan_top_tokens,1.0,"Reputation
(REPv2_Yes_1)"
0x464ebe77c293e473b48cfe96ddcf88fcf7bfdac0,0,etherscan_top_tokens,1.0,"Kryll
(KRL)"
0x04acaf8d2865c0714f79da09645c13fd2888977f,0,etherscan_top_tokens,1.0,"Wrapped Frax
(WFRAX)"
0x1410434b0346f5be678d0fb554e5c7ab620f8f4a,0,etherscan_top_tokens,1.0,"KAN
(KAN)"
0xba83b5ed3f12bfa44f066f03ee0433419b74f469,0,etherscan_top_tokens,1.0,"Best Wallet Token
(BEST)"
0xb4a3b0faf0ab53df58001804dda5bfc6a3d59008,0,etherscan_top_tokens,1.0,"Sperax
(SPA)"
0x12bb890508c125661e03b09ec06e404bc9289040,0,etherscan_top_tokens,1.0,"Radio Caca V2
(RACA)"
0x0000000000c5dc95539589fbd24be07c6c14eca4,0,etherscan_top_tokens,1.0,"Milady Cult Coin
(CULT)"
0x00813e3421e1367353bfe7615c7f7f133c89df74,0,etherscan_top_tokens,1.0,"Splintershards
(SPS)"
0xb9f599ce614feb2e1bbe58f180f370d05b39344e,0,etherscan_top_tokens,1.0,"PepeFork
(PORK)"
0xf7f00d598b2a651404993e93df7ae16c3c736f3c,0,etherscan_top_tokens,1.0,"Secret (IBC)
(SCRT)"
0x1b2b24bb39c20cb2cd9704b3e68f3d6a57ab3747,0,etherscan_top_tokens,1.0,"Wrapped IRON
(wIRON)"
0xfaa9a0e1db9e22ae3a20b2b58a68dc24d053d066,0,etherscan_top_tokens,1.0,"Strata Senior USDat
(srUSDat)"
0x04c154b66cb340f3ae24111cc767e0184ed00cc6,0,etherscan_top_tokens,1.0,"Pirex Ether
(pxETH)"
0x0f51bb10119727a7e5ea3538074fb341f56b09ad,0,etherscan_top_tokens,1.0,"DAO Maker
(DAO)"
0x6e5970dbd6fc7eb1f29c6d2edf2bc4c36124c0c1,0,etherscan_top_tokens,1.0,"Polytrade
(TRADE)"
0x88909d489678dd17aa6d9609f89b0419bf78fd9a,0,etherscan_top_tokens,1.0,"Layer3
(L3)"
0xb3cb8d5aeff0f4d1f432f353309f47b885e404e3,0,etherscan_top_tokens,1.0,"MEVerse
(MEV)"
0x2a8c22e3b10036f3aef5875d04f8441d4188b656,0,etherscan_top_tokens,1.0,"Midas Basis Trading Token
(mBASIS)"
0xc71104001a3ccda1bef1177d765831bd1bfe8ee6,0,etherscan_top_tokens,1.0,"Native Decentralized Euro Protocol Share
(nDEPS)"
0x9dcf7f739b8c0270e2fc0cc8d0dabe355a150dba,0,etherscan_top_tokens,1.0,"iShares Russell 2000 Value ETF (Ondo Tokenized)
(IWNon)"
0xa0246c9032bc3a600820415ae600c6388619a14d,0,etherscan_top_tokens,1.0,"FARM Reward Token
(FARM)"
0xf1df7305e4bab3885cab5b1e4dfc338452a67891,0,etherscan_top_tokens,1.0,"PaLM AI
(PALM)"
0x26e550ac11b26f78a04489d5f20f24e3559f7dd9,0,etherscan_top_tokens,1.0,"Kekius Maximus
(KEKIUS)"
0x8df723295214ea6f21026eeeb4382d475f146f9f,0,etherscan_top_tokens,1.0,"Quantoz EURQ
(EURQ)"
0x3f14920c99beb920afa163031c4e47a3e03b3e4a,0,etherscan_top_tokens,1.0,"/send
(send)"
0xb1f1ee126e9c96231cc3d3fad7c08b4cf873b1f1,0,etherscan_top_tokens,1.0,"Beefy
(BIFI)"
0xc19d38925f9f645337b1d1f37baf3c0647a48e50,0,etherscan_top_tokens,1.0,"GAIB
(GAIB)"
0x1985365e9f78359a9b6ad760e32412f4a445e862,0,etherscan_top_tokens,1.0,"Reputation
(REP)"
0xd55c9fb62e176a8eb6968f32958fefdd0962727e,0,etherscan_top_tokens,1.0,"MindNetwork FHE Token
(FHE)"
0xf192957ae52db3eb088654403cc2eded014ae556,0,etherscan_top_tokens,1.0,"Eli Lilly (Ondo Tokenized)
(LLYon)"
0x1f57da732a77636d913c9a75d685b26cc85dcc3a,0,etherscan_top_tokens,1.0,"OPENLOOT
(OL)"
0x8c9984b06281f1ca9416e493c2e602aab08513db,0,etherscan_top_tokens,1.0,"Sectora
(SECT)"
0x098697ba3fee4ea76294c5d6a466a4e3b3e95fe6,0,etherscan_top_tokens,1.0,"USP Yield Optimized Stablecoin
(USP)"
0xa831a4e181f25d3b35949e582ff27cc44e703f37,0,etherscan_top_tokens,1.0,"ALEX
(ALEX)"
0x49fb8ad7578148e17c3ef0c344ce23a66ed372c4,0,etherscan_top_tokens,1.0,"tao.bot
(TAOBOT)"
0x79d4f0232a66c4c91b89c76362016a1707cfbf4f,0,etherscan_top_tokens,1.0,"VNX Franc
(VCHF)"
0x5cf04716ba20127f1e2297addcf4b5035000c9eb,0,etherscan_top_tokens,1.0,"NKN
(NKN)"
0xeb4c2781e4eba804ce9a9803c67d0893436bb27d,0,etherscan_top_tokens,1.0,"renBTC
(renBTC)"
0x594daad7d77592a2b97b725a7ad59d7e188b5bfa,0,etherscan_top_tokens,1.0,"Apu Apustaja
(APU)"
0x5732046a883704404f284ce41ffadd5b007fd668,0,etherscan_top_tokens,1.0,"Bluzelle
(BLZ)"
0x8c15ef5b4b21951d50e53e4fbda8298ffad25057,0,etherscan_top_tokens,1.0,"Function X
(FX)"
0xfa704148d516b209d52c2d75f239274c8f8eaf1a,0,etherscan_top_tokens,1.0,"wOCTA
(wOCTA)"
0x08d967bb0134f2d07f7cfb6e246680c53927dd30,0,etherscan_top_tokens,1.0,"MATH Token
(MATH)"
0xfd418e42783382e86ae91e445406600ba144d162,0,etherscan_top_tokens,1.0,"Zircuit
(ZRC)"
0x9ff58067bd8d239000010c154c6983a325df138e,0,etherscan_top_tokens,1.0,"Propchain Token
(PROPC)"
0x0d54d4279b9e8c54cd8547c2c75a8ee81a0bcae8,0,etherscan_top_tokens,1.0,"Broadcom (Ondo Tokenized)
(AVGOon)"
0x87d73e916d7057945c9bcd8cdd94e42a6f47f776,0,etherscan_top_tokens,1.0,"NFTX
(NFTX)"
0x1ec8eaa3f68261e793c48486b12092336a03c479,0,etherscan_top_tokens,1.0,"AUTOfinance
(AUTO)"
0x9a8bc3b04b7f3d87cfc09ba407dced575f2d61d8,0,etherscan_top_tokens,1.0,"MEV Capital wETH
(MCwETH)"
0x817162975186d4d53dbf5a7377dd45376e2d2fc5,0,etherscan_top_tokens,1.0,"Wrapped REACT
(REACT)"
0x3429d03c6f7521aec737a0bbf2e5ddcef2c3ae31,0,etherscan_top_tokens,1.0,"PIXEL
(PIXEL)"
0x998f02a9e343ef6e3e6f28700d5a20f839fd74e6,0,etherscan_top_tokens,1.0,"Robinhood Markets (Ondo Tokenized)
(HOODon)"
0xec67005c4e498ec7f55e092bd1d35cbc47c91892,0,etherscan_top_tokens,1.0,"Melon Token
(MLN)"
0x4cce605ed955295432958d8951d0b176c10720d5,0,etherscan_top_tokens,1.0,"AUDD
(AUDD)"
0x123ffe0a3c62878dcbee2742227dc8990058d9e1,0,etherscan_top_tokens,1.0,"Matrixdock Silver
(XAGM)"
0x31f69de127c8a0ff10819c0955490a4ae46fcc2a,0,etherscan_top_tokens,1.0,"Imported GBYTE
(GBYTE)"
0x1204371ac0e5176f4b8c5b2f16c2bec551b6fc1a,0,etherscan_top_tokens,1.0,"Tokenized BNY High-yield Bond Fund
(HYBOND)"
0x22b48e1f20043d1db5f2a11cbf1d520a4f20b198,0,etherscan_top_tokens,1.0,"Okuru Token
(XOT)"
0xd433138d12beb9929ff6fd583dc83663eea6aaa5,0,etherscan_top_tokens,1.0,"Bitrue Coin
(BTR)"
0x3f99231dd03a9f0e7e3421c92b7b90fbe012985a,0,etherscan_top_tokens,1.0,"Startale USD
(USDSC)"
0xe2fc85bfb48c4cf147921fbe110cf92ef9f26f94,0,etherscan_top_tokens,1.0,"Staked Stream USD
(xUSD)"
0x9ac9468e7e3e1d194080827226b45d0b892c77fd,0,etherscan_top_tokens,1.0,"Yee Token
(Yee)"
0x63230728bc219d991d2995ce92e96c16fcf8beb6,0,etherscan_top_tokens,1.0,"Konnect
(KCT)"
0x0aa8a7d1fb4c64b3b1dcea9a7ade81c59c25b95b,0,etherscan_top_tokens,1.0,"AstraAI
(ASTRA)"
0x2ebd53d035150f328bd754d6dc66b99b0edb89aa,0,etherscan_top_tokens,1.0,"Metronome2
(MET)"
0xb755506531786c8ac63b756bab1ac387bacb0c04,0,etherscan_top_tokens,1.0,"ZARP Stablecoin
(ZARP)"
0xe72fe64840f4ef80e3ec73a1c749491b5c938cb9,0,etherscan_top_tokens,1.0,"Nest Treasury Vault
(nTBILL)"
0xfc60fc0145d7330e5abcfc52af7b043a1ce18e7d,0,etherscan_top_tokens,1.0,"GVNR
(GVNR)"
0x8a23c6baadb88512b30475c83df6a63881e33e1e,0,etherscan_top_tokens,1.0,"Oracle (Ondo Tokenized)
(ORCLon)"
0xf7d85ec4e7710f71992752eac2111312e73e9c9c,0,etherscan_top_tokens,1.0,"Flying Tulip USD
(ftUSD)"
0xe4babaa960ba7d37860f3fe00d7b95d3868e8edc,0,etherscan_top_tokens,1.0,"Nebius Group (Ondo Tokenized)
(NBISon)"
0xf59257e961883636290411c11ec5ae622d19455e,0,etherscan_top_tokens,1.0,"Floor
(FLOOR)"
0x772358ef6ed3e18bde1263f7d229601c5fa81875,0,etherscan_top_tokens,1.0,"SNP adverse
(SNPAD)"
0x051fb509e4a775fabd257611eea1efaed8f91359,0,etherscan_top_tokens,1.0,"CateCoin
(CATE)"
0x9e3bf4ecfc44eedd624f26656b6736a3f093b073,0,etherscan_top_tokens,1.0,"TSMC xStock
(TSMx)"
0x53ee7f58cf031ea4d897fdfcdafad124b3160689,0,etherscan_top_tokens,1.0,"Direxion Semiconductor Bull 3X xStock
(SOXLx)"
0xf09dea9375ecd3500c565973d21822f0383f1099,0,etherscan_top_tokens,1.0,"Impossible Decentralized Incubat
(IDIA)"
0xfdddb57878ef9d6f681ec4381dcb626b9e69ac86,0,etherscan_top_tokens,1.0,"TQQQ xStock
(TQQQx)"
0xe33fbe7584eb79e2673abe576b7ac8c0de62565c,0,etherscan_top_tokens,1.0,"HousePartyProtocol
(HPP)"
0xda2ffa104356688e74d9340519b8c17f00d7752e,0,etherscan_top_tokens,1.0,"Hamilton Lane SCOPE Securitize Tokenized Feeder Fund LP
(HLSCOPE)"
0x9126236476efba9ad8ab77855c60eb5bf37586eb,0,etherscan_top_tokens,1.0,"Checkmate
(CHECK)"
0xe636f94a71ec52cc61ef21787ae351ad832347b7,0,etherscan_top_tokens,1.0,"CreoEngine
(CREO)"
0x358d94b5b2f147d741088803d932acb566acb7b6,0,etherscan_top_tokens,1.0,"rSWELL
(rSWELL)"
0x5de8ab7e27f6e7a1fff3e5b337584aa43961beef,0,etherscan_top_tokens,1.0,"SmarDex Token
(SDEX)"
0x7c07f7abe10ce8e33dc6c5ad68fe033085256a84,0,etherscan_top_tokens,1.0,"Interest Compounding ETH Index
(icETH)"
0x3106a0a076bedae847652f42ef07fd58589e001f,0,etherscan_top_tokens,1.0,"Alkimi Exchange
($ADS)"
0x74a03d741226f738098c35da8188e57aca50d146,0,etherscan_top_tokens,1.0,"Coca-Cola (Ondo Tokenized)
(KOon)"
0xc770eefad204b5180df6a14ee197d99d808ee52d,0,etherscan_top_tokens,1.0,"FOX
(FOX)"
0xfe2e637202056d30016725477c5da089ab0a043a,0,etherscan_top_tokens,1.0,"StakeWise Staked ETH2
(sETH2)"
0x95af4af910c28e8ece4512bfe46f1f33687424ce,0,etherscan_top_tokens,1.0,"Manyu
(MANYU)"
0x1878805799273d10ae96a58201a6f5254cf9824f,0,etherscan_top_tokens,1.0,"Galaxy WETH Quality
(gWETHq)"
0xaa5b0fb7fa0ba99ad615cff4b7cc2106275efa54,0,etherscan_top_tokens,1.0,"PlatON LAT
(LAT)"
0xd2a530170d71a9cfe1651fb468e2b98f7ed7456b,0,etherscan_top_tokens,1.0,"Forte AUD
(AUDF)"
0x06ea695b91700071b161a434fed42d1dcbad9f00,0,etherscan_top_tokens,1.0,"Hemi Bitcoin
(hemiBTC)"
0xa4e8c3ec456107ea67d3075bf9e3df3a75823db0,0,etherscan_top_tokens,1.0,"Loom
(LOOM)"
0xcfb98637bcae43c13323eaa1731ced2b716962fd,0,etherscan_top_tokens,1.0,"NimiqNetwork
(NET)"
0xea17df5cf6d172224892b5477a16acb111182478,0,etherscan_top_tokens,1.0,"elizaOS
(elizaOS)"
0x678e840c640f619e17848045d23072844224dd37,0,etherscan_top_tokens,1.0,"Cratos
(CRTS)"
0x000000fa00b200406de700041cfc6b19bbfb4d13,0,etherscan_top_tokens,1.0,"Towns
(TOWNS)"
0x5bf1b2a808598c0ef4af1673a5457d86fe6d7b3d,0,etherscan_top_tokens,1.0,"Arm Holdings plc
(ARMon)"
0x691b126cf619707ed5d16cab1b27c000aa8de300,0,etherscan_top_tokens,1.0,"Lockheed (Ondo Tokenized)
(LMTon)"
0x5c697fee285b513711a816018dbb34dc0cfc4875,0,etherscan_top_tokens,1.0,"Minutes Network Token
(MNTx)"
0x075f23b9cdfce2cc0ca466f4ee6cb4bd29d83bef,0,etherscan_top_tokens,1.0,"Pundi AIFX Token
(PUNDIAI)"
0xb9f747162ab1e95d07361f9048bcdf6edda9eea7,0,etherscan_top_tokens,1.0,"Star Atlas (Wormhole)
(ATLAS)"
0x2c3b62cdeab213ff58ad24fe8bbdf224c7f66dce,0,etherscan_top_tokens,1.0,"MusmeCoin
(MSM)"
0x4957805230831401caad5b690aa138143b711358,0,etherscan_top_tokens,1.0,"Dorayaki
(DORA)"
0x70b790d0948a760e80bc3f892b142f7779b538b2,0,etherscan_top_tokens,1.0,"Dorayaki
(DORA)"
0x881ba05de1e78f549cc63a8f6cabb1d4ad32250d,0,etherscan_top_tokens,1.0,"00 Token
(00)"
0xe2dc070524a6e305ddb64d8513dc444b6a1ec845,0,etherscan_top_tokens,1.0,"Nash Exchange Token
(NEX)"
0x423d42e505e64f99b6e277eb7ed324cc5606f139,0,etherscan_top_tokens,1.0,"SPDR Gold Shares (Ondo Tokenized)
(GLDon)"
0xad05253a381feade280ca50bf875dc8113e8a746,0,etherscan_top_tokens,1.0,"Propbase
(PROPS)"
0xf411903cbc70a74d22900a5de66a2dda66507255,0,etherscan_top_tokens,1.0,"VERA
(VRA)"
0xc71b5f631354be6853efe9c3ab6b9590f8302e81,0,etherscan_top_tokens,1.0,"Polyhedra Network
(ZKJ)"
0x956f47f50a910163d8bf957cf5846d573e7f87ca,0,etherscan_top_tokens,1.0,"Fei USD
(FEI)"
0x5ba19d656b65f1684cfea4af428c23b9f3628f97,0,etherscan_top_tokens,1.0,"AAG
(AAG)"
0x7a250d5630b4cf539739df2c5dacb4c659f2488d,0,defi_protocol,1.0,Uniswap V2 Router
0xe592427a0aece92de3edee1f18e0157c05861564,0,defi_protocol,1.0,Uniswap V3 Router
0x68b3465833fb72a70ecdf485e0e4c7bd8665fc45,0,defi_protocol,1.0,Uniswap V3 Router 2
0xd9e1ce17f2641f24ae83637ab66a2cca9c378b9f,0,defi_protocol,1.0,Sushiswap Router
0x7d2768de32b0b80b7a3454c06bdac94a69ddc7a9,0,defi_protocol,1.0,Aave V2 Pool
0x87870bca3f3fd6335c3f4ce8392d69350b4fa4e2,0,defi_protocol,1.0,Aave V3 Pool
0x3d9819210a31b4961b30ef54be2aed79b9c9cd3b,0,defi_protocol,1.0,Compound Comptroller
0x99a58482bd75cbab83b27ec03ca68ff489b5788f,0,defi_protocol,1.0,Curve Registry
0x90e00ace148ca3b23ac1bc8c240c2a7dd9c2d7f5,0,defi_protocol,1.0,Curve Pool Proxy
0x1111111254eeb25477b68fb85ed929f73a960582,0,defi_protocol,1.0,1inch V5 Router
0xba12222222228d8ba445958a75a0704d566bf2c8,0,defi_protocol,1.0,Balancer Vault
0x9759a6ac90977b93b58547b4a71c78317f391a28,0,defi_protocol,1.0,MakerDAO DSS
0x7d1afa7b718fb893db30a3abc0cfc608aacfebb0,0,defi_protocol,1.0,MATIC Token
0xd8da6bf26964af9d7eed9e03e53415d37aa96045,0,defi_protocol,1.0,vitalik.eth
0xab5801a7d398351b8be11c439e05c5b3259aec9b,0,defi_protocol,1.0,Vitalik Buterin
0x00000000219ab540356cbb839cbe05303d7705fa,0,defi_protocol,1.0,ETH2 Deposit Contract
0xbc4ca0eda7647a8ab7c2061c2e118a18a936f13d,0,nft_project,1.0,Bored Ape Yacht Club
0xb47e3cd837ddf8e4c57f05d70ab865de6e193bbb,0,nft_project,1.0,CryptoPunks
0x60e4d786628fea6478f785a6d7e704777c86a7c6,0,nft_project,1.0,Mutant Ape Yacht Club
0xed5af388653567af2f388e6224dc7c4b3241c544,0,nft_project,1.0,Azuki
0x8a90cab2b38dba80c64b7734e58ee1db38b8992e,0,nft_project,1.0,Doodles
0x49cf6f5d44e70224e2e23fdcdd2c053f30ada28b,0,nft_project,1.0,CloneX
0x23581767a106ae21c074b2276d25e5c3e136a68b,0,nft_project,1.0,Moonbirds
0x7bd29408f11d2bfc23c34f18275bbf23bb716bc7,0,nft_project,1.0,Meebits
0xbe0eb53f46cd790cd13851d5eff43d12404d33e8,1,etherscan_phishing,1.0,
0x1da5821544e25c636c1417ba96ade4cf6d2f9b5a,1,etherscan_phishing,1.0,
0xd882cfc20f52f2599d84b8e8d58c7fb62cfe344b,1,etherscan_phishing,1.0,
0x0681d8db095565fe8a346fa0277bffde9c0edbbf,1,etherscan_phishing,1.0,
0xc61b9bb3a7a0767e3179713f3a5c7a9aedce193c,1,etherscan_phishing,1.0,
0x098b716b8aaf21512996dc57eb0615e2383e2f96,1,etherscan_phishing,1.0,
0x1e227979f0b5bc691a70deaed2e0f39a6f538fd5,1,etherscan_phishing,1.0,
0xb2930b35844a230f00e51431acae96fe543a0347,1,etherscan_phishing,1.0,
0x7ff9cfad3877f21d41da833e2f775db0569ee3d9,1,chainabuse,0.95,
0x18709e89bd403f470088abdacebe86cc60dda12e,1,chainabuse,0.95,
0x0e09fabb73bd3ade0a17ecc321fd13a19e81ce82,1,rugdoc,1.0,
0x8576acc5c05d6ce88f4e49bf65bdf0c62f91353c,1,cryptoscamdb,0.95,
0x881d40237659c251811cec9c364ef91dc08d300c,0,defi_protocol,1.0,Metamask Swap
0xc0a47dfe034b400b47bdad5fecda2621de6c4d95,0,defi_protocol,1.0,Uniswap V3 Factory
0x28c6c06298d514db089934071355e5743bf21d60,0,exchange_wallet,1.0,Binance 14
0x21a31ee1afc51d94c2efccaa2092ad1028285549,0,exchange_wallet,1.0,Binance 15
0x3f5ce5fbfe3e9af3971dd833d26ba9b5c936f0be,0,exchange_wallet,1.0,Binance 16
0xdfd5293d8e347dfe59e90efd55b2956a1343963d,0,exchange_wallet,1.0,Binance Cold
0x56eddb7aa87536c09ccc2793473599fd21a8b17f,0,exchange_wallet,1.0,Binance 17
0x9696f59e4d72e237be84ffd425dcad154bf96976,0,exchange_wallet,1.0,Binance 18
0x5a3e6a77ba2f983ec0d371ea3b475f8bc0811ad5,1,manual_research,1.0,Meerkat Finance Rug Pull
